Workbook
Name _: #N/A
Name _____________________________BRD1: #REF!
Name _____________________________BRD2: #REF!
Name _____________________________BRD3: #REF!
Name _____________________________BRD4: #REF!
Name _____________________________BRD5: #REF!
Name _____________________________BRD6: #REF!
Name _____________________________BRD7: #REF!
Name _____________________________INT1: #REF!
Name _____________________________INT2: #REF!
Name _____________________________INT3: #REF!
Name _____________________________INT4: #REF!
Name _____________________________INT5: #REF!
Name _____________________________INT6: #REF!
Name _____________________________INT7: #REF!
Name _____________________________LIC1: #REF!
Name _____________________________LIC2: #REF!
Name _____________________________LIC3: #REF!
Name _____________________________LIC4: #REF!
Name _____________________________LIC5: #REF!
Name _____________________________LIC6: #REF!
Name _____________________________LIC7: #REF!
Name _____________________________PG1: #REF!
Name _____________________________PG11: #REF!
Name _____________________________PG13: #REF!
Name _____________________________PG17: #REF!
Name _____________________________PG2: #REF!
Name _____________________________PG3: #REF!
Name _____________________________PG4: #REF!
Name _____________________________PG5: #REF!
Name _____________________________PG6: #REF!
Name _____________________________PG7: #REF!
Name _____________________________PG9: #REF!
Name _____________________________SUM25: #REF!
Name ____________________________BRD1: #REF!
Name ____________________________BRD2: #REF!
Name ____________________________BRD3: #REF!
Name ____________________________BRD4: #REF!
Name ____________________________BRD5: #REF!
Name ____________________________BRD6: #REF!
Name ____________________________BRD7: #REF!
Name ____________________________INT1: #REF!
Name ____________________________INT2: #REF!
Name ____________________________INT3: #REF!
Name ____________________________INT4: #REF!
Name ____________________________INT5: #REF!
Name ____________________________INT6: #REF!
Name ____________________________INT7: #REF!
Name ____________________________LIC1: #REF!
Name ____________________________LIC2: #REF!
Name ____________________________LIC3: #REF!
Name ____________________________LIC4: #REF!
Name ____________________________LIC5: #REF!
Name ____________________________LIC6: #REF!
Name ____________________________LIC7: #REF!
Name ____________________________PG1: #REF!
Name ____________________________PG11: #REF!
Name ____________________________PG13: #REF!
Name ____________________________PG17: #REF!
Name ____________________________PG2: #REF!

Sheet 요약(보고)
A1: 26년 CMO 매출 예상실적
Y2: 2026.03.26
A3: ■ 2분기 매출 | F3: 2분기
F4: 1분기 | J4: 4월 | N4: 5월 | R4: 6월 | Y4: 단위 : 억원
A5: 구분 | D5: 25년 실적 | E5: 26년 목표 | F5: 26년 1분기 | J5: 2분기 | V5: 2분기 소계 | Z5: 2분기 누계
J6: 4월 | N6: 5월 | R6: 6월
F7: 25년 실적 | G7: 사업 계획 | H7: 실적 | I7: 차이 | J7: 25년 실적 | K7: 사업 계획 | L7: 실적 | M7: 차이 | N7: 25년 실적 | O7: 사업 계획 | P7: 실적 | Q7: 차이 | R7: 25년 실적 | S7: 사업 계획 | T7: 실적 | U7: 차이 | V7: 25년 실적 | W7: 사업 계획 | X7: 실적 | Y7: 차이 | Z7: 25년 실적 | AA7: 사업 계획 | AB7: 실적 | AC7: 차이
B8: CMO 합계 | D8: =SUM(D15,D12,D9) -> 1392.7058 | E8: =AA8 -> 695.9094 | F8: 275.49898 | G8: 313.38771 | H8: 336.29575 | I8: 22.908034 | J8: =J9+J12+J15 -> 94.002954 | K8: =K9+K12+K15 -> 106.71881 | L8: =L9+L12+L15 -> 106.71881 | M8: =L8-K8 -> 0 | N8: =N9+N12+N15 -> 107.35319 | O8: =O9+O12+O15 -> 162.4121 | P8: =P9+P12+P15 -> 162.4121 | Q8: =P8-O8 -> 0 | R8: =R9+R12+R15 -> 122.55739 | S8: =S9+S12+S15 -> 113.39078 | T8: =T9+T12+T15 -> 113.39078 | U8: =T8-S8 -> 0 | V8: =V9+V12+V15 -> 323.91353 | W8: =W9+W12+W15 -> 382.52169 | X8: =X9+X12+X15 -> 382.52169 | Y8: =X8-W8 -> 0 | Z8: =F8+V8 -> 599.41252 | AA8: =G8+W8 -> 695.9094 | AB8: =H8+X8 -> 718.81744 | AC8: =I8+Y8 -> 22.908034 | AE8: 24년
B9: 케미컬 상업 | D9: =SUM(D10:D11) -> 152.99419 | E9: =AA9 -> 58.863894 | F9: 17.979459 | G9: 25.134453 | H9: 27.58882 | I9: 2.4543664 | J9: =SUM(J10:J11) -> 6.0472936 | K9: =SUM(K10:K11) -> 12.331896 | L9: =SUM(L10:L11) -> 12.331896 | M9: =SUM(M10:M11) -> 0 | N9: =SUM(N10:N11) -> 17.855413 | O9: =SUM(O10:O11) -> 18.142962 | P9: =SUM(P10:P11) -> 18.142962 | Q9: =SUM(Q10:Q11) -> 0 | ... Y9: =SUM(Y10:Y11) -> 0 | Z9: =F9+V9 -> 53.839441 | AA9: =G9+W9 -> 58.863894 | AB9: =H9+X9 -> 61.31826 | AC9: =I9+Y9 -> 2.4543664 | AE9: 25년
C10: 내재화 | D10: 152.99419 | E10: =AA10 -> 57.841204 | F10: 17.979459 | G10: 24.623108 | H10: 27.58882 | I10: 2.9657114 | J10: =SUMIFS('상세 자료 작성'!$I:$I,'상세 자료 작성'!$C:$C,'요약(보고)'!$C10,'상세 자료 작성'!$A:$A,'요약(보고)'!$AE$9,'상세 자료 작성'!$D:$D,$J$4)/10^8 -> 6.0472936 | K10: =SUMIFS('상세 자료 작성'!$J:$J,'상세 자료 작성'!$C:$C,'요약(보고)'!$C10,'상세 자료 작성'!$A:$A,$AE$11,'상세 자료 작성'!$D:$D,'요약(보고)'!$J$4)/10^8 -> 12.161448 | L10: =SUMIFS('상세 자료 작성'!$K:$K,'상세 자료 작성'!$C:$C,'요약(보고)'!$C10,'상세 자료 작성'!$A:$A,$AE$11,'상세 자료 작성'!$D:$D,$J$4)/10^8 -> 12.161448 | M10: =L10-K10 -> 0 | N10: =SUMIFS('상세 자료 작성'!$I:$I,'상세 자료 작성'!$C:$C,'요약(보고)'!$C10,'상세 자료 작성'!$A:$A,'요약(보고)'!$AE$9,'상세 자료 작성'!$D:$D,$N$4)/10^8 -> 17.855413 | O10: =SUMIFS('상세 자료 작성'!$J:$J,'상세 자료 작성'!$C:$C,'요약(보고)'!$C10,'상세 자료 작성'!$A:$A,$AE$11,'상세 자료 작성'!$D:$D,$N$4)/10^8 -> 17.972514 | P10: =SUMIFS('상세 자료 작성'!$K:$K,'상세 자료 작성'!$C:$C,'요약(보고)'!$C10,'상세 자료 작성'!$A:$A,$AE$11,'상세 자료 작성'!$D:$D,$N$4)/10^8 -> 17.972514 | Q10: =P10-O10 -> 0 | R10: =SUMIFS('상세 자료 작성'!$I:$I,'상세 자료 작성'!$C:$C,'요약(보고)'!$C10,'상세 자료 작성'!$A:$A,'요약(보고)'!$AE$9,'상세 자료 작성'!$D:$D,$R$4)/10^8 -> 11.957274 | S10: =SUMIFS('상세 자료 작성'!$J:$J,'상세 자료 작성'!$C:$C,'요약(보고)'!$C10,'상세 자료 작성'!$A:$A,$AE$11,'상세 자료 작성'!$D:$D,$R$4)/10^8 -> 3.0841335 | T10: =SUMIFS('상세 자료 작성'!$K:$K,'상세 자료 작성'!$C:$C,'요약(보고)'!$C10,'상세 자료 작성'!$A:$A,$AE$11,'상세 자료 작성'!$D:$D,$R$4)/10^8 -> 3.0841335 | U10: =T10-S10 -> 0 | V10: =R10+J10+N10 -> 35.859981 | W10: =S10+K10+O10 -> 33.218096 | X10: =T10+L10+P10 -> 33.218096 | Y10: =X10-W10 -> 0 | Z10: =F10+V10 -> 53.839441 | AA10: =G10+W10 -> 57.841204 | AB10: =H10+X10 -> 60.806915 | AC10: =I10+Y10 -> 2.9657114
C11: 기타(위임형 등) | D11: 0 | E11: =AA11 -> 1.02269 | F11: 0 | G11: 0.511345 | H11: 0 | I11: -0.511345 | J11: =SUMIFS('상세 자료 작성'!$I:$I,'상세 자료 작성'!$C:$C,'요약(보고)'!$C11,'상세 자료 작성'!$A:$A,'요약(보고)'!$AE$9,'상세 자료 작성'!$D:$D,$J$4)/10^8 -> 0 | K11: =SUMIFS('상세 자료 작성'!$J:$J,'상세 자료 작성'!$C:$C,'요약(보고)'!$C11,'상세 자료 작성'!$A:$A,$AE$11,'상세 자료 작성'!$D:$D,'요약(보고)'!$J$4)/10^8 -> 0.17044833 | L11: =SUMIFS('상세 자료 작성'!$K:$K,'상세 자료 작성'!$C:$C,'요약(보고)'!$C11,'상세 자료 작성'!$A:$A,$AE$11,'상세 자료 작성'!$D:$D,$J$4)/10^8 -> 0.17044833 | M11: =L11-K11 -> 0 | N11: =SUMIFS('상세 자료 작성'!$I:$I,'상세 자료 작성'!$C:$C,'요약(보고)'!$C11,'상세 자료 작성'!$A:$A,'요약(보고)'!$AE$9,'상세 자료 작성'!$D:$D,$N$4)/10^8 -> 0 | O11: =SUMIFS('상세 자료 작성'!$J:$J,'상세 자료 작성'!$C:$C,'요약(보고)'!$C11,'상세 자료 작성'!$A:$A,$AE$11,'상세 자료 작성'!$D:$D,$N$4)/10^8 -> 0.17044833 | P11: =SUMIFS('상세 자료 작성'!$K:$K,'상세 자료 작성'!$C:$C,'요약(보고)'!$C11,'상세 자료 작성'!$A:$A,$AE$11,'상세 자료 작성'!$D:$D,$N$4)/10^8 -> 0.17044833 | Q11: =P11-O11 -> 0 | R11: =SUMIFS('상세 자료 작성'!$I:$I,'상세 자료 작성'!$C:$C,'요약(보고)'!$C11,'상세 자료 작성'!$A:$A,'요약(보고)'!$AE$9,'상세 자료 작성'!$D:$D,$R$4)/10^8 -> 0 | S11: =SUMIFS('상세 자료 작성'!$J:$J,'상세 자료 작성'!$C:$C,'요약(보고)'!$C11,'상세 자료 작성'!$A:$A,$AE$11,'상세 자료 작성'!$D:$D,$R$4)/10^8 -> 0.17044833 | T11: =SUMIFS('상세 자료 작성'!$K:$K,'상세 자료 작성'!$C:$C,'요약(보고)'!$C11,'상세 자료 작성'!$A:$A,$AE$11,'상세 자료 작성'!$D:$D,$R$4)/10^8 -> 0.17044833 | U11: =T11-S11 -> 0 | V11: =R11+J11+N11 -> 0 | W11: =S11+K11+O11 -> 0.511345 | X11: =T11+L11+P11 -> 0.511345 | Y11: =X11-W11 -> 0 | Z11: =F11+V11 -> 0 | AA11: =G11+W11 -> 1.02269 | AB11: =H11+X11 -> 0.511345 | AC11: =I11+Y11 -> -0.511345 | AE11: 26년
B12: 바이오 상업 | D12: =SUM(D13:D14) -> 1088.9227 | E12: =AA12 -> 525.25501 | F12: 203.6367 | G12: 246.45126 | H12: 268.65375 | I12: 22.202486 | J12: =SUM(J13:J14) -> 87.102624 | K12: =SUM(K13:K14) -> 83.548162 | L12: =SUM(L13:L14) -> 83.548162 | M12: =SUM(M13:M14) -> 0 | N12: =SUM(N13:N14) -> 61.024993 | O12: =SUM(O13:O14) -> 106.37289 | P12: =SUM(P13:P14) -> 106.37289 | Q12: =SUM(Q13:Q14) -> 0 | ... Y12: =SUM(Y13:Y14) -> 0 | Z12: =F12+V12 -> 452.14618 | AA12: =G12+W12 -> 525.25501 | AB12: =H12+X12 -> 547.45749 | AC12: =I12+Y12 -> 22.202486
C13: PFS | D13: 1041.7819 | E13: =AA13 -> 504.99231 | F13: 189.04806 | G13: 238.39926 | H13: 259.1118 | I13: 20.712539 | J13: =SUMIFS('상세 자료 작성'!$I:$I,'상세 자료 작성'!$C:$C,'요약(보고)'!$C13,'상세 자료 작성'!$A:$A,'요약(보고)'!$AE$9,'상세 자료 작성'!$D:$D,$J$4)/10^8 -> 80.069775 | K13: =SUMIFS('상세 자료 작성'!$J:$J,'상세 자료 작성'!$C:$C,'요약(보고)'!$C13,'상세 자료 작성'!$A:$A,$AE$11,'상세 자료 작성'!$D:$D,'요약(보고)'!$J$4)/10^8 -> 79.349504 | L13: =SUMIFS('상세 자료 작성'!$K:$K,'상세 자료 작성'!$C:$C,'요약(보고)'!$C13,'상세 자료 작성'!$A:$A,$AE$11,'상세 자료 작성'!$D:$D,$J$4)/10^8 -> 79.349504 | M13: =L13-K13 -> 0 | N13: =SUMIFS('상세 자료 작성'!$I:$I,'상세 자료 작성'!$C:$C,'요약(보고)'!$C13,'상세 자료 작성'!$A:$A,'요약(보고)'!$AE$9,'상세 자료 작성'!$D:$D,$N$4)/10^8 -> 56.971188 | O13: =SUMIFS('상세 자료 작성'!$J:$J,'상세 자료 작성'!$C:$C,'요약(보고)'!$C13,'상세 자료 작성'!$A:$A,$AE$11,'상세 자료 작성'!$D:$D,$N$4)/10^8 -> 101.581 | P13: =SUMIFS('상세 자료 작성'!$K:$K,'상세 자료 작성'!$C:$C,'요약(보고)'!$C13,'상세 자료 작성'!$A:$A,$AE$11,'상세 자료 작성'!$D:$D,$N$4)/10^8 -> 101.581 | Q13: =P13-O13 -> 0 | R13: =SUMIFS('상세 자료 작성'!$I:$I,'상세 자료 작성'!$C:$C,'요약(보고)'!$C13,'상세 자료 작성'!$A:$A,'요약(보고)'!$AE$9,'상세 자료 작성'!$D:$D,$R$4)/10^8 -> 95.072609 | S13: =SUMIFS('상세 자료 작성'!$J:$J,'상세 자료 작성'!$C:$C,'요약(보고)'!$C13,'상세 자료 작성'!$A:$A,$AE$11,'상세 자료 작성'!$D:$D,$R$4)/10^8 -> 85.662553 | T13: =SUMIFS('상세 자료 작성'!$K:$K,'상세 자료 작성'!$C:$C,'요약(보고)'!$C13,'상세 자료 작성'!$A:$A,$AE$11,'상세 자료 작성'!$D:$D,$R$4)/10^8 -> 85.662553 | U13: =T13-S13 -> 0 | V13: =R13+J13+N13 -> 232.11357 | W13: =S13+K13+O13 -> 266.59305 | X13: =T13+L13+P13 -> 266.59305 | Y13: =X13-W13 -> 0 | Z13: =F13+V13 -> 421.16163 | AA13: =G13+W13 -> 504.99231 | AB13: =H13+X13 -> 525.70485 | AC13: =I13+Y13 -> 20.712539
C14: L&P | D14: 47.140793 | E14: =AA14 -> 20.262697 | F14: 14.588646 | G14: 8.0520014 | H14: 9.5419484 | I14: 1.489947 | J14: =SUMIFS('상세 자료 작성'!$I:$I,'상세 자료 작성'!$C:$C,'요약(보고)'!$C14,'상세 자료 작성'!$A:$A,'요약(보고)'!$AE$9,'상세 자료 작성'!$D:$D,$J$4)/10^8 -> 7.0328488 | K14: =SUMIFS('상세 자료 작성'!$J:$J,'상세 자료 작성'!$C:$C,'요약(보고)'!$C14,'상세 자료 작성'!$A:$A,$AE$11,'상세 자료 작성'!$D:$D,'요약(보고)'!$J$4)/10^8 -> 4.198658 | L14: =SUMIFS('상세 자료 작성'!$K:$K,'상세 자료 작성'!$C:$C,'요약(보고)'!$C14,'상세 자료 작성'!$A:$A,$AE$11,'상세 자료 작성'!$D:$D,$J$4)/10^8 -> 4.198658 | M14: =L14-K14 -> 0 | N14: =SUMIFS('상세 자료 작성'!$I:$I,'상세 자료 작성'!$C:$C,'요약(보고)'!$C14,'상세 자료 작성'!$A:$A,'요약(보고)'!$AE$9,'상세 자료 작성'!$D:$D,$N$4)/10^8 -> 4.053805 | O14: =SUMIFS('상세 자료 작성'!$J:$J,'상세 자료 작성'!$C:$C,'요약(보고)'!$C14,'상세 자료 작성'!$A:$A,$AE$11,'상세 자료 작성'!$D:$D,$N$4)/10^8 -> 4.7918944 | P14: =SUMIFS('상세 자료 작성'!$K:$K,'상세 자료 작성'!$C:$C,'요약(보고)'!$C14,'상세 자료 작성'!$A:$A,$AE$11,'상세 자료 작성'!$D:$D,$N$4)/10^8 -> 4.7918944 | Q14: =P14-O14 -> 0 | R14: =SUMIFS('상세 자료 작성'!$I:$I,'상세 자료 작성'!$C:$C,'요약(보고)'!$C14,'상세 자료 작성'!$A:$A,'요약(보고)'!$AE$9,'상세 자료 작성'!$D:$D,$R$4)/10^8 -> 5.30925 | S14: =SUMIFS('상세 자료 작성'!$J:$J,'상세 자료 작성'!$C:$C,'요약(보고)'!$C14,'상세 자료 작성'!$A:$A,$AE$11,'상세 자료 작성'!$D:$D,$R$4)/10^8 -> 3.2201436 | T14: =SUMIFS('상세 자료 작성'!$K:$K,'상세 자료 작성'!$C:$C,'요약(보고)'!$C14,'상세 자료 작성'!$A:$A,$AE$11,'상세 자료 작성'!$D:$D,$R$4)/10^8 -> 3.2201436 | U14: =T14-S14 -> 0 | V14: =R14+J14+N14 -> 16.395904 | W14: =S14+K14+O14 -> 12.210696 | X14: =T14+L14+P14 -> 12.210696 | Y14: =X14-W14 -> 0 | Z14: =F14+V14 -> 30.98455 | AA14: =G14+W14 -> 20.262697 | AB14: =H14+X14 -> 21.752644 | AC14: =I14+Y14 -> 1.489947
B15: 개발 용역 | D15: =SUM(D16:D19) -> 150.78896 | E15: =AA15 -> 111.7905 | F15: 53.882818 | G15: 41.802 | H15: 40.053182 | I15: -1.7488176 | J15: =SUM(J16:J19) -> 0.85303671 | K15: =SUM(K16:K19) -> 10.83875 | L15: =SUM(L16:L19) -> 10.83875 | M15: =SUM(M16:M19) -> 0 | N15: =SUM(N16:N19) -> 28.472787 | O15: =SUM(O16:O19) -> 37.89625 | P15: =SUM(P16:P19) -> 37.89625 | Q15: =SUM(Q16:Q19) -> 0 | ... Y15: =SUM(Y16:Y19) -> 0 | Z15: =F15+V15 -> 93.426895 | AA15: =G15+W15 -> 111.7905 | AB15: =H15+X15 -> 110.04168 | AC15: =I15+Y15 -> -1.7488176
C16: PFS 개발 | D16: 116.21935 | E16: =AA16 -> 99.3605 | F16: 42.27486 | G16: 35.327 | H16: 34.321651 | I16: -1.0053493 | J16: =SUMIFS('상세 자료 작성'!$I:$I,'상세 자료 작성'!$C:$C,'요약(보고)'!$C16,'상세 자료 작성'!$A:$A,'요약(보고)'!$AE$9,'상세 자료 작성'!$D:$D,$J$4)/10^8 -> 0.44295337 | K16: =SUMIFS('상세 자료 작성'!$J:$J,'상세 자료 작성'!$C:$C,'요약(보고)'!$C16,'상세 자료 작성'!$A:$A,$AE$11,'상세 자료 작성'!$D:$D,'요약(보고)'!$J$4)/10^8 -> 8.34 | L16: =SUMIFS('상세 자료 작성'!$K:$K,'상세 자료 작성'!$C:$C,'요약(보고)'!$C16,'상세 자료 작성'!$A:$A,$AE$11,'상세 자료 작성'!$D:$D,$J$4)/10^8 -> 8.34 | M16: =L16-K16 -> 0 | N16: =SUMIFS('상세 자료 작성'!$I:$I,'상세 자료 작성'!$C:$C,'요약(보고)'!$C16,'상세 자료 작성'!$A:$A,'요약(보고)'!$AE$9,'상세 자료 작성'!$D:$D,$N$4)/10^8 -> 25.766953 | O16: =SUMIFS('상세 자료 작성'!$J:$J,'상세 자료 작성'!$C:$C,'요약(보고)'!$C16,'상세 자료 작성'!$A:$A,$AE$11,'상세 자료 작성'!$D:$D,$N$4)/10^8 -> 36.1775 | P16: =SUMIFS('상세 자료 작성'!$K:$K,'상세 자료 작성'!$C:$C,'요약(보고)'!$C16,'상세 자료 작성'!$A:$A,$AE$11,'상세 자료 작성'!$D:$D,$N$4)/10^8 -> 36.1775 | Q16: =P16-O16 -> 0 | R16: =SUMIFS('상세 자료 작성'!$I:$I,'상세 자료 작성'!$C:$C,'요약(보고)'!$C16,'상세 자료 작성'!$A:$A,'요약(보고)'!$AE$9,'상세 자료 작성'!$D:$D,$R$4)/10^8 -> 6.7929534 | S16: =SUMIFS('상세 자료 작성'!$J:$J,'상세 자료 작성'!$C:$C,'요약(보고)'!$C16,'상세 자료 작성'!$A:$A,$AE$11,'상세 자료 작성'!$D:$D,$R$4)/10^8 -> 19.516 | T16: =SUMIFS('상세 자료 작성'!$K:$K,'상세 자료 작성'!$C:$C,'요약(보고)'!$C16,'상세 자료 작성'!$A:$A,$AE$11,'상세 자료 작성'!$D:$D,$R$4)/10^8 -> 19.516 | U16: =T16-S16 -> 0 | V16: =R16+J16+N16 -> 33.00286 | W16: =S16+K16+O16 -> 64.0335 | X16: =T16+L16+P16 -> 64.0335 | Y16: =X16-W16 -> 0 | Z16: =F16+V16 -> 75.27772 | AA16: =G16+W16 -> 99.3605 | AB16: =H16+X16 -> 98.355151 | AC16: =I16+Y16 -> -1.0053493
C17: LCM | D17: 14.12375 | E17: =AA17 -> 7.27375 | F17: 3.66 | G17: 1.7875 | H17: 0 | I17: -1.7875 | J17: =SUMIFS('상세 자료 작성'!$I:$I,'상세 자료 작성'!$C:$C,'요약(보고)'!$C17,'상세 자료 작성'!$A:$A,'요약(보고)'!$AE$9,'상세 자료 작성'!$D:$D,$J$4)/10^8 -> 0 | K17: =SUMIFS('상세 자료 작성'!$J:$J,'상세 자료 작성'!$C:$C,'요약(보고)'!$C17,'상세 자료 작성'!$A:$A,$AE$11,'상세 자료 작성'!$D:$D,'요약(보고)'!$J$4)/10^8 -> 2.03 | L17: =SUMIFS('상세 자료 작성'!$K:$K,'상세 자료 작성'!$C:$C,'요약(보고)'!$C17,'상세 자료 작성'!$A:$A,$AE$11,'상세 자료 작성'!$D:$D,$J$4)/10^8 -> 2.03 | M17: =L17-K17 -> 0 | N17: =SUMIFS('상세 자료 작성'!$I:$I,'상세 자료 작성'!$C:$C,'요약(보고)'!$C17,'상세 자료 작성'!$A:$A,'요약(보고)'!$AE$9,'상세 자료 작성'!$D:$D,$N$4)/10^8 -> 0 | O17: =SUMIFS('상세 자료 작성'!$J:$J,'상세 자료 작성'!$C:$C,'요약(보고)'!$C17,'상세 자료 작성'!$A:$A,$AE$11,'상세 자료 작성'!$D:$D,$N$4)/10^8 -> 1.71875 | P17: =SUMIFS('상세 자료 작성'!$K:$K,'상세 자료 작성'!$C:$C,'요약(보고)'!$C17,'상세 자료 작성'!$A:$A,$AE$11,'상세 자료 작성'!$D:$D,$N$4)/10^8 -> 1.71875 | Q17: =P17-O17 -> 0 | R17: =SUMIFS('상세 자료 작성'!$I:$I,'상세 자료 작성'!$C:$C,'요약(보고)'!$C17,'상세 자료 작성'!$A:$A,'요약(보고)'!$AE$9,'상세 자료 작성'!$D:$D,$R$4)/10^8 -> 2.09 | S17: =SUMIFS('상세 자료 작성'!$J:$J,'상세 자료 작성'!$C:$C,'요약(보고)'!$C17,'상세 자료 작성'!$A:$A,$AE$11,'상세 자료 작성'!$D:$D,$R$4)/10^8 -> 1.7375 | T17: =SUMIFS('상세 자료 작성'!$K:$K,'상세 자료 작성'!$C:$C,'요약(보고)'!$C17,'상세 자료 작성'!$A:$A,$AE$11,'상세 자료 작성'!$D:$D,$R$4)/10^8 -> 1.7375 | U17: =T17-S17 -> 0 | V17: =R17+J17+N17 -> 2.09 | W17: =S17+K17+O17 -> 5.48625 | X17: =T17+L17+P17 -> 5.48625 | Y17: =X17-W17 -> 0 | Z17: =F17+V17 -> 5.75 | AA17: =G17+W17 -> 7.27375 | AB17: =H17+X17 -> 5.48625 | AC17: =I17+Y17 -> -1.7875
C18: 내재화 개발 | D18: 13.015667 | E18: =AA18 -> 5.15625 | F18: 5.2999167 | G18: 4.6875 | H18: 4.9429167 | I18: 0.25541668 | J18: =SUMIFS('상세 자료 작성'!$I:$I,'상세 자료 작성'!$C:$C,'요약(보고)'!$C18,'상세 자료 작성'!$A:$A,'요약(보고)'!$AE$9,'상세 자료 작성'!$D:$D,$J$4)/10^8 -> 0.41008334 | K18: =SUMIFS('상세 자료 작성'!$J:$J,'상세 자료 작성'!$C:$C,'요약(보고)'!$C18,'상세 자료 작성'!$A:$A,$AE$11,'상세 자료 작성'!$D:$D,'요약(보고)'!$J$4)/10^8 -> 0.46875 | L18: =SUMIFS('상세 자료 작성'!$K:$K,'상세 자료 작성'!$C:$C,'요약(보고)'!$C18,'상세 자료 작성'!$A:$A,$AE$11,'상세 자료 작성'!$D:$D,$J$4)/10^8 -> 0.46875 | M18: =L18-K18 -> 0 | N18: =SUMIFS('상세 자료 작성'!$I:$I,'상세 자료 작성'!$C:$C,'요약(보고)'!$C18,'상세 자료 작성'!$A:$A,'요약(보고)'!$AE$9,'상세 자료 작성'!$D:$D,$N$4)/10^8 -> 2.7058333 | O18: =SUMIFS('상세 자료 작성'!$J:$J,'상세 자료 작성'!$C:$C,'요약(보고)'!$C18,'상세 자료 작성'!$A:$A,$AE$11,'상세 자료 작성'!$D:$D,$N$4)/10^8 -> 0 | P18: =SUMIFS('상세 자료 작성'!$K:$K,'상세 자료 작성'!$C:$C,'요약(보고)'!$C18,'상세 자료 작성'!$A:$A,$AE$11,'상세 자료 작성'!$D:$D,$N$4)/10^8 -> 0 | Q18: =P18-O18 -> 0 | R18: =SUMIFS('상세 자료 작성'!$I:$I,'상세 자료 작성'!$C:$C,'요약(보고)'!$C18,'상세 자료 작성'!$A:$A,'요약(보고)'!$AE$9,'상세 자료 작성'!$D:$D,$R$4)/10^8 -> 0.36208334 | S18: =SUMIFS('상세 자료 작성'!$J:$J,'상세 자료 작성'!$C:$C,'요약(보고)'!$C18,'상세 자료 작성'!$A:$A,$AE$11,'상세 자료 작성'!$D:$D,$R$4)/10^8 -> 0 | T18: =SUMIFS('상세 자료 작성'!$K:$K,'상세 자료 작성'!$C:$C,'요약(보고)'!$C18,'상세 자료 작성'!$A:$A,$AE$11,'상세 자료 작성'!$D:$D,$R$4)/10^8 -> 0 | U18: =T18-S18 -> 0 | V18: =R18+J18+N18 -> 3.478 | W18: =S18+K18+O18 -> 0.46875 | X18: =T18+L18+P18 -> 0.46875 | Y18: =X18-W18 -> 0 | Z18: =F18+V18 -> 8.7779167 | AA18: =G18+W18 -> 5.15625 | AB18: =H18+X18 -> 5.4116667 | AC18: =I18+Y18 -> 0.25541668
C19: 기타(QA위임등)* | D19: 7.4302005 | E19: =AA19 -> 0 | F19: 2.6480417 | G19: 0 | H19: 0.78861501 | I19: 0.78861501 | J19: =SUMIFS('상세 자료 작성'!$I:$I,'상세 자료 작성'!$C:$C,'요약(보고)'!$C19,'상세 자료 작성'!$A:$A,'요약(보고)'!$AE$9,'상세 자료 작성'!$D:$D,$J$4)/10^8 -> 0 | K19: =SUMIFS('상세 자료 작성'!$J:$J,'상세 자료 작성'!$C:$C,'요약(보고)'!$C19,'상세 자료 작성'!$A:$A,$AE$11,'상세 자료 작성'!$D:$D,'요약(보고)'!$J$4)/10^8 -> 0 | L19: =SUMIFS('상세 자료 작성'!$K:$K,'상세 자료 작성'!$C:$C,'요약(보고)'!$C19,'상세 자료 작성'!$A:$A,$AE$11,'상세 자료 작성'!$D:$D,$J$4)/10^8 -> 0 | M19: =L19-K19 -> 0 | N19: =SUMIFS('상세 자료 작성'!$I:$I,'상세 자료 작성'!$C:$C,'요약(보고)'!$C19,'상세 자료 작성'!$A:$A,'요약(보고)'!$AE$9,'상세 자료 작성'!$D:$D,$N$4)/10^8 -> 0 | O19: =SUMIFS('상세 자료 작성'!$J:$J,'상세 자료 작성'!$C:$C,'요약(보고)'!$C19,'상세 자료 작성'!$A:$A,$AE$11,'상세 자료 작성'!$D:$D,$N$4)/10^8 -> 0 | P19: =SUMIFS('상세 자료 작성'!$K:$K,'상세 자료 작성'!$C:$C,'요약(보고)'!$C19,'상세 자료 작성'!$A:$A,$AE$11,'상세 자료 작성'!$D:$D,$N$4)/10^8 -> 0 | Q19: =P19-O19 -> 0 | R19: =SUMIFS('상세 자료 작성'!$I:$I,'상세 자료 작성'!$C:$C,'요약(보고)'!$C19,'상세 자료 작성'!$A:$A,'요약(보고)'!$AE$9,'상세 자료 작성'!$D:$D,$R$4)/10^8 -> 0.973216 | S19: =SUMIFS('상세 자료 작성'!$J:$J,'상세 자료 작성'!$C:$C,'요약(보고)'!$C19,'상세 자료 작성'!$A:$A,$AE$11,'상세 자료 작성'!$D:$D,$R$4)/10^8 -> 0 | T19: =SUMIFS('상세 자료 작성'!$K:$K,'상세 자료 작성'!$C:$C,'요약(보고)'!$C19,'상세 자료 작성'!$A:$A,$AE$11,'상세 자료 작성'!$D:$D,$R$4)/10^8 -> 0 | U19: =T19-S19 -> 0 | V19: =R19+J19+N19 -> 0.973216 | W19: =S19+K19+O19 -> 0 | X19: =T19+L19+P19 -> 0 | Y19: =X19-W19 -> 0 | Z19: =F19+V19 -> 3.6212577 | AA19: =G19+W19 -> 0 | AB19: =H19+X19 -> 0.78861501 | AC19: =I19+Y19 -> 0.78861501
B20: 국내영업 | D20: =SUM(D21:D23) -> 0 | E20: =SUM(E21:E23) -> 3392.2517 | F20: =SUM(F21:F23) -> 0 | G20: =SUM(G21:G23) -> 672.24237 | H20: =SUM(H21:H23) -> 672.24237 | I20: =SUM(I21:I23) -> 0 | J20: =SUM(J21:J23) -> 0 | K20: =SUM(K21:K23) -> 236.81199 | ... Q20: =SUM(Q21:Q23) -> 0 | R20: ='상세 자료 작성'!I39 -> 9532347466 | S20: =SUM(S21:S23) -> 364.64057 | T20: =SUM(T21:T23) -> 364.64057 | U20: =SUM(U21:U23) -> 0 | V20: =SUM(V21:V23) -> 0 | W20: =SUM(W21:W23) -> 882.06849 | X20: =SUM(X21:X23) -> 882.06849 | Y20: =SUM(Y21:Y23) -> 0
C21: 케미컬 | D21: 0 | E21: 1869.8805 | F21: 0 | G21: 404.56184 | H21: 404.56184 | I21: =H21-G21 -> 0 | J21: 0 | K21: 157.15481 | L21: 157.15481 | M21: =L21-K21 -> 0 | N21: 0 | O21: 170.53756 | P21: 170.53756 | Q21: =P21-O21 -> 0 | R21: ='상세 자료 작성'!I40 -> 26963794201 | S21: 194.32657 | T21: 194.32657 | U21: =T21-S21 -> 0 | V21: 0 | W21: =K21+O21+S21 -> 522.01894 | X21: =L21+P21+T21 -> 522.01894 | Y21: =X21-W21 -> 0
C22: 바이오 | D22: 0 | E22: 1000 | F22: 0 | G22: 214.70497 | H22: 214.70497 | I22: =H22-G22 -> 0 | J22: 0 | K22: 57.938842 | L22: 57.938842 | M22: =L22-K22 -> 0 | N22: 0 | O22: 86.908263 | P22: 86.908263 | Q22: =P22-O22 -> 0 | R22: ='상세 자료 작성'!I41 -> 1151454672 | S22: 144.97406 | T22: 144.97406 | U22: =T22-S22 -> 0 | V22: 0 | W22: =K22+O22+S22 -> 289.82116 | X22: =L22+P22+T22 -> 289.82116 | Y22: =X22-W22 -> 0
C23: APAC | D23: 0 | E23: 522.37127 | F23: 0 | G23: 52.975551 | H23: 52.975551 | I23: =H23-G23 -> 0 | J23: 0 | K23: 21.718335 | L23: 21.718335 | M23: =L23-K23 -> 0 | N23: 0 | O23: 23.17011 | P23: 23.17011 | Q23: =P23-O23 -> 0 | R23: ='상세 자료 작성'!I42 -> 0 | S23: 25.339943 | T23: 25.339943 | U23: =T23-S23 -> 0 | V23: 0 | W23: =K23+O23+S23 -> 70.228388 | X23: =L23+P23+T23 -> 70.228388 | Y23: =X23-W23 -> 0
B24: *기타 : 약물감시, IIT 용역 추가 반영
B26: 1) 2분기 매출 변동사항 | F26: 3월 | W26: * : 매출 미반영
B27: 구분 | E27: 계획 | G27: 실질 롤링 | I27: 사업계획 대비 | K27: 변경사유 / 특이사항
B28: 케미컬 상업 | E28: =W9 -> 33.729441 | G28: =X9 -> 33.729441 | I28: =G28-E28 -> 0 | K28: - 4월 이달비클로정40/12.5mg 28T TH향 수율반영(+3억)
B29: 바이오상업 | E29: =W12 -> 278.80375 | G29: =X12 -> 278.80375 | I29: =G29-E29 -> 0
C30: PFS | E30: =W13 -> 266.59305 | G30: =X13 -> 266.59305 | I30: =G30-E30 -> 0 | K30: - 상반기 충전 개발/평가일정 23일 감소(+47억원, 1백만 시린지 추가 생산) -> 4월 8억, 5월 14억, 6월 26억 증가 영향 - 상반기 조립 개발/평가일정 10일 감소(+58억원, 0.3백만 시린지 추가 생산) -> 4월 7억, 5월 16억, 6월 35억 증가 영향
C31: L&P | E31: =W14 -> 12.210696 | G31: =X14 -> 12.210696 | I31: =G31-E31 -> 0
B32: 개발용역 | E32: =W15 -> 69.9885 | G32: =X15 -> 69.9885 | I32: =G32-E32 -> 0
C33: PFS 개발 | E33: =W16 -> 64.0335 | G33: =X16 -> 64.0335 | I33: =G33-E33 -> 0 | K33: [감소 요인] - CT-P41 120mg 일정 조정(-3억원, 충전PV protocol 6월 -> 8월) - CT-P39 300mg 일정 조정(-4억원, 충전PV protocol 6월 -> 8월) - CT-P52 80mg 일정 조정(-13억원, 충전PV(-11억), PKV(-2억) 6월 -> 7월) [증가 요인] - CT-P42 2mg 충전 PV protocol 3월 -> 4월 이월(+3억원) - CT-P55 75mg, 150mg PKV 추가(+2억원)
C34: LCM | E34: =W17 -> 5.48625 | G34: =X17 -> 5.48625 | I34: =G34-E34 -> 0 | K34: - CT-L02 EBP 3월에서 이월(+0.8억원, 3월 -> 4월) - CT-L03 IMP 일정 연기(-1.2억원, 5월 -> 7월) 및 위약 안정성 추가(+0.7억)
C35: 내재화 개발 | E35: =W18 -> 0.46875 | G35: =X18 -> 0.46875 | I35: =G35-E35 -> 0
C36: 기타(QA위임등)* | E36: =W19 -> 0 | G36: =X19 -> 0 | I36: =G36-E36 -> 0
B37: 총합 | E37: =E28+E29+E32 -> 382.52169 | G37: =G28+G29+G32 -> 382.52169 | I37: =G37-E37 -> 0
B39: 2) 3분기 매출 특이사항
B40: 구분 | E40: 계획 | G40: 전주 보고 (경영회의) | I40: 금주 보고 (경영회의) | K40: 전주 대비 | M40: 변경사유 / 특이사항
B41: 케미컬 상업 | E41: =W9 -> 33.729441 | G41: =SUM('상세 자료 작성'!M215:M217,'상세 자료 작성'!M226:M228,'상세 자료 작성'!M237:M239)/10^8 -> 44.626386 | I41: =X9 -> 33.729441 | K41: =I41-G41 -> -10.896945 | M41: 상동
B42: 바이오상업 | E42: =SUM(E43:F44) -> 278.80375 | G42: =SUM(G43:H44) -> 286.88217 | I42: =SUM(I43:J44) -> 278.80375 | K42: =I42-G42 -> -8.0784199
C43: PFS | E43: =W13 -> 266.59305 | G43: =SUM('상세 자료 작성'!M219,'상세 자료 작성'!M230,'상세 자료 작성'!M241)/10^8 -> 280.28517 | I43: =X13 -> 266.59305 | K43: =I43-G43 -> -13.692114 | M43: 상동
C44: L&P | E44: =W14 -> 12.210696 | G44: =SUM('상세 자료 작성'!M218,'상세 자료 작성'!M229,'상세 자료 작성'!M240)/10^8 -> 6.5970019 | I44: =X14 -> 12.210696 | K44: =I44-G44 -> 5.6136941
B45: 개발용역 | E45: =SUM(E46:F50) -> #REF! | G45: =SUM(G46:H50) -> 50.674777 | I45: =SUM(I46:J50) -> #REF! | K45: =I45-G45 -> #REF!
C46: GCP | E46: =#REF! -> #REF! | G46: =SUM('상세 자료 작성'!M220,'상세 자료 작성'!M231,'상세 자료 작성'!M242)/10^8 -> 0 | I46: =#REF! -> #REF! | K46: =I46-G46 -> #REF!
C47: LCM | E47: =W17 -> 5.48625 | G47: =SUM('상세 자료 작성'!M221,'상세 자료 작성'!M232,'상세 자료 작성'!M243)/10^8 -> 7.905 | I47: =X17 -> 5.48625 | K47: =I47-G47 -> -2.41875
C48: PFS 개발 | E48: =W16 -> 64.0335 | G48: =SUM('상세 자료 작성'!M222,'상세 자료 작성'!M233,'상세 자료 작성'!M244)/10^8 -> 39.293733 | I48: =X16 -> 64.0335 | K48: =I48-G48 -> 24.739767
C49: 내재화 | E49: =W18 -> 0.46875 | G49: =SUM('상세 자료 작성'!M223,'상세 자료 작성'!M234,'상세 자료 작성'!M245)/10^8 -> 2.45975 | I49: =X18 -> 0.46875 | K49: =I49-G49 -> -1.991
C50: 기타 | E50: =W19 -> 0 | G50: =SUM('상세 자료 작성'!M224,'상세 자료 작성'!M235,'상세 자료 작성'!M246)/10^8 -> 1.016294 | I50: =X19 -> 0 | K50: =I50-G50 -> -1.016294
B51: 총합 | E51: =E41+E42+E45 -> #REF! | G51: =G41+G42+G45 -> 382.18333 | I51: =I41+I42+I45 -> #REF! | K51: =I51-G51 -> #REF! | M51: 3분기 계획비 +6.0억 → 실질롤링 +44.4억
B53: 3) 실질 롤링 전주 대비 비교
B54: 구분 | E54: 2분기 계획 | G54: 5월 롤링 | J54: 2분기 롤링 | M54: 변경사유 / 특이사항
G55: 전주 | H55: 금주 | I55: Gap | J55: 전주 | K55: 금주 | L55: Gap
B56: 케미컬 상업 | E56: 27.901129 | G56: 14.488975 | H56: 17.332736 | I56: =H56-G56 -> 2.8437606 | J56: 29.215681 | K56: 32.00412 | L56: =K56-J56 -> 2.7884382 | M56: - 4월 최종실적 반영(-0.2억) * 5월 네시나액트 25/30mg 태국향 수율 향상(+1억) 마일스톤 분기 이동 * 6월 네시나 12mg 홍콩향 긴급납기(+1.9억, 7월→6월)
B57: 바이오상업 | E57: 303.01408 | G57: 78.430538 | H57: 70.990869 | I57: =H57-G57 -> -7.439669 | J57: 260.93259 | K57: 262.69409 | L57: =K57-J57 -> 1.761505
C58: PFS | E58: 292.36851 | G58: 74.575491 | H58: 67.135823 | I58: =H58-G58 -> -7.439669 | J58: 244.39356 | K58: 245.16507 | L58: =K58-J58 -> 0.771505 | M58: 4월 최종실적 반영(-0.4억) 5월 마일스톤 분기 이동 * 6월 고객사 포장 요청물량 증가(+1.2억)
C59: L&P | E59: 10.645575 | G59: 3.8550466 | H59: 3.8550466 | I59: =H59-G59 -> 0 | J59: 16.539022 | K59: 17.529022 | L59: =K59-J59 -> 0.99 | M59: 4월 최종실적 반영(+1억)
B60: 개발용역 | E60: 0 | G60: 13.467252 | H60: 20.337252 | I60: =H60-G60 -> 6.87 | J60: 41.133106 | K60: 40.966091 | L60: =K60-J60 -> -0.16701532
C61: GCP | E61: 0 | G61: 0 | H61: 0 | I61: =H61-G61 -> 0 | J61: 0 | K61: 0 | L61: =K61-J61 -> 0
C62: LCM | E62: 0 | G62: 1.29 | H62: 0 | I62: =H62-G62 -> -1.29 | J62: 5.49 | K62: 5.49 | L62: =K62-J62 -> 0 | M62: 마일스톤 분기 이동
C63: PFS 개발 | E63: 0 | G63: 11.86121 | H63: 18.73121 | I63: =H63-G63 -> 6.87 | J63: 32.103231 | K63: 31.890174 | L63: =K63-J63 -> -0.21305699 | M63: *CT-P43 90mg 금액 수정(3.5억→3.3억) 및 마일스톤 분기 이동
C64: 내재화 | E64: 0 | G64: 0.31604167 | H64: 0.31604167 | I64: =H64-G64 -> 0 | J64: 3.291875 | K64: 3.3859167 | L64: =K64-J64 -> 0.09404167 | M64: 4월 최종실적 반영(+0.1억)
C65: 기타 | E65: 0 | G65: 0 | H65: 0 | I65: =H65-G65 -> 0 | J65: 0.248 | K65: 0.2 | L65: =K65-J65 -> -0.048
B66: 총합 | E66: 330.91521 | G66: 106.38677 | H66: 107.37086 | I66: =H66-G66 -> 0.98409158 | J66: 331.28137 | K66: 335.6643 | L66: =K66-J66 -> 4.3829279
B68: 3) 4분기 실질 롤링 상세
B76: 3) 연간매출 추정
C77: 구분 | F77: 비상경영 (10/25) | H77: 전주보고 | J77: 실질 롤링 | L77: 전주 대비 실질 차이 | N77: 변경사유 / 특이사항
C78: 케미컬 상업 | F78: =#REF! -> #REF! | H78: =#REF! -> #REF! | J78: =H78 -> #REF! | L78: =J78-H78 -> #REF!
C79: 바이오상업 | F79: =SUM(F80:G81) -> #REF! | H79: =SUM(H80:I81) -> #REF! | J79: =SUM(J80:K81) -> #REF! | L79: =J79-H79 -> #REF!
D80: PFS | F80: =#REF! -> #REF! | H80: =#REF! -> #REF! | J80: =H80+3 -> #REF! | L80: =J80-H80 -> #REF! | N80: - P39개발 - 상업 스위칭에 따른 충전/조립 매출 조기 인식 ('25년 → '24.12월) (12월 포장 매출 미정으로 미반영된 상황으로 추가 매출 인식 가능)
D81: L&P | F81: =#REF! -> #REF! | H81: =#REF! -> #REF! | J81: =H81-3 -> #REF! | L81: =J81-H81 -> #REF! | N81: 12월 L&P 계획 5억 중 3억원 미달 예상 (현재 계획 2억, 최대 3억원까지 인식 가능 예상)
C82: 개발용역 | F82: =SUM(F83:G87) -> #REF! | H82: =SUM(H83:I87) -> #REF! | J82: =SUM(J83:K87) -> #REF! | L82: =J82-H82 -> #REF!
D83: GCP | F83: =#REF! -> #REF! | H83: =#REF! -> #REF! | J83: =H83 -> #REF! | L83: =J83-H83 -> #REF!
D84: LCM | F84: =#REF! -> #REF! | H84: =#REF! -> #REF! | J84: =H84 -> #REF! | L84: =J84-H84 -> #REF!
D85: PFS 개발 | F85: =#REF! -> #REF! | H85: =#REF! -> #REF! | J85: =H85 -> #REF! | L85: =J85-H85 -> #REF!
D86: 내재화 | F86: =#REF! -> #REF! | H86: =#REF! -> #REF! | J86: =H86 -> #REF! | L86: =J86-H86 -> #REF!
D87: 기타 | F87: =#REF! -> #REF! | H87: =#REF! -> #REF! | J87: =H87 -> #REF! | L87: =J87-H87 -> #REF!
C88: 총합 | F88: =F78+F79+F82 -> #REF! | H88: =H79+H78+H82 -> #REF! | J88: =J78+J79+J82 -> #REF! | L88: =J88-H88 -> #REF!
A91: ■ 임원회의 자료
B93: 구 분 | D93: 상반기 누계 | K93: 7월 | R93: 7월 누계
D94: 전년 | E94: 계획 | F94: 현실화(9/26) | G94: 실적 | H94: 전년비 | I94: 계획비 | J94: 현실화비 | K94: 전년 | L94: 계획 | M94: 현실화(9/26) | N94: 실적 | O94: 전년비 | P94: 계획비 | Q94: 현실화비 | R94: 전년 | S94: 계획 | T94: 현실화(9/26) | U94: 실적 | V94: 전년비 | W94: 계획비 | X94: 현실화비
B95: 합계 | D95: =D96+D100+D103 -> #REF! | E95: =E96+E100+E103 -> #REF! | F95: =F96+F100+F103 -> #REF! | G95: =G96+G100+G103 -> #REF! | H95: =G95-D95 -> #REF! | I95: =G95-E95 -> #REF! | J95: =G95-F95 -> #REF! | K95: =K96+K100+K103 -> #REF! | L95: =L96+L100+L103 -> #REF! | M95: =M96+M100+M103 -> #REF! | N95: =N96+N100+N103 -> #REF! | O95: =N95-K95 -> #REF! | P95: =N95-L95 -> #REF! | Q95: =N95-M95 -> #REF! | R95: =R96+R100+R103 -> #REF! | S95: =S96+S100+S103 -> #REF! | T95: =T96+T100+T103 -> #REF! | U95: =U96+U100+U103 -> #REF! | V95: =U95-R95 -> #REF! | W95: =U95-S95 -> #REF! | X95: =U95-T95 -> #REF!
B96: 케미컬 상업 | D96: =SUM(D97:D99) -> #REF! | E96: =SUM(E97:E99) -> #REF! | F96: =SUM(F97:F99) -> #REF! | G96: =SUM(G97:G99) -> #REF! | H96: =G96-D96 -> #REF! | I96: =G96-E96 -> #REF! | J96: =G96-F96 -> #REF! | K96: =SUM(K97:K99) -> #REF! | L96: =SUM(L97:L99) -> #REF! | M96: =SUM(M97:M99) -> #REF! | N96: =SUM(N97:N99) -> #REF! | O96: =N96-K96 -> #REF! | P96: =N96-L96 -> #REF! | Q96: =N96-M96 -> #REF! | R96: =SUM(R97:R99) -> #REF! | S96: =SUM(S97:S99) -> #REF! | T96: =SUM(T97:T99) -> #REF! | U96: =SUM(U97:U99) -> #REF! | V96: =U96-R96 -> #REF! | W96: =U96-S96 -> #REF! | X96: =U96-T96 -> #REF!
C97: G07 (조달) | D97: =#REF! -> #REF! | E97: =#REF! -> #REF! | F97: =#REF! -> #REF! | G97: =#REF! -> #REF! | H97: =G97-D97 -> #REF! | I97: =G97-E97 -> #REF! | J97: =G97-F97 -> #REF! | K97: =F11 -> 0 | L97: =G11 -> 0.511345 | M97: =H11 -> 0 | N97: =H11 -> 0 | O97: =N97-K97 -> 0 | P97: =N97-L97 -> -0.511345 | Q97: =N97-M97 -> 0 | R97: =#REF!+F11 -> #REF! | S97: =#REF!+G11 -> #REF! | T97: =F97+M97 -> #REF! | U97: =#REF!+H11 -> #REF! | V97: =U97-R97 -> #REF! | W97: =U97-S97 -> #REF! | X97: =U97-T97 -> #REF!
C98: 기타 | D98: =#REF! -> #REF! | E98: =#REF! -> #REF! | F98: =#REF! -> #REF! | G98: =#REF! -> #REF! | H98: =G98-D98 -> #REF! | I98: =G98-E98 -> #REF! | J98: =G98-F98 -> #REF! | K98: =#REF! -> #REF! | L98: =#REF! -> #REF! | M98: =#REF! -> #REF! | N98: =#REF! -> #REF! | O98: =N98-K98 -> #REF! | P98: =N98-L98 -> #REF! | Q98: =N98-M98 -> #REF! | R98: =#REF!+#REF! -> #REF! | S98: =#REF!+#REF! -> #REF! | T98: =F98+M98 -> #REF! | U98: =#REF!+#REF! -> #REF! | V98: =U98-R98 -> #REF! | W98: =U98-S98 -> #REF! | X98: =U98-T98 -> #REF!
C99: 내재화 | D99: =#REF! -> #REF! | E99: =#REF! -> #REF! | F99: =#REF! -> #REF! | G99: =#REF! -> #REF! | H99: =G99-D99 -> #REF! | I99: =G99-E99 -> #REF! | J99: =G99-F99 -> #REF! | K99: =F10 -> 17.979459 | L99: =G10 -> 24.623108 | M99: =H10 -> 27.58882 | N99: =H10 -> 27.58882 | O99: =N99-K99 -> 9.6093602 | P99: =N99-L99 -> 2.9657114 | Q99: =N99-M99 -> 0 | R99: =#REF!+F10 -> #REF! | S99: =#REF!+G10 -> #REF! | T99: =F99+M99 -> #REF! | U99: =#REF!+H10 -> #REF! | V99: =U99-R99 -> #REF! | W99: =U99-S99 -> #REF! | X99: =U99-T99 -> #REF!
B100: 바이오 상업 | D100: =SUM(D101:D102) -> #REF! | E100: =SUM(E101:E102) -> #REF! | F100: =SUM(F101:F102) -> #REF! | G100: =SUM(G101:G102) -> #REF! | H100: =G100-D100 -> #REF! | I100: =G100-E100 -> #REF! | J100: =G100-F100 -> #REF! | K100: =SUM(K101:K102) -> 203.6367 | L100: =SUM(L101:L102) -> 246.45126 | M100: =SUM(M101:M102) -> 268.65375 | N100: =SUM(N101:N102) -> 268.65375 | O100: =N100-K100 -> 65.017041 | P100: =N100-L100 -> 22.202486 | Q100: =N100-M100 -> 0 | R100: =SUM(R101:R102) -> #REF! | S100: =SUM(S101:S102) -> #REF! | T100: =SUM(T101:T102) -> #REF! | U100: =SUM(U101:U102) -> #REF! | V100: =U100-R100 -> #REF! | W100: =U100-S100 -> #REF! | X100: =U100-T100 -> #REF!
C101: L&P 상업 | D101: =#REF! -> #REF! | E101: =#REF! -> #REF! | F101: =#REF! -> #REF! | G101: =#REF! -> #REF! | H101: =G101-D101 -> #REF! | I101: =G101-E101 -> #REF! | J101: =G101-F101 -> #REF! | K101: =F14 -> 14.588646 | L101: =G14 -> 8.0520014 | M101: =H14 -> 9.5419484 | N101: =H14 -> 9.5419484 | O101: =N101-K101 -> -5.046698 | P101: =N101-L101 -> 1.489947 | Q101: =N101-M101 -> 0 | R101: =#REF!+F14 -> #REF! | S101: =#REF!+G14 -> #REF! | T101: =F101+M101 -> #REF! | U101: =#REF!+H14 -> #REF! | V101: =U101-R101 -> #REF! | W101: =U101-S101 -> #REF! | X101: =U101-T101 -> #REF!
C102: PFS 상업 | D102: =#REF! -> #REF! | E102: =#REF! -> #REF! | F102: =#REF! -> #REF! | G102: =#REF! -> #REF! | H102: =G102-D102 -> #REF! | I102: =G102-E102 -> #REF! | J102: =G102-F102 -> #REF! | K102: =F13 -> 189.04806 | L102: =G13 -> 238.39926 | M102: =H13 -> 259.1118 | N102: =H13 -> 259.1118 | O102: =N102-K102 -> 70.063739 | P102: =N102-L102 -> 20.712539 | Q102: =N102-M102 -> 0 | R102: =#REF!+F13 -> #REF! | S102: =#REF!+G13 -> #REF! | T102: =F102+M102 -> #REF! | U102: =#REF!+H13 -> #REF! | V102: =U102-R102 -> #REF! | W102: =U102-S102 -> #REF! | X102: =U102-T102 -> #REF!
B103: 개발 용역 | D103: =SUM(D104:D108) -> #REF! | E103: =SUM(E104:E108) -> #REF! | F103: =SUM(F104:F108) -> #REF! | G103: =SUM(G104:G108) -> #REF! | H103: =G103-D103 -> #REF! | I103: =G103-E103 -> #REF! | J103: =G103-F103 -> #REF! | K103: =SUM(K104:K108) -> #REF! | L103: =SUM(L104:L108) -> #REF! | M103: =SUM(M104:M108) -> #REF! | N103: =SUM(N104:N108) -> #REF! | O103: =N103-K103 -> #REF! | P103: =N103-L103 -> #REF! | Q103: =N103-M103 -> #REF! | R103: =SUM(R104:R108) -> #REF! | S103: =SUM(S104:S108) -> #REF! | T103: =SUM(T104:T108) -> #REF! | U103: =SUM(U104:U108) -> #REF! | V103: =U103-R103 -> #REF! | W103: =U103-S103 -> #REF! | X103: =U103-T103 -> #REF!
C104: GCP 개발 | D104: =#REF! -> #REF! | E104: =#REF! -> #REF! | F104: =#REF! -> #REF! | G104: =#REF! -> #REF! | H104: =G104-D104 -> #REF! | I104: =G104-E104 -> #REF! | J104: =G104-F104 -> #REF! | K104: =#REF! -> #REF! | L104: =#REF! -> #REF! | M104: =#REF! -> #REF! | N104: =#REF! -> #REF! | O104: =N104-K104 -> #REF! | P104: =N104-L104 -> #REF! | Q104: =N104-M104 -> #REF! | R104: =#REF!+#REF! -> #REF! | S104: =#REF!+#REF! -> #REF! | T104: =F104+M104 -> #REF! | U104: =#REF!+#REF! -> #REF! | V104: =U104-R104 -> #REF! | W104: =U104-S104 -> #REF! | X104: =U104-T104 -> #REF!
C105: LCM 개발 | D105: =#REF! -> #REF! | E105: =#REF! -> #REF! | F105: =#REF! -> #REF! | G105: =#REF! -> #REF! | H105: =G105-D105 -> #REF! | I105: =G105-E105 -> #REF! | J105: =G105-F105 -> #REF! | K105: =F17 -> 3.66 | L105: =G17 -> 1.7875 | M105: =H17 -> 0 | N105: =H17 -> 0 | O105: =N105-K105 -> -3.66 | P105: =N105-L105 -> -1.7875 | Q105: =N105-M105 -> 0 | R105: =#REF!+F17 -> #REF! | S105: =#REF!+G17 -> #REF! | T105: =F105+M105 -> #REF! | U105: =#REF!+H17 -> #REF! | V105: =U105-R105 -> #REF! | W105: =U105-S105 -> #REF! | X105: =U105-T105 -> #REF!
C106: PFS 개발 | D106: =#REF! -> #REF! | E106: =#REF! -> #REF! | F106: =#REF! -> #REF! | G106: =#REF! -> #REF! | H106: =G106-D106 -> #REF! | I106: =G106-E106 -> #REF! | J106: =G106-F106 -> #REF! | K106: =F16 -> 42.27486 | L106: =G16 -> 35.327 | M106: =H16 -> 34.321651 | N106: =H16 -> 34.321651 | O106: =N106-K106 -> -7.9532094 | P106: =N106-L106 -> -1.0053493 | Q106: =N106-M106 -> 0 | R106: =#REF!+F16 -> #REF! | S106: =#REF!+G16 -> #REF! | T106: =F106+M106 -> #REF! | U106: =#REF!+H16 -> #REF! | V106: =U106-R106 -> #REF! | W106: =U106-S106 -> #REF! | X106: =U106-T106 -> #REF!
C107: 생산내재화 | D107: =#REF! -> #REF! | E107: =#REF! -> #REF! | F107: =#REF! -> #REF! | G107: =#REF! -> #REF! | H107: =G107-D107 -> #REF! | I107: =G107-E107 -> #REF! | J107: =G107-F107 -> #REF! | K107: =F18 -> 5.2999167 | L107: =G18 -> 4.6875 | M107: =H18 -> 4.9429167 | N107: =H18 -> 4.9429167 | O107: =N107-K107 -> -0.357 | P107: =N107-L107 -> 0.25541668 | Q107: =N107-M107 -> 0 | R107: =#REF!+F18 -> #REF! | S107: =#REF!+G18 -> #REF! | T107: =F107+M107 -> #REF! | U107: =#REF!+H18 -> #REF! | V107: =U107-R107 -> #REF! | W107: =U107-S107 -> #REF! | X107: =U107-T107 -> #REF!
C108: QA위임 | D108: =#REF! -> #REF! | E108: =#REF! -> #REF! | F108: =#REF! -> #REF! | G108: =#REF! -> #REF! | H108: =G108-D108 -> #REF! | I108: =G108-E108 -> #REF! | J108: =G108-F108 -> #REF! | K108: =F19 -> 2.6480417 | L108: =G19 -> 0 | M108: =H19 -> 0.78861501 | N108: =H19 -> 0.78861501 | O108: =N108-K108 -> -1.8594267 | P108: =N108-L108 -> 0.78861501 | Q108: =N108-M108 -> 0 | R108: =#REF!+F19 -> #REF! | S108: =#REF!+G19 -> #REF! | T108: =F108+M108 -> #REF! | U108: =#REF!+H19 -> #REF! | V108: =U108-R108 -> #REF! | W108: =U108-S108 -> #REF! | X108: =U108-T108 -> #REF!
B110: 구 분 | D110: 3분기 | K110: 3분기 누계
D111: 전년 | E111: 계획 | F111: 현실화(9/26) | G111: 실적 | H111: 전년비 | I111: 계획비 | J111: 현실화비 | K111: 전년 | L111: 계획 | M111: 현실화(9/26) | N111: 실적 | O111: 전년비 | P111: 계획비 | Q111: 현실화비
B112: 합계 | D112: =D113+D117+D120 -> #REF! | E112: =E113+E117+E120 -> #REF! | F112: =F113+F117+F120 -> #REF! | G112: =G113+G117+G120 -> #REF! | H112: =G112-D112 -> #REF! | I112: =G112-E112 -> #REF! | J112: =G112-F112 -> #REF! | K112: =K113+K117+K120 -> #REF! | L112: =L113+L117+L120 -> #REF! | M112: =M113+M117+M120 -> #REF! | N112: =N113+N117+N120 -> #REF! | O112: =N112-K112 -> #REF! | P112: =N112-L112 -> #REF! | Q112: =N112-M112 -> #REF!
B113: 케미컬 상업 | D113: =SUM(D114:D116) -> #REF! | E113: =SUM(E114:E116) -> #REF! | F113: =SUM(F114:F116) -> #REF! | G113: =SUM(G114:G116) -> #REF! | H113: =G113-D113 -> #REF! | I113: =G113-E113 -> #REF! | J113: =G113-F113 -> #REF! | K113: =SUM(K114:K116) -> #REF! | L113: =SUM(L114:L116) -> #REF! | M113: =SUM(M114:M116) -> #REF! | N113: =SUM(N114:N116) -> #REF! | O113: =N113-K113 -> #REF! | P113: =N113-L113 -> #REF! | Q113: =N113-M113 -> #REF!
C114: G07 (조달) | D114: =V11 -> 0 | E114: =W11 -> 0.511345 | F114: =#REF! -> #REF! | G114: =X11 -> 0.511345 | H114: =G114-D114 -> 0.511345 | I114: =G114-E114 -> 0 | J114: =G114-F114 -> #REF! | K114: =D97+D114 -> #REF! | L114: =E97+E114 -> #REF! | M114: =F97+F114 -> #REF! | N114: =G97+G114 -> #REF! | O114: =N114-K114 -> #REF! | P114: =N114-L114 -> #REF! | Q114: =N114-M114 -> #REF!
C115: 기타 | D115: =#REF! -> #REF! | E115: =#REF! -> #REF! | F115: =#REF! -> #REF! | G115: =#REF! -> #REF! | H115: =G115-D115 -> #REF! | I115: =G115-E115 -> #REF! | J115: =G115-F115 -> #REF! | K115: =D98+D115 -> #REF! | L115: =E98+E115 -> #REF! | M115: =F98+F115 -> #REF! | N115: =G98+G115 -> #REF! | O115: =N115-K115 -> #REF! | P115: =N115-L115 -> #REF! | Q115: =N115-M115 -> #REF!
...

Sheet 상세 자료 작성
D1: ■ 주간 매출보고 자료
D2: 1) PO 기준 : | F2: 케미컬상업 | G2: 실질 PO 접수 기준
F3: PFS 상업 | G3: 2개월 100% Binding FCST 기준
F4: L&P 상업 | G4: 2개월 100% Binding FCST 기준
N5: 기준일자 : 2025-06-26
A6: 연 | B6: 분기 | D6: 월 | E6: 주차 | F6: 법인 | G6: 구분 | H6: 상세구분 | I6: 매출실적 | J6: 사업계획 | K6: 예상마감 | L6: 달성률 | M6: 전주 예상 실적 | N6: Gap
A7: 24년 | B7: 1분기 | C7: G07 | D7: 1월 | E7: 1주차 | F7: 셀트리온제약 | G7: 용역 | H7: CMO상업_조달 | I7: 302597280 | J7: 736312500 | K7: 302597280 | L7: 0.41096312 | M7: 302597280 | N7: 0 | P7: 302597280 | Q7: =P7-I7 -> 0
A8: 24년 | B8: 1분기 | C8: 기타 | D8: 1월 | E8: 1주차 | F8: 셀트리온제약 | G8: 용역 | H8: CMO상업_미국 | I8: 0 | J8: 0 | K8: 0 | M8: 0 | N8: 0 | P8: 0 | Q8: =P8-I8 -> 0
A9: 24년 | B9: 1분기 | C9: 내재화 | D9: 1월 | E9: 1주차 | F9: 셀트리온제약 | G9: 용역 | H9: CMO상업_내재화 | I9: 0 | J9: 0 | K9: 0 | M9: 0 | N9: 0 | P9: 0 | Q9: =P9-I9 -> 0
A10: 24년 | B10: 1분기 | C10: L&P | D10: 1월 | E10: 1주차 | F10: 셀트리온제약 | G10: 용역 | H10: CMO상업_L&P | I10: 1013747020 | J10: 9.5931083e+08 | K10: 1013747020 | L10: 1.0567451 | M10: 1013747020 | N10: 0 | P10: 1013747020 | Q10: =P10-I10 -> 0
A11: 24년 | B11: 1분기 | C11: PFS | D11: 1월 | E11: 1주차 | F11: 셀트리온제약 | G11: 용역 | H11: CMO상업_PFS | I11: 4869898150 | J11: 4405740000 | K11: 4869898150 | L11: 1.1053531 | M11: 4869898150 | N11: 0 | P11: 4869898150 | Q11: =P11-I11 -> 0 | R11: =R12-K133 -> 0 | S11: =S12-K144 -> 0
A12: 24년 | B12: 1분기 | C12: GCP | D12: 1월 | E12: 1주차 | F12: 셀트리온제약 | G12: 용역 | H12: CMO용역_GCP | I12: 0 | J12: 0 | K12: 0 | M12: 0 | N12: 0 | P12: 0 | Q12: =P12-I12 -> 0 | R12: =SUM(R14:R25) -> 12361988503 | S12: =SUM(S14:S25) -> 15101542896 | T12: =SUM(T14:T25) -> 27463531399
A13: 24년 | B13: 1분기 | C13: LCM | D13: 1월 | E13: 1주차 | F13: 셀트리온제약 | G13: 용역 | H13: CMO용역_LCM | I13: 0 | J13: 490500000 | K13: 0 | L13: 0 | M13: 0 | N13: 0 | P13: 0 | Q13: =P13-I13 -> 0 | R13: 11월 | S13: 12월 | T13: 합계
A14: 24년 | B14: 1분기 | C14: PFS 개발 | D14: 1월 | E14: 1주차 | F14: 셀트리온제약 | G14: 용역 | H14: CMO용역_PFS | I14: 439139429 | J14: 0 | K14: 439139429 | M14: 439139429 | N14: 0 | P14: 439139429 | Q14: =P14-I14 -> 0 | R14: =SUM(K123:K124) -> 0 | S14: =SUM(K134:K135) -> 0 | T14: =SUM(R14:S14) -> 0
A15: 24년 | B15: 1분기 | C15: 내재화 개발 | D15: 1월 | E15: 1주차 | F15: 셀트리온제약 | G15: 용역 | H15: CMO용역_내재화 | I15: 67266666 | J15: 0 | K15: 67266666 | M15: 67266666 | N15: 0 | P15: 67266666 | Q15: =P15-I15 -> 0 | R15: =K126 -> 166471840 | S15: =K137 -> 190623740 | T15: =SUM(R15:S15) -> 357095580
A16: 24년 | B16: 1분기 | C16: 기타(QA위임등)* | D16: 1월 | E16: 1주차 | F16: 셀트리온제약 | G16: 용역 | H16: 용역_QA위임 | I16: 39867000 | J16: 0 | K16: 39867000 | M16: 39867000 | N16: 0 | P16: 39867000 | Q16: =P16-I16 -> 0 | R16: =K127 -> 7377697800 | S16: =K138 -> 8035017050 | T16: =SUM(R16:S16) -> 15412714850
E17: 1월 예상 실적 | I17: 6732515545 | J17: 6.5918633e+09 | K17: 6732515545 | L17: 1.0213372 | M17: 6732515545 | N17: 0 | P17: 6732515545 | Q17: =P17-I17 -> 0 | R17: =K125 -> 4528225660 | S17: =K136 -> 6019051822 | T17: =SUM(R17:S17) -> 10547277482
A18: 24년 | B18: 1분기 | C18: G07 | D18: 2월 | E18: 1주차 | F18: 셀트리온제약 | G18: 용역 | H18: CMO상업_조달 | I18: 5372064744 | J18: 3253527000 | K18: 5372064744 | L18: 1.6511511 | M18: 5372064744 | N18: 0 | P18: 5372064744 | Q18: =P18-I18 -> 0 | R18: =K128 -> 0 | S18: =K139 -> 134600000 | T18: =SUM(R18:S18) -> 134600000
A19: 24년 | B19: 1분기 | C19: 기타 | D19: 2월 | E19: 1주차 | F19: 셀트리온제약 | G19: 용역 | H19: CMO상업_미국 | I19: 0 | J19: 0 | K19: 0 | M19: 0 | N19: 0 | P19: 0 | Q19: =P19-I19 -> 0 | R19: =K129 -> 38500000 | S19: =K140 -> 46875000 | T19: =SUM(R19:S19) -> 85375000
A20: 24년 | B20: 1분기 | C20: 내재화 | D20: 2월 | E20: 1주차 | F20: 셀트리온제약 | G20: 용역 | H20: CMO상업_내재화 | I20: 0 | J20: 0 | K20: 0 | M20: 0 | N20: 0 | P20: 0 | Q20: =P20-I20 -> 0 | R20: =K130 -> 110001036 | S20: =K141 -> 476323136 | T20: =SUM(R20:S20) -> 586324172
A21: 24년 | B21: 1분기 | C21: L&P | D21: 2월 | E21: 1주차 | F21: 셀트리온제약 | G21: 용역 | H21: CMO상업_L&P | I21: 684982200 | J21: 9.5931083e+08 | K21: 684982200 | L21: 0.71403572 | M21: 684982200 | N21: 0 | P21: 684982200 | Q21: =P21-I21 -> 0 | R21: =K131 -> 125354167 | S21: =K142 -> 31604167 | T21: =SUM(R21:S21) -> 156958334
A22: 24년 | B22: 1분기 | C22: PFS | D22: 2월 | E22: 1주차 | F22: 셀트리온제약 | G22: 용역 | H22: CMO상업_PFS | I22: 4437683550 | J22: 4.7866246e+08 | K22: 4437683550 | M22: 4437683550 | N22: 0 | P22: 4437683550 | Q22: =P22-I22 -> 0 | R22: =K132 -> 15738000 | S22: =K143 -> 167447981 | T22: =SUM(R22:S22) -> 183185981
A23: 24년 | B23: 1분기 | C23: GCP | D23: 2월 | E23: 1주차 | F23: 셀트리온제약 | G23: 용역 | H23: CMO용역_GCP | I23: 40000000 | J23: 40000000 | K23: 40000000 | L23: 1 | M23: 40000000 | N23: 0 | P23: 40000000 | Q23: =P23-I23 -> 0 | T23: =SUM(R23:S23) -> 0
A24: 24년 | B24: 1분기 | C24: LCM | D24: 2월 | E24: 1주차 | F24: 셀트리온제약 | G24: 용역 | H24: CMO용역_LCM | I24: 0 | J24: 766500000 | K24: 0 | L24: 0 | M24: 0 | N24: 0 | P24: 0 | Q24: =P24-I24 -> 0
A25: 24년 | B25: 1분기 | C25: PFS 개발 | D25: 2월 | E25: 1주차 | F25: 셀트리온제약 | G25: 용역 | H25: CMO용역_PFS | I25: 14069429 | J25: 162000000 | K25: 14069429 | L25: 0.086848327 | M25: 14069429 | N25: 0 | P25: 14069429 | Q25: =P25-I25 -> 0
A26: 24년 | B26: 1분기 | C26: 내재화 개발 | D26: 2월 | E26: 1주차 | F26: 셀트리온제약 | G26: 용역 | H26: CMO용역_내재화 | I26: 119041667 | J26: 93750000 | K26: 119041667 | L26: 1.2697778 | M26: 119041667 | N26: 0 | P26: 119041667 | Q26: =P26-I26 -> 0
A27: 24년 | B27: 1분기 | C27: 기타(QA위임등)* | D27: 2월 | E27: 1주차 | F27: 셀트리온제약 | G27: 용역 | H27: 용역_QA위임 | I27: 31089600 | J27: 0 | K27: 31089600 | M27: 31089600 | N27: 0 | P27: 31089600 | Q27: =P27-I27 -> 0
E28: 2월 실적 | I28: 10698931190 | J28: 5.7537503e+09 | K28: 10698931190 | L28: 1.8594709 | M28: 10698931190 | N28: 0 | P28: 10698931190 | Q28: =P28-I28 -> 0
A29: 24년 | B29: 1분기 | C29: G07 | D29: 3월 | E29: 4주차 | F29: 셀트리온제약 | G29: 용역 | H29: CMO상업_조달 | I29: 2967439150 | J29: 2762644500 | K29: 2967439150 | L29: 1.0741299 | M29: 2967439150 | N29: 0 | P29: 2967439150 | Q29: =P29-I29 -> 0
A30: 24년 | B30: 1분기 | C30: 기타 | D30: 3월 | E30: 4주차 | F30: 셀트리온제약 | G30: 용역 | H30: CMO상업_미국 | I30: 0 | J30: 0 | K30: 0 | L30: #DIV/0! | M30: 0 | N30: 0 | P30: 0 | Q30: =P30-I30 -> 0
A31: 24년 | B31: 1분기 | C31: 내재화 | D31: 3월 | E31: 1주차 | F31: 셀트리온제약 | G31: 용역 | H31: CMO상업_내재화 | I31: 0 | J31: 0 | K31: 0 | M31: 0 | N31: 0 | P31: 0 | Q31: =P31-I31 -> 0
A32: 24년 | B32: 1분기 | C32: L&P | D32: 3월 | E32: 4주차 | F32: 셀트리온제약 | G32: 용역 | H32: CMO상업_L&P | I32: 1047403520 | J32: 9.5931083e+08 | K32: 1047403520 | L32: 1.0918291 | M32: 1047403520 | N32: 0 | P32: 1047403520 | Q32: =P32-I32 -> 0
A33: 24년 | B33: 1분기 | C33: PFS | D33: 3월 | E33: 4주차 | F33: 셀트리온제약 | G33: 용역 | H33: CMO상업_PFS | I33: 4508694300 | J33: 4.7344899e+09 | K33: 4508694300 | L33: 0.95230835 | M33: 4508694300 | N33: 0 | P33: 4508694300 | Q33: =P33-I33 -> 0
A34: 24년 | B34: 1분기 | C34: GCP | D34: 3월 | E34: 4주차 | F34: 셀트리온제약 | G34: 용역 | H34: CMO용역_GCP | I34: 0 | J34: 0 | K34: 0 | M34: 0 | N34: 0 | P34: 0 | Q34: =P34-I34 -> 0 | R34: =R14/10^8 -> 0 | S34: =S14/10^8 -> 0 | T34: =T14/10^8 -> 0
A35: 24년 | B35: 1분기 | C35: LCM | D35: 3월 | E35: 4주차 | F35: 셀트리온제약 | G35: 용역 | H35: CMO용역_LCM | I35: 520375000 | J35: 1666750000 | K35: 520375000 | L35: 0.31220939 | M35: 520375000 | N35: 0 | P35: 520375000 | Q35: =P35-I35 -> 0 | R35: =R15/10^8 -> 1.6647184 | S35: =S15/10^8 -> 1.9062374 | T35: =T15/10^8 -> 3.5709558
A36: 24년 | B36: 1분기 | C36: PFS 개발 | D36: 3월 | E36: 4주차 | F36: 셀트리온제약 | G36: 용역 | H36: CMO용역_PFS | I36: 421269829 | J36: 5.06e+08 | K36: 421269829 | L36: 0.83254907 | M36: 421269829 | N36: 0 | P36: 421269829 | Q36: =P36-I36 -> 0 | R36: =R16/10^8 -> 73.776978 | S36: =S16/10^8 -> 80.350171 | T36: =T16/10^8 -> 154.12715
A37: 24년 | B37: 1분기 | C37: 내재화 개발 | D37: 3월 | E37: 4주차 | F37: 셀트리온제약 | G37: 용역 | H37: CMO용역_내재화 | I37: 25291667 | J37: 361875000 | K37: 25291667 | L37: 0.069890617 | M37: 25291667 | N37: 0 | P37: 25291667 | Q37: =P37-I37 -> 0 | R37: =R17/10^8 -> 45.282257 | S37: =S17/10^8 -> 60.190518 | T37: =T17/10^8 -> 105.47277
A38: 24년 | B38: 1분기 | C38: 기타(QA위임등)* | D38: 3월 | E38: 1주차 | F38: 셀트리온제약 | G38: 용역 | H38: 용역_QA위임 | I38: 41874000 | J38: 0 | K38: 41874000 | L38: #DIV/0! | M38: 41874000 | N38: 0 | P38: 41874000 | Q38: =P38-I38 -> 0 | R38: =R18/10^8 -> 0 | S38: =S18/10^8 -> 1.346 | T38: =T18/10^8 -> 1.346
E39: 3월 실적 | I39: 9532347466 | J39: 1.099107e+10 | K39: 9532347466 | L39: 0.8672811 | M39: 9532347466 | N39: 0 | P39: 9532347466 | Q39: =P39-I39 -> 0 | R39: =R19/10^8 -> 0.385 | S39: =S19/10^8 -> 0.46875 | T39: =T19/10^8 -> 0.85375
D40: 1분기 실적 | I40: 26963794201 | J40: 2.3336684e+10 | K40: 26963794201 | L40: 1.1554253 | M40: 26963794201 | N40: 0 | P40: 26963794201 | Q40: =P40-I40 -> 0 | R40: =R20/10^8 -> 1.1000104 | S40: =S20/10^8 -> 4.7632314 | T40: =T20/10^8 -> 5.8632417
A41: 24년 | B41: 2분기 | C41: G07 | D41: 4월 | E41: 1주차 | F41: 셀트리온제약 | G41: 용역 | H41: CMO상업_조달 | I41: 1151454672 | J41: 1339107000 | K41: 1151454672 | L41: 0.85986756 | M41: 1151454672 | N41: 0 | P41: 1151454672 | Q41: =P41-I41 -> 0 | R41: =R21/10^8 -> 1.2535417 | S41: =S21/10^8 -> 0.31604167 | T41: =T21/10^8 -> 1.5695833
A42: 24년 | B42: 2분기 | C42: 기타 | D42: 4월 | E42: 1주차 | F42: 셀트리온제약 | G42: 용역 | H42: CMO상업_미국 | I42: 0 | J42: 0 | K42: 0 | M42: 0 | N42: 0 | P42: 0 | Q42: =P42-I42 -> 0 | R42: =R22/10^8 -> 0.15738 | S42: =S22/10^8 -> 1.6744798 | T42: =T22/10^8 -> 1.8318598
A43: 24년 | B43: 2분기 | C43: 내재화 | D43: 4월 | E43: 1주차 | F43: 셀트리온제약 | G43: 용역 | H43: CMO상업_내재화 | I43: 0 | J43: 0 | K43: 0 | M43: 0 | N43: 0 | P43: 0 | Q43: =P43-I43 -> 0
A44: 24년 | B44: 2분기 | C44: L&P | D44: 4월 | E44: 1주차 | F44: 셀트리온제약 | G44: 용역 | H44: CMO상업_L&P | I44: 1304419840 | J44: 7.6219083e+08 | K44: 1304419840 | L44: 1.7114085 | M44: 1304419840 | N44: 0 | P44: 1304419840 | Q44: =P44-I44 -> 0
A45: 24년 | B45: 2분기 | C45: PFS | D45: 4월 | E45: 1주차 | F45: 셀트리온제약 | G45: 용역 | H45: CMO상업_PFS | I45: 6333791850 | J45: 4302583000 | K45: 6333791850 | L45: 1.4720906 | M45: 6333791850 | N45: 0 | P45: 6333791850 | Q45: =P45-I45 -> 0
A46: 24년 | B46: 2분기 | C46: GCP | D46: 4월 | E46: 1주차 | F46: 셀트리온제약 | G46: 용역 | H46: CMO용역_GCP | I46: 60000000 | J46: 60000000 | K46: 60000000 | L46: 1 | M46: 60000000 | N46: 0 | P46: 60000000 | Q46: =P46-I46 -> 0
A47: 24년 | B47: 2분기 | C47: LCM | D47: 4월 | E47: 1주차 | F47: 셀트리온제약 | G47: 용역 | H47: CMO용역_LCM | I47: 0 | J47: 379000000 | K47: 0 | L47: 0 | M47: 0 | N47: 0 | P47: 0 | Q47: =P47-I47 -> 0
A48: 24년 | B48: 2분기 | C48: PFS 개발 | D48: 4월 | E48: 1주차 | F48: 셀트리온제약 | G48: 용역 | H48: CMO용역_PFS | I48: 211649429 | J48: 142000000 | K48: 211649429 | L48: 1.4904889 | M48: 211649429 | N48: 0 | P48: 211649429 | Q48: =P48-I48 -> 0
A49: 24년 | B49: 2분기 | C49: 내재화 개발 | D49: 4월 | E49: 1주차 | F49: 셀트리온제약 | G49: 용역 | H49: CMO용역_내재화 | I49: 1000904167 | J49: 0 | K49: 1000904167 | M49: 1000904167 | N49: 0 | P49: 1000904167 | Q49: =P49-I49 -> 0
A50: 24년 | B50: 2분기 | C50: 기타(QA위임등)* | D50: 4월 | E50: 1주차 | F50: 셀트리온제약 | G50: 용역 | H50: 용역_QA위임 | I50: 48705000 | J50: 0 | K50: 48705000 | L50: #DIV/0! | M50: 48705000 | N50: 0 | P50: 48705000 | Q50: =P50-I50 -> 0
E51: 4월 실적 | I51: 10110924958 | J51: 6.9848808e+09 | K51: 10110924958 | L51: 1.4475444 | M51: 10110924958 | N51: 0 | P51: 10110924958 | Q51: =P51-I51 -> 0
A52: 24년 | B52: 2분기 | C52: G07 | D52: 5월 | E52: 1주차 | F52: 셀트리온제약 | G52: 용역 | H52: CMO상업_조달 | I52: 0 | J52: 984368000 | K52: 0 | L52: 0 | M52: 0 | N52: 0 | P52: 0 | Q52: =P52-I52 -> 0
A53: 24년 | B53: 2분기 | C53: 기타 | D53: 5월 | E53: 1주차 | F53: 셀트리온제약 | G53: 용역 | H53: CMO상업_미국 | I53: 0 | J53: 0 | K53: 0 | L53: #DIV/0! | M53: 0 | N53: 0 | P53: 0 | Q53: =P53-I53 -> 0
A54: 24년 | B54: 2분기 | C54: 내재화 | D54: 5월 | E54: 1주차 | F54: 셀트리온제약 | G54: 용역 | H54: CMO상업_내재화 | I54: 0 | J54: 0 | K54: 0 | M54: 0 | N54: 0 | P54: 0 | Q54: =P54-I54 -> 0
A55: 24년 | B55: 2분기 | C55: L&P | D55: 5월 | E55: 1주차 | F55: 셀트리온제약 | G55: 용역 | H55: CMO상업_L&P | I55: 1013424600 | J55: 1.1564308e+09 | K55: 1013424600 | L55: 0.87633828 | M55: 1013424600 | N55: 0 | P55: 1013424600 | Q55: =P55-I55 -> 0
A56: 24년 | B56: 2분기 | C56: PFS | D56: 5월 | E56: 1주차 | F56: 셀트리온제약 | G56: 용역 | H56: CMO상업_PFS | I56: 4945229200 | J56: 3604746200 | K56: 4945229200 | L56: 1.3718661 | M56: 4945229200 | N56: 0 | P56: 4945229200 | Q56: =P56-I56 -> 0
A57: 24년 | B57: 2분기 | C57: GCP | D57: 5월 | E57: 1주차 | F57: 셀트리온제약 | G57: 용역 | H57: CMO용역_GCP | I57: 67000000 | J57: 67000000 | K57: 67000000 | L57: 1 | M57: 67000000 | N57: 0 | P57: 67000000 | Q57: =P57-I57 -> 0
A58: 24년 | B58: 2분기 | C58: LCM | D58: 5월 | E58: 1주차 | F58: 셀트리온제약 | G58: 용역 | H58: CMO용역_LCM | I58: 1821375000 | J58: 183500000 | K58: 1821375000 | L58: 9.9257493 | M58: 1821375000 | N58: 0 | P58: 1821375000 | Q58: =P58-I58 -> 0
A59: 24년 | B59: 2분기 | C59: PFS 개발 | D59: 5월 | E59: 1주차 | F59: 셀트리온제약 | G59: 용역 | H59: CMO용역_PFS | I59: 152579274 | J59: 79000000 | K59: 152579274 | L59: 1.9313832 | M59: 152579274 | N59: 0 | P59: 152579274 | Q59: =P59-I59 -> 0
A60: 24년 | B60: 2분기 | C60: 내재화 개발 | D60: 5월 | E60: 1주차 | F60: 셀트리온제약 | G60: 용역 | H60: CMO용역_내재화 | I60: 31604167 | J60: 93750000 | K60: 31604167 | L60: 0.33711111 | M60: 31604167 | N60: 0 | P60: 31604167 | Q60: =P60-I60 -> 0
A61: 24년 | B61: 2분기 | C61: 기타(QA위임등)* | D61: 5월 | E61: 1주차 | F61: 셀트리온제약 | G61: 용역 | H61: 용역_QA위임 | I61: 51613869 | J61: 0 | K61: 51613869 | L61: #DIV/0! | M61: 51613869 | N61: 0 | P61: 51613869 | Q61: =P61-I61 -> 0
E62: 5월 실적 | I62: 8082826110 | J62: 6.168795e+09 | K62: 8082826110 | L62: 1.3102763 | M62: 8082826110 | N62: 0 | P62: 8082826110 | Q62: =P62-I62 -> 0
A63: 24년 | B63: 2분기 | C63: G07 | D63: 6월 | E63: 1주차 | F63: 셀트리온제약 | G63: 용역 | H63: CMO상업_조달 | I63: 0 | J63: 2.5885437e+09 | K63: 0 | L63: 0 | M63: 0 | N63: 0 | P63: 0 | Q63: =P63-I63 -> 0
A64: 24년 | B64: 2분기 | C64: 기타 | D64: 6월 | E64: 1주차 | F64: 셀트리온제약 | G64: 용역 | H64: CMO상업_미국 | I64: 0 | J64: 0 | K64: 0 | M64: 0 | N64: 0 | P64: 0 | Q64: =P64-I64 -> 0
A65: 24년 | B65: 2분기 | C65: 내재화 | D65: 6월 | E65: 1주차 | F65: 셀트리온제약 | G65: 용역 | H65: CMO상업_내재화 | I65: 490916584 | J65: 137760000 | K65: 490916584 | M65: 490916584 | N65: 0 | P65: 490916584 | Q65: =P65-I65 -> 0
A66: 24년 | B66: 2분기 | C66: L&P | D66: 6월 | E66: 1주차 | F66: 셀트리온제약 | G66: 용역 | H66: CMO상업_L&P | I66: 569738700 | J66: 9.5931083e+08 | K66: 569738700 | L66: 0.59390417 | M66: 569738700 | N66: 0 | P66: 569738700 | Q66: =P66-I66 -> 0
A67: 24년 | B67: 2분기 | C67: PFS | D67: 6월 | E67: 1주차 | F67: 셀트리온제약 | G67: 용역 | H67: CMO상업_PFS | I67: 7345815300 | J67: 3590929395 | K67: 7345815300 | L67: 2.0456585 | M67: 7345815300 | N67: 0 | P67: 7345815300 | Q67: =P67-I67 -> 0
A68: 24년 | B68: 2분기 | C68: GCP | D68: 6월 | E68: 1주차 | F68: 셀트리온제약 | G68: 용역 | H68: CMO용역_GCP | I68: 67000000 | J68: 67000000 | K68: 67000000 | L68: 1 | M68: 67000000 | N68: 0 | P68: 67000000 | Q68: =P68-I68 -> 0
A69: 24년 | B69: 2분기 | C69: LCM | D69: 6월 | E69: 1주차 | F69: 셀트리온제약 | G69: 용역 | H69: CMO용역_LCM | I69: 350250000 | J69: 48000000 | K69: 350250000 | L69: 7.296875 | M69: 350250000 | N69: 0 | P69: 350250000 | Q69: =P69-I69 -> 0
A70: 24년 | B70: 2분기 | C70: PFS 개발 | D70: 6월 | E70: 1주차 | F70: 셀트리온제약 | G70: 용역 | H70: CMO용역_PFS | I70: 154620726 | J70: 0 | K70: 154620726 | L70: #DIV/0! | M70: 154620726 | N70: 0 | P70: 154620726 | Q70: =P70-I70 -> 0
A71: 24년 | B71: 2분기 | C71: 내재화 개발 | D71: 6월 | E71: 1주차 | F71: 셀트리온제약 | G71: 용역 | H71: CMO용역_내재화 | I71: 440354167 | J71: 395625000 | K71: 440354167 | M71: 440354167 | N71: 0 | P71: 440354167 | Q71: =P71-I71 -> 0
A72: 24년 | B72: 2분기 | C72: 기타(QA위임등)* | D72: 6월 | E72: 1주차 | F72: 셀트리온제약 | G72: 용역 | H72: 용역_QA위임 | I72: 15204000 | J72: 0 | K72: 15204000 | L72: #DIV/0! | M72: 15204000 | N72: 0 | P72: 15204000 | Q72: =P72-I72 -> 0
E73: 6월 예상 실적 | I73: 9433899477 | J73: 7.787169e+09 | K73: 9433899477 | L73: 1.2114672 | M73: 9433899477 | N73: 0 | P73: 9433899477 | Q73: =P73-I73 -> 0
D74: 2분기 실적 | I74: 27627650545 | J74: 2.0940845e+10 | K74: 27627650545 | L74: 1.3193188 | M74: 27627650545 | N74: 0 | P74: 27627650545
D75: 2분기 누적 실적 | I75: 54591444746 | J75: 4.4277529e+10 | K75: 54591444746 | L75: 1.2329379 | M75: 54591444746 | N75: 0 | P75: 54591444746
A76: 24년 | B76: 3분기 | C76: G07 | D76: 7월 | E76: 1주차 | F76: 셀트리온제약 | G76: 용역 | H76: CMO상업_조달 | I76: 0 | J76: 0 | K76: 0 | L76: #DIV/0! | M76: 0 | N76: 0
A77: 24년 | B77: 3분기 | C77: 기타 | D77: 7월 | E77: 1주차 | F77: 셀트리온제약 | G77: 용역 | H77: CMO상업_미국 | I77: 0 | J77: 0 | K77: 0 | M77: 0 | N77: 0
A78: 24년 | B78: 3분기 | C78: 내재화 | D78: 7월 | E78: 1주차 | F78: 셀트리온제약 | G78: 용역 | H78: CMO상업_내재화 | J78: 46760000 | N78: 0
A79: 24년 | B79: 3분기 | C79: L&P | D79: 7월 | E79: 1주차 | F79: 셀트리온제약 | G79: 용역 | H79: CMO상업_L&P | I79: 353775280 | J79: 9.5931083e+08 | K79: 353775280 | L79: 0.36878066 | M79: 353775280 | N79: 0
A80: 24년 | B80: 3분기 | C80: PFS | D80: 7월 | E80: 1주차 | F80: 셀트리온제약 | G80: 용역 | H80: CMO상업_PFS | I80: 9941539250 | J80: 6395629100 | K80: 9941539250 | L80: 1.5544271 | M80: 9941539250 | N80: 0
A81: 24년 | B81: 3분기 | C81: GCP | D81: 7월 | E81: 1주차 | F81: 셀트리온제약 | G81: 용역 | H81: CMO용역_GCP | I81: 0 | J81: 0 | K81: 0 | M81: 0 | N81: 0
A82: 24년 | B82: 3분기 | C82: LCM | D82: 7월 | E82: 1주차 | F82: 셀트리온제약 | G82: 용역 | H82: CMO용역_LCM | I82: 0 | J82: 306250000 | K82: 0 | L82: 0 | M82: 0 | N82: 0
A83: 24년 | B83: 3분기 | C83: PFS 개발 | D83: 7월 | E83: 1주차 | F83: 셀트리온제약 | G83: 용역 | H83: CMO용역_PFS | I83: 39754430 | J83: 0 | K83: 39754430 | L83: #DIV/0! | M83: 39754430 | N83: 0
A84: 24년 | B84: 3분기 | C84: 내재화 개발 | D84: 7월 | E84: 1주차 | F84: 셀트리온제약 | G84: 용역 | H84: CMO용역_내재화 | I84: 514454167 | J84: 0 | K84: 514454167 | M84: 514454167 | N84: 0
A85: 24년 | B85: 3분기 | C85: 기타(QA위임등)* | D85: 7월 | E85: 1주차 | F85: 셀트리온제약 | G85: 용역 | H85: 용역_QA위임 | I85: 61027000 | J85: 0 | K85: 61027000 | L85: #DIV/0! | M85: 61027000 | N85: 0
E86: 7월 실적 | I86: 10910550127 | J86: 7.7079499e+09 | K86: 10910550127 | L86: 1.4154931 | M86: 10910550127 | N86: 0
D87: 7월 누적 실적 | I87: 65501994873 | J87: 5.1985479e+10 | K87: 65501994873 | L87: 1.2600056 | M87: 65501994873
A88: 24년 | B88: 3분기 | C88: G07 | D88: 8월 | E88: 1주차 | F88: 셀트리온제약 | G88: 용역 | H88: CMO상업_조달 | I88: 0 | J88: 0 | K88: 0 | L88: #DIV/0! | M88: 0 | N88: 0
A89: 24년 | B89: 3분기 | C89: 기타 | D89: 8월 | E89: 1주차 | F89: 셀트리온제약 | G89: 용역 | H89: CMO상업_미국 | I89: 0 | J89: 0 | K89: 0 | M89: 0 | N89: 0
A90: 24년 | B90: 3분기 | C90: 내재화 | D90: 8월 | E90: 1주차 | F90: 셀트리온제약 | G90: 용역 | H90: CMO상업_내재화 | I90: 1058000169 | J90: 322280000 | K90: 1058000169 | M90: 1058000169 | N90: 0
A91: 24년 | B91: 3분기 | C91: L&P | D91: 8월 | E91: 1주차 | F91: 셀트리온제약 | G91: 용역 | H91: CMO상업_L&P | I91: 0 | J91: 9.6040683e+08 | K91: 0 | L91: 0 | M91: 0 | N91: 0 | P91: Gap
A92: 24년 | B92: 3분기 | C92: PFS | D92: 8월 | E92: 1주차 | F92: 셀트리온제약 | G92: 용역 | H92: CMO상업_PFS | I92: 13647383900 | J92: 8000557900 | K92: 13647383900 | L92: 1.705804 | M92: 13647383900 | N92: 0 | P92: =+O92-K92 -> -13647383900
A93: 24년 | B93: 3분기 | C93: GCP | D93: 8월 | E93: 1주차 | F93: 셀트리온제약 | G93: 용역 | H93: CMO용역_GCP | I93: 0 | J93: 0 | K93: 0 | L93: #DIV/0! | M93: 0 | N93: 0
A94: 24년 | B94: 3분기 | C94: LCM | D94: 8월 | E94: 1주차 | F94: 셀트리온제약 | G94: 용역 | H94: CMO용역_LCM | I94: 143875000 | J94: 0 | K94: 143875000 | L94: #DIV/0! | M94: 143875000 | N94: 0 | P94: 90%->90%
A95: 24년 | B95: 3분기 | C95: PFS 개발 | D95: 8월 | E95: 1주차 | F95: 셀트리온제약 | G95: 용역 | H95: CMO용역_PFS | I95: 186269430 | J95: 0 | K95: 186269430 | L95: #DIV/0! | M95: 186269430 | N95: 0 | P95: 90%->100%
A96: 24년 | B96: 3분기 | C96: 내재화 개발 | D96: 8월 | E96: 1주차 | F96: 셀트리온제약 | G96: 용역 | H96: CMO용역_내재화 | I96: 333479167 | J96: 0 | K96: 333479167 | M96: 333479167 | N96: 0
A97: 24년 | B97: 3분기 | C97: 기타(QA위임등)* | D97: 8월 | E97: 1주차 | F97: 셀트리온제약 | G97: 용역 | H97: 용역_QA위임 | I97: 31683200 | J97: 0 | K97: 31683200 | L97: #DIV/0! | M97: 31683200 | N97: 0
D98: 8월 예상실적 | I98: 15400690866 | J98: 9.2832447e+09 | K98: 15400690866 | L98: 1.6589771 | M98: 15400690866 | N98: 0
D99: 8월 누적 예상 실적 | I99: 80902685739 | J99: 6.1268723e+10 | K99: 80902685739 | L99: 1.3204565 | M99: 80902685739 | N99: 0
A100: 24년 | B100: 3분기 | C100: G07 | D100: 9월 | E100: 1주차 | F100: 셀트리온제약 | G100: 용역 | H100: CMO상업_조달 | I100: 603655560 | J100: 0 | K100: 603655560 | L100: #DIV/0! | M100: 603655560 | N100: 0 | O100: =I100-K100 -> 0
...

Sheet 2024년 계획
B2: □ 2024년 매출 계획
B4: 사업계획_구분1 | C4: 경영정보통합 | D4: 사업계획_구분3 | E4: 사업계획_구분4 | F4: 1월 | G4: 2월 | H4: 3월 | I4: 4월 | J4: 5월 | K4: 6월 | L4: 7월 | M4: 8월 | N4: 9월 | O4: 10월 | P4: 11월 | Q4: 12월 | R4: 2024년 계획 합계 | T4: 2월 누계 | U4: 3월 누계 | V4: 4월 누계 | W4: 5월 누계 | X4: 6월 누계 | Y4: 7월 누계 | Z4: 8월 누계 | AA4: 9월 누계 | AB4: 10월 누계 | AC4: 11월 누계 | AE4: 1분기 | AF4: 2분기 | AG4: 3분기 | AH4: 4분기
B5: 케미컬 | C5: 고덱스 | D5: 고덱스 | E5: 고덱스캡슐 | F5: 2.8215448e+09 | G5: 4.2323172e+09 | H5: 7.0538621e+09 | I5: 3.775695e+09 | J5: 5.6635424e+09 | K5: 9.4392374e+09 | L5: 3.0837976e+09 | M5: 4.6256963e+09 | N5: 7.7094939e+09 | O5: 3.3189627e+09 | P5: 4.978444e+09 | Q5: 8.2974066e+09 | R5: =SUM(F5:Q5) -> 6.5e+10 | T5: =SUM(F5:G5) -> 7.0538621e+09 | U5: =T5+H5 -> 1.4107724e+10 | V5: =U5+I5 -> 1.7883419e+10 | W5: =V5+J5 -> 2.3546962e+10 | X5: =W5+K5 -> 3.2986199e+10 | Y5: =X5+L5 -> 3.6069996e+10 | Z5: =Y5+M5 -> 4.0695693e+10 | AA5: =Z5+N5 -> 4.8405187e+10 | AB5: =AA5+O5 -> 5.1724149e+10 | AC5: =AB5+P5 -> 5.6702593e+10 | AE5: =SUM(F5:H5) -> 1.4107724e+10 | AF5: =SUM(I5:K5) -> 1.8878475e+10 | AG5: =SUM(L5:N5) -> 1.5418988e+10 | AH5: =SUM(O5:Q5) -> 1.6594813e+10
B6: 케미컬 | C6: 고덱스 | D6: 고덱스 | E6: 고덱스정 | F6: 0 | G6: 0 | H6: 0 | I6: 0 | J6: 0 | K6: 0 | L6: 0 | M6: 0 | N6: 0 | O6: 0 | P6: 0 | Q6: 0 | R6: =SUM(F6:Q6) -> 0 | T6: =SUM(F6:G6) -> 0 | U6: =T6+H6 -> 0 | V6: =U6+I6 -> 0 | W6: =V6+J6 -> 0 | X6: =W6+K6 -> 0 | Y6: =X6+L6 -> 0 | Z6: =Y6+M6 -> 0 | AA6: =Z6+N6 -> 0 | AB6: =AA6+O6 -> 0 | AC6: =AB6+P6 -> 0 | AE6: =SUM(F6:H6) -> 0 | AF6: =SUM(I6:K6) -> 0 | AG6: =SUM(L6:N6) -> 0 | AH6: =SUM(O6:Q6) -> 0
B7: 케미컬 | C7: 제품기타 | D7: 약가보상(케미컬) | E7: 약가보상(케미컬) | F7: 0 | G7: 0 | H7: 0 | I7: 0 | J7: 0 | K7: 0 | L7: 0 | M7: 0 | N7: 0 | O7: 0 | P7: 0 | Q7: 0 | R7: =SUM(F7:Q7) -> 0 | T7: =SUM(F7:G7) -> 0 | U7: =T7+H7 -> 0 | V7: =U7+I7 -> 0 | W7: =V7+J7 -> 0 | X7: =W7+K7 -> 0 | Y7: =X7+L7 -> 0 | Z7: =Y7+M7 -> 0 | AA7: =Z7+N7 -> 0 | AB7: =AA7+O7 -> 0 | AC7: =AB7+P7 -> 0 | AE7: =SUM(F7:H7) -> 0 | AF7: =SUM(I7:K7) -> 0 | AG7: =SUM(L7:N7) -> 0 | AH7: =SUM(O7:Q7) -> 0
B8: 케미컬 | C8: 도네리온 | D8: 도네리온 | E8: 도네리온 | F8: 99309184 | G8: 1.4896378e+08 | H8: 2.4827296e+08 | I8: 1.3289216e+08 | J8: 1.9933824e+08 | K8: 3.322304e+08 | L8: 1.0853963e+08 | M8: 1.6280944e+08 | N8: 2.7134907e+08 | O8: 1.1686812e+08 | P8: 1.7530218e+08 | Q8: 2.921703e+08 | R8: =SUM(F8:Q8) -> 2.2880455e+09 | T8: =SUM(F8:G8) -> 2.4827296e+08 | U8: =T8+H8 -> 4.9654592e+08 | V8: =U8+I8 -> 6.2943808e+08 | W8: =V8+J8 -> 8.2877632e+08 | X8: =W8+K8 -> 1.1610067e+09 | Y8: =X8+L8 -> 1.2695463e+09 | Z8: =Y8+M8 -> 1.4323558e+09 | AA8: =Z8+N8 -> 1.7037049e+09 | AB8: =AA8+O8 -> 1.820573e+09 | AC8: =AB8+P8 -> 1.9958752e+09 | AE8: =SUM(F8:H8) -> 4.9654592e+08 | AF8: =SUM(I8:K8) -> 6.644608e+08 | AG8: =SUM(L8:N8) -> 5.4269813e+08 | AH8: =SUM(O8:Q8) -> 5.843406e+08
B9: 케미컬 | C9: 공동판매 | D9: 케미컬쌍방코프로 | E9: 케미컬쌍방코프로 | F9: 9.1157602e+08 | G9: 1.367364e+09 | H9: 2.27894e+09 | I9: 1.2198399e+09 | J9: 1.8297599e+09 | K9: 3.0495998e+09 | L9: 9.9630383e+08 | M9: 1.4944557e+09 | N9: 2.4907596e+09 | O9: 1.0722802e+09 | P9: 1.6084204e+09 | Q9: 2.6807006e+09 | R9: =SUM(F9:Q9) -> 2.1e+10 | T9: =SUM(F9:G9) -> 2.27894e+09 | U9: =T9+H9 -> 4.5578801e+09 | V9: =U9+I9 -> 5.77772e+09 | W9: =V9+J9 -> 7.6074799e+09 | X9: =W9+K9 -> 1.065708e+10 | Y9: =X9+L9 -> 1.1653383e+10 | Z9: =Y9+M9 -> 1.3147839e+10 | AA9: =Z9+N9 -> 1.5638599e+10 | AB9: =AA9+O9 -> 1.6710879e+10 | AC9: =AB9+P9 -> 1.8319299e+10 | AE9: =SUM(F9:H9) -> 4.5578801e+09 | AF9: =SUM(I9:K9) -> 6.0991996e+09 | AG9: =SUM(L9:N9) -> 4.9815191e+09 | AH9: =SUM(O9:Q9) -> 5.3614012e+09
B10: 케미컬 | C10: CSO | D10: CSO | E10: CSO-자사 | F10: 1.5840357e+09 | G10: 2.3760535e+09 | H10: 3.8386408e+09 | I10: 2.1197025e+09 | J10: 3.1795537e+09 | K10: 4.2262497e+09 | L10: 1.7312663e+09 | M10: 2.5968994e+09 | N10: 4.3281657e+09 | O10: 2.2217791e+09 | P10: 3.1538343e+09 | Q10: 4.4107027e+09 | R10: =SUM(F10:Q10) -> 3.5766883e+10 | T10: =SUM(F10:G10) -> 3.9600892e+09 | U10: =T10+H10 -> 7.79873e+09 | V10: =U10+I10 -> 9.9184325e+09 | W10: =V10+J10 -> 1.3097986e+10 | X10: =W10+K10 -> 1.7324236e+10 | Y10: =X10+L10 -> 1.9055502e+10 | Z10: =Y10+M10 -> 2.1652402e+10 | AA10: =Z10+N10 -> 2.5980567e+10 | AB10: =AA10+O10 -> 2.8202346e+10 | AC10: =AB10+P10 -> 3.1356181e+10 | AE10: =SUM(F10:H10) -> 7.79873e+09 | AF10: =SUM(I10:K10) -> 9.5255059e+09 | AG10: =SUM(L10:N10) -> 8.6563313e+09 | AH10: =SUM(O10:Q10) -> 9.7863161e+09
B11: 케미컬 | C11: CSO | D11: CSO | E11: CSO-위탁 | F11: 2.3751765e+09 | G11: 3.5331353e+09 | H11: 5.6835746e+09 | I11: 3.1562229e+09 | J11: 4.7086872e+09 | K11: 6.2476423e+09 | L11: 2.579273e+09 | M11: 3.8520117e+09 | N11: 6.3636937e+09 | O11: 3.2666776e+09 | P11: 4.6370765e+09 | Q11: 6.4850477e+09 | R11: =SUM(F11:Q11) -> 5.2888219e+10 | T11: =SUM(F11:G11) -> 5.9083118e+09 | U11: =T11+H11 -> 1.1591886e+10 | V11: =U11+I11 -> 1.4748109e+10 | W11: =V11+J11 -> 1.9456796e+10 | X11: =W11+K11 -> 2.5704439e+10 | Y11: =X11+L11 -> 2.8283712e+10 | Z11: =Y11+M11 -> 3.2135723e+10 | AA11: =Z11+N11 -> 3.8499417e+10 | AB11: =AA11+O11 -> 4.1766095e+10 | AC11: =AB11+P11 -> 4.6403171e+10 | AE11: =SUM(F11:H11) -> 1.1591886e+10 | AF11: =SUM(I11:K11) -> 1.4112552e+10 | AG11: =SUM(L11:N11) -> 1.2794978e+10 | AH11: =SUM(O11:Q11) -> 1.4388802e+10
B12: 케미컬 | C12: CSO | D12: 약가보상(전략) | E12: 약가보상(전략) | F12: -1.5083263e+08 | G12: 0 | H12: 0 | I12: 0 | J12: 0 | K12: 0 | L12: 0 | M12: 0 | N12: 0 | O12: 0 | P12: 0 | Q12: 0 | R12: =SUM(F12:Q12) -> -1.5083263e+08 | T12: =SUM(F12:G12) -> -1.5083263e+08 | U12: =T12+H12 -> -1.5083263e+08 | V12: =U12+I12 -> -1.5083263e+08 | W12: =V12+J12 -> -1.5083263e+08 | X12: =W12+K12 -> -1.5083263e+08 | Y12: =X12+L12 -> -1.5083263e+08 | Z12: =Y12+M12 -> -1.5083263e+08 | AA12: =Z12+N12 -> -1.5083263e+08 | AB12: =AA12+O12 -> -1.5083263e+08 | AC12: =AB12+P12 -> -1.5083263e+08 | AE12: =SUM(F12:H12) -> -1.5083263e+08 | AF12: =SUM(I12:K12) -> 0 | AG12: =SUM(L12:N12) -> 0 | AH12: =SUM(O12:Q12) -> 0
B13: 케미컬 | C13: 제품기타 | D13: 트레블정 | E13: 트레블정 | F13: 66242577 | G13: 99363865 | H13: 1.6052761e+08 | I13: 88643555 | J13: 1.3296533e+08 | K13: 1.7673697e+08 | L13: 72399593 | M13: 1.0859939e+08 | N13: 1.8099898e+08 | O13: 92912285 | P13: 1.3188977e+08 | Q13: 1.8445059e+08 | R13: =SUM(F13:Q13) -> 1.4957305e+09 | T13: =SUM(F13:G13) -> 1.6560644e+08 | U13: =T13+H13 -> 3.2613405e+08 | V13: =U13+I13 -> 4.147776e+08 | W13: =V13+J13 -> 5.4774294e+08 | X13: =W13+K13 -> 7.2447991e+08 | Y13: =X13+L13 -> 7.968795e+08 | Z13: =Y13+M13 -> 9.0547889e+08 | AA13: =Z13+N13 -> 1.0864779e+09 | AB13: =AA13+O13 -> 1.1793902e+09 | AC13: =AB13+P13 -> 1.3112799e+09 | AE13: =SUM(F13:H13) -> 3.2613405e+08 | AF13: =SUM(I13:K13) -> 3.9834586e+08 | AG13: =SUM(L13:N13) -> 3.6199796e+08 | AH13: =SUM(O13:Q13) -> 4.0925265e+08
B14: 케미컬 | C14: 제품기타 | D14: 제품기타 | E14: 기타-자사 | F14: 79656086 | G14: 1.1948413e+08 | H14: 1.9914021e+08 | I14: 1.0659305e+08 | J14: 1.5988958e+08 | K14: 2.6648264e+08 | L14: 87059841 | M14: 1.3058976e+08 | N14: 2.176496e+08 | O14: 93698874 | P14: 1.4054831e+08 | Q14: 2.3424719e+08 | R14: =SUM(F14:Q14) -> 1.8350393e+09 | T14: =SUM(F14:G14) -> 1.9914021e+08 | U14: =T14+H14 -> 3.9828043e+08 | V14: =U14+I14 -> 5.0487348e+08 | W14: =V14+J14 -> 6.6476307e+08 | X14: =W14+K14 -> 9.312457e+08 | Y14: =X14+L14 -> 1.0183055e+09 | Z14: =Y14+M14 -> 1.1488953e+09 | AA14: =Z14+N14 -> 1.3665449e+09 | AB14: =AA14+O14 -> 1.4602438e+09 | AC14: =AB14+P14 -> 1.6007921e+09 | AE14: =SUM(F14:H14) -> 3.9828043e+08 | AF14: =SUM(I14:K14) -> 5.3296527e+08 | AG14: =SUM(L14:N14) -> 4.352992e+08 | AH14: =SUM(O14:Q14) -> 4.6849437e+08
B15: 케미컬 | C15: 제품기타 | D15: 제품기타 | E15: 기타-위탁 | F15: 1.9381672e+08 | G15: 2.9072508e+08 | H15: 4.845418e+08 | I15: 2.5935892e+08 | J15: 3.8903838e+08 | K15: 6.483973e+08 | L15: 2.1183131e+08 | M15: 3.1774696e+08 | N15: 5.2957827e+08 | O15: 2.279852e+08 | P15: 3.419778e+08 | Q15: 5.69963e+08 | R15: =SUM(F15:Q15) -> 4.4649607e+09 | T15: =SUM(F15:G15) -> 4.845418e+08 | U15: =T15+H15 -> 9.690836e+08 | V15: =U15+I15 -> 1.2284425e+09 | W15: =V15+J15 -> 1.6174809e+09 | X15: =W15+K15 -> 2.2658782e+09 | Y15: =X15+L15 -> 2.4777095e+09 | Z15: =Y15+M15 -> 2.7954565e+09 | AA15: =Z15+N15 -> 3.3250347e+09 | AB15: =AA15+O15 -> 3.5530199e+09 | AC15: =AB15+P15 -> 3.8949977e+09 | AE15: =SUM(F15:H15) -> 9.690836e+08 | AF15: =SUM(I15:K15) -> 1.2967946e+09 | AG15: =SUM(L15:N15) -> 1.0591565e+09 | AH15: =SUM(O15:Q15) -> 1.139926e+09
B16: 케미컬 | C16: 제품기타 | D16: OTC | E16: OTC-가네진 | F16: 66819000 | G16: 66819000 | H16: 106910400 | I16: 22273000 | J16: 60600938 | K16: 51691738 | L16: 69510138 | M16: 69510138 | N16: 69510138 | O16: 71737438 | P16: 71737438 | Q16: 71737438 | R16: =SUM(F16:Q16) -> 798856800 | T16: =SUM(F16:G16) -> 133638000 | U16: =T16+H16 -> 240548400 | V16: =U16+I16 -> 262821400 | W16: =V16+J16 -> 3.2342234e+08 | X16: =W16+K16 -> 375114075 | Y16: =X16+L16 -> 4.4462421e+08 | Z16: =Y16+M16 -> 514134350 | AA16: =Z16+N16 -> 5.8364449e+08 | AB16: =AA16+O16 -> 655381925 | AC16: =AB16+P16 -> 7.2711936e+08 | AE16: =SUM(F16:H16) -> 240548400 | AF16: =SUM(I16:K16) -> 134565675 | AG16: =SUM(L16:N16) -> 2.0853041e+08 | AH16: =SUM(O16:Q16) -> 2.1521231e+08
... B55: 기타 | C55: 제품기타 | D55: 반품부채 | E55: 반품부채 | F55: 0 | G55: 0 | H55: -100000000 | I55: 0 | J55: 0 | K55: -100000000 | L55: 0 | M55: 0 | N55: -100000000 | O55: 0 | P55: 0 | Q55: -100000000 | R55: =SUM(F55:Q55) -> -400000000 | T55: =SUM(F55:G55) -> 0 | U55: =T55+H55 -> -100000000 | V55: =U55+I55 -> -100000000 | W55: =V55+J55 -> -100000000 | X55: =W55+K55 -> -200000000 | Y55: =X55+L55 -> -200000000 | Z55: =Y55+M55 -> -200000000 | AA55: =Z55+N55 -> -300000000 | AB55: =AA55+O55 -> -300000000 | AC55: =AB55+P55 -> -300000000 | AE55: =SUM(F55:H55) -> -100000000 | AF55: =SUM(I55:K55) -> -100000000 | AG55: =SUM(L55:N55) -> -100000000 | AH55: =SUM(O55:Q55) -> -100000000
B56: 합계 | F56: =SUM(F5:F55) -> 1.986792e+10 | G56: =SUM(G5:G55) -> 2.6258909e+10 | H56: =SUM(H5:H55) -> 4.4234092e+10 | I56: =SUM(I5:I55) -> 2.3663557e+10 | J56: =SUM(J5:J55) -> 3.2515276e+10 | K56: =SUM(K5:K55) -> 5.2768862e+10 | L56: =SUM(L5:L55) -> 2.2305237e+10 | M56: =SUM(M5:M55) -> 3.8465807e+10 | ... R56: =SUM(R5:R55) -> 4.4852408e+11 | T56: =SUM(T5:T55) -> 4.6126829e+10 | U56: =SUM(U5:U55) -> 9.0360921e+10 | V56: =SUM(V5:V55) -> 1.1402448e+11 | W56: =SUM(W5:W55) -> 1.4653975e+11 | X56: =SUM(X5:X55) -> 1.9930861e+11 | Y56: =SUM(Y5:Y55) -> 2.2161385e+11 | Z56: =SUM(Z5:Z55) -> 2.6007966e+11 | AA56: =SUM(AA5:AA55) -> 3.1553611e+11 | ... AC56: =SUM(AC5:AC55) -> 3.8536578e+11 | AE56: =SUM(AE5:AE55) -> 9.0360921e+10 | AF56: =SUM(AF5:AF55) -> 1.0894769e+11 | AG56: =SUM(AG5:AG55) -> 1.1622749e+11 | AH56: =SUM(AH5:AH55) -> 1.3298797e+11
T57: =ROUND(T56,0)=ROUND(SUM($F$56:G$56),0) -> TRUE | U57: =ROUND(U56,0)=ROUND(SUM($F$56:H$56),0) -> TRUE | V57: =ROUND(V56,0)=ROUND(SUM($F$56:I$56),0) -> TRUE | W57: =ROUND(W56,0)=ROUND(SUM($F$56:J$56),0) -> TRUE | X57: =ROUND(X56,0)=ROUND(SUM($F$56:K$56),0) -> TRUE | Y57: =ROUND(Y56,0)=ROUND(SUM($F$56:L$56),0) -> TRUE | Z57: =ROUND(Z56,0)=ROUND(SUM($F$56:M$56),0) -> TRUE | AA57: =ROUND(AA56,0)=ROUND(SUM($F$56:N$56),0) -> TRUE | ... AC57: =ROUND(AC56,0)=ROUND(SUM($F$56:P$56),0) -> TRUE | AE57: =ROUND(AE56,0)=ROUND(SUM(F56:H56),0) -> TRUE | AF57: =ROUND(AF56,0)=ROUND(SUM(I56:K56),0) -> TRUE | AG57: =ROUND(AG56,0)=ROUND(SUM(L56:N56),0) -> TRUE | AH57: =ROUND(AH56,0)=ROUND(SUM(O56:Q56),0) -> TRUE

Sheet 연간 에상 (사장님보고)
A1: 23년 CMO 매출 예상실적
AD2: 2023.09.05
A3: ■ 3분기 매출 : 사업계획 대비 11억 미달 예상되나, 3분기 누적 23억 초과 예상됨
AD4: 단위 : 억원
A5: 구분 | D5: 22년 실적 | E5: 23년 목표 | F5: 상반기 | I5: 3분기 | U5: 3분기 누적 | X5: 4분기 | AB5: 연간 합계
F6: 목표 | G6: 실적 | H6: 차이 | I6: 7월 | L6: 8월 | O6: 9월 | R6: 3분기 소계 | U6: 목표 | V6: 전망 | W6: 차이 | X6: 목표 | Y6: 전망 | Z6: 차이 | AB6: 목표 | AC6: 전망 | AD6: 차이
I7: 목표 | J7: 실적 | K7: 차이 | L7: 목표 | M7: 실적 | N7: 차이 | O7: 목표 | P7: 전망 | Q7: 차이 | R7: 목표 | S7: 전망 | T7: 차이
B8: CMO 합계 | D8: =D9+D12+D15 -> #REF! | E8: =E9+E12+E15 -> #REF! | F8: =F9+F12+F15 -> #REF! | G8: =G9+G12+G15 -> #REF! | H8: =H9+H12+H15 -> #REF! | I8: =I9+I12+I15 -> #REF! | J8: =J9+J12+J15 -> #REF! | K8: =J8-I8 -> #REF! | L8: =L9+L12+L15 -> #REF! | M8: =M9+M12+M15 -> #REF! | N8: =M8-L8 -> #REF! | O8: =O9+O12+O15 -> #REF! | P8: =P9+P12+P15 -> #REF! | Q8: =P8-O8 -> #REF! | R8: =R9+R12+R15 -> #REF! | S8: =S9+S12+S15 -> #REF! | T8: =S8-R8 -> #REF! | U8: =U9+U12+U15 -> #REF! | V8: =V9+V12+V15 -> #REF! | W8: =V8-U8 -> #REF! | X8: =X9+X12+X15 -> #REF! | Y8: =Y9+Y12+Y15 -> #REF! | Z8: =Y8-X8 -> #REF! | AB8: =AB9+AB12+AB15 -> #REF! | AC8: =AC9+AC12+AC15 -> #REF! | AD8: =AC8-AB8 -> #REF!
B9: 케미컬 상업 | D9: =SUM(D10:D11) -> 549.53106 | E9: =SUM(E10:E11) -> 595.19048 | F9: =SUM(F10:F11) -> #REF! | G9: =SUM(G10:G11) -> #REF! | H9: =SUM(H10:H11) -> #REF! | I9: =SUM(I10:I11) -> #REF! | J9: =SUM(J10:J11) -> #REF! | K9: =J9-I9 -> #REF! | L9: =SUM(L10:L11) -> #REF! | M9: =SUM(M10:M11) -> #REF! | N9: =M9-L9 -> #REF! | O9: =SUM(O10:O11) -> #REF! | P9: =SUM(P10:P11) -> #REF! | Q9: =P9-O9 -> #REF! | R9: =SUM(R10:R11) -> #REF! | S9: =SUM(S10:S11) -> #REF! | T9: =S9-R9 -> #REF! | U9: =SUM(U10:U11) -> #REF! | V9: =SUM(V10:V11) -> #REF! | W9: =V9-U9 -> #REF! | X9: =SUM(X10:X11) -> #REF! | Y9: =SUM(Y10:Y11) -> #REF! | Z9: =Y9-X9 -> #REF! | AB9: =SUM(AB10:AB11) -> #REF! | AC9: =SUM(AC10:AC11) -> #REF! | AD9: =AC9-AB9 -> #REF!
C10: G07 | D10: 529.0366 | E10: 586.22559 | F10: =#REF!+#REF! -> #REF! | G10: =#REF!+#REF! -> #REF! | H10: =G10-F10 -> #REF! | I10: =#REF! -> #REF! | J10: =#REF! -> #REF! | K10: =J10-I10 -> #REF! | L10: =#REF! -> #REF! | M10: =#REF! -> #REF! | N10: =M10-L10 -> #REF! | O10: =#REF! -> #REF! | P10: =#REF! -> #REF! | Q10: =P10-O10 -> #REF! | R10: =I10+L10+O10 -> #REF! | S10: =J10+M10+P10 -> #REF! | T10: =S10-R10 -> #REF! | U10: =R10+F10 -> #REF! | V10: =S10+G10 -> #REF! | W10: =V10-U10 -> #REF! | X10: =#REF! -> #REF! | Y10: =#REF! -> #REF! | Z10: =Y10-X10 -> #REF! | AB10: =F10+R10+X10 -> #REF! | AC10: =G10+S10+Y10 -> #REF! | AD10: =AC10-AB10 -> #REF!
C11: 기타 | D11: 20.494454 | E11: 8.964888 | F11: =#REF!+#REF! -> #REF! | G11: =#REF!+#REF! -> #REF! | H11: =G11-F11 -> #REF! | I11: =#REF! -> #REF! | J11: =#REF! -> #REF! | K11: =J11-I11 -> #REF! | L11: =#REF! -> #REF! | M11: =#REF! -> #REF! | N11: =M11-L11 -> #REF! | O11: =#REF! -> #REF! | P11: =#REF! -> #REF! | Q11: =P11-O11 -> #REF! | R11: =I11+L11+O11 -> #REF! | S11: =J11+M11+P11 -> #REF! | T11: =S11-R11 -> #REF! | U11: =R11+F11 -> #REF! | V11: =S11+G11 -> #REF! | W11: =V11-U11 -> #REF! | X11: =#REF! -> #REF! | Y11: =#REF! -> #REF! | Z11: =Y11-X11 -> #REF! | AB11: =F11+R11+X11 -> #REF! | AC11: =G11+S11+Y11 -> #REF! | AD11: =AC11-AB11 -> #REF!
B12: 바이오 상업 | D12: =SUM(D13:D14) -> 75.481553 | E12: =SUM(E13:E14) -> 118.82992 | F12: =SUM(F13:F14) -> #REF! | G12: =SUM(G13:G14) -> #REF! | H12: =SUM(H13:H14) -> #REF! | I12: =SUM(I13:I14) -> #REF! | J12: =SUM(J13:J14) -> #REF! | K12: =J12-I12 -> #REF! | L12: =SUM(L13:L14) -> #REF! | M12: =SUM(M13:M14) -> #REF! | N12: =M12-L12 -> #REF! | O12: =SUM(O13:O14) -> #REF! | P12: =SUM(P13:P14) -> #REF! | Q12: =P12-O12 -> #REF! | R12: =SUM(R13:R14) -> #REF! | S12: =SUM(S13:S14) -> #REF! | T12: =S12-R12 -> #REF! | U12: =SUM(U13:U14) -> #REF! | V12: =SUM(V13:V14) -> #REF! | W12: =V12-U12 -> #REF! | X12: =SUM(X13:X14) -> #REF! | Y12: =SUM(Y13:Y14) -> #REF! | Z12: =Y12-X12 -> #REF! | AB12: =SUM(AB13:AB14) -> #REF! | AC12: =SUM(AC13:AC14) -> #REF! | AD12: =AC12-AB12 -> #REF! | AF12: 3분기 기존 보고대비 +4.0억
C13: L&P | D13: 65.199322 | E13: 85.205765 | F13: =#REF!+#REF! -> #REF! | G13: =#REF!+#REF! -> #REF! | H13: =G13-F13 -> #REF! | I13: =#REF! -> #REF! | J13: =#REF! -> #REF! | K13: =J13-I13 -> #REF! | L13: =#REF! -> #REF! | M13: =#REF! -> #REF! | N13: =M13-L13 -> #REF! | O13: =#REF! -> #REF! | P13: =#REF! -> #REF! | Q13: =P13-O13 -> #REF! | R13: =I13+L13+O13 -> #REF! | S13: =J13+M13+P13 -> #REF! | T13: =S13-R13 -> #REF! | U13: =R13+F13 -> #REF! | V13: =S13+G13 -> #REF! | W13: =V13-U13 -> #REF! | X13: =#REF! -> #REF! | Y13: =#REF! -> #REF! | Z13: =Y13-X13 -> #REF! | AB13: =F13+R13+X13 -> #REF! | AC13: =G13+S13+Y13 -> #REF! | AD13: =AC13-AB13 -> #REF! | AF13: 9월 자동라인 2교대 적용으로 물량 증가 +4.5억
C14: PFS | D14: 10.282231 | E14: 33.624157 | F14: =#REF!+#REF! -> #REF! | G14: =#REF!+#REF! -> #REF! | H14: =G14-F14 -> #REF! | I14: =#REF! -> #REF! | J14: =#REF! -> #REF! | K14: =J14-I14 -> #REF! | L14: =#REF! -> #REF! | M14: =#REF! -> #REF! | N14: =M14-L14 -> #REF! | O14: =#REF! -> #REF! | P14: =#REF! -> #REF! | Q14: =P14-O14 -> #REF! | R14: =I14+L14+O14 -> #REF! | S14: =J14+M14+P14 -> #REF! | T14: =S14-R14 -> #REF! | U14: =R14+F14 -> #REF! | V14: =S14+G14 -> #REF! | W14: =V14-U14 -> #REF! | X14: =#REF! -> #REF! | Y14: =#REF! -> #REF! | Z14: =Y14-X14 -> #REF! | AB14: =F14+R14+X14 -> #REF! | AC14: =G14+S14+Y14 -> #REF! | AD14: =AC14-AB14 -> #REF! | AF14: PFS 3분기 실질 PO수량 조정 -0.5억
B15: 개발 용역 | D15: =SUM(D16:D20) -> #REF! | E15: =SUM(E16:E20) -> #REF! | F15: =SUM(F16:F20) -> #REF! | G15: =SUM(G16:G20) -> #REF! | H15: =SUM(H16:H20) -> #REF! | I15: =SUM(I16:I20) -> #REF! | J15: =SUM(J16:J20) -> #REF! | K15: =J15-I15 -> #REF! | L15: =SUM(L16:L20) -> #REF! | M15: =SUM(M16:M20) -> #REF! | N15: =M15-L15 -> #REF! | O15: =SUM(O16:O20) -> #REF! | P15: =SUM(P16:P20) -> #REF! | Q15: =P15-O15 -> #REF! | R15: =SUM(R16:R20) -> #REF! | S15: =SUM(S16:S20) -> #REF! | T15: =S15-R15 -> #REF! | U15: =SUM(U16:U20) -> #REF! | V15: =SUM(V16:V20) -> #REF! | W15: =V15-U15 -> #REF! | X15: =SUM(X16:X20) -> #REF! | Y15: =SUM(Y16:Y20) -> #REF! | Z15: =Y15-X15 -> #REF! | AB15: =SUM(AB16:AB20) -> #REF! | AC15: =SUM(AC16:AC20) -> #REF! | AD15: =AC15-AB15 -> #REF! | AF15: 3분기 기존 보고대비 +2.9억
C16: GCP | D16: 29.709 | E16: 11.77 | F16: =#REF!+#REF! -> #REF! | G16: 5.08 | H16: =G16-F16 -> #REF! | I16: =#REF! -> #REF! | J16: =#REF! -> #REF! | K16: =J16-I16 -> #REF! | L16: =#REF! -> #REF! | M16: =#REF! -> #REF! | N16: =M16-L16 -> #REF! | O16: =#REF! -> #REF! | P16: =#REF! -> #REF! | Q16: =P16-O16 -> #REF! | R16: =I16+L16+O16 -> #REF! | S16: =J16+M16+P16 -> #REF! | T16: =S16-R16 -> #REF! | U16: =R16+F16 -> #REF! | V16: =S16+G16 -> #REF! | W16: =V16-U16 -> #REF! | X16: =#REF! -> #REF! | Y16: =#REF! -> #REF! | Z16: =Y16-X16 -> #REF! | AB16: =F16+R16+X16 -> #REF! | AC16: =G16+S16+Y16 -> #REF! | AD16: =AC16-AB16 -> #REF! | AF16: 1) GCP (+0.3억) : G07 WHO IR 안정성 18개월 1개월 단축 +0.3억
C17: LCM | D17: 27.535 | E17: 19.09875 | F17: =#REF!+#REF! -> #REF! | G17: 7.4675 | H17: =G17-F17 -> #REF! | I17: =#REF! -> #REF! | J17: =#REF! -> #REF! | K17: =J17-I17 -> #REF! | L17: =#REF! -> #REF! | M17: =#REF! -> #REF! | N17: =M17-L17 -> #REF! | O17: =#REF! -> #REF! | P17: =#REF! -> #REF! | Q17: =P17-O17 -> #REF! | R17: =I17+L17+O17 -> #REF! | S17: =J17+M17+P17 -> #REF! | T17: =S17-R17 -> #REF! | U17: =R17+F17 -> #REF! | V17: =S17+G17 -> #REF! | W17: =V17-U17 -> #REF! | X17: =#REF! -> #REF! | Y17: =#REF! -> #REF! | Z17: =Y17-X17 -> #REF! | AB17: =F17+R17+X17 -> #REF! | AC17: =G17+S17+Y17 -> #REF! | AD17: =AC17-AB17 -> #REF! | AF17: 2) LCM (+0.2억) : CT-L05 임상3상 월렛 리라벨링 용역비 추가 (0.2억)
C18: PFS 개발 | D18: 75.070822 | E18: 30.988331 | F18: =#REF!+#REF! -> #REF! | G18: 12.225666 | H18: =G18-F18 -> #REF! | I18: =#REF! -> #REF! | J18: =#REF! -> #REF! | K18: =J18-I18 -> #REF! | L18: =#REF! -> #REF! | M18: =#REF! -> #REF! | N18: =M18-L18 -> #REF! | O18: =#REF! -> #REF! | P18: =#REF! -> #REF! | Q18: =P18-O18 -> #REF! | R18: =I18+L18+O18 -> #REF! | S18: =J18+M18+P18 -> #REF! | T18: =S18-R18 -> #REF! | U18: =R18+F18 -> #REF! | V18: =S18+G18 -> #REF! | W18: =V18-U18 -> #REF! | X18: =#REF! -> #REF! | Y18: =#REF! -> #REF! | Z18: =Y18-X18 -> #REF! | AB18: =F18+R18+X18 -> #REF! | AC18: =G18+S18+Y18 -> #REF! | AD18: =AC18-AB18 -> #REF! | AF18: 3) PFS (+1.4억) : P41 충전PVP 추가 (+3.2억), 유플라이마 안정성 시험항목 축소 변경계약 (-0.6억), P39 150mg PFS-S PKV 변경계약 지연 (-0.8억), , NO2 IOQ 조정 (-0.3억)
C19: 내재화 | D19: 11.9 | E19: 5.95 | F19: =#REF!+#REF! -> #REF! | G19: 27.00625 | H19: =G19-F19 -> #REF! | I19: =#REF! -> #REF! | J19: =#REF! -> #REF! | K19: =J19-I19 -> #REF! | L19: =#REF! -> #REF! | M19: =#REF!-0.27252 -> #REF! | N19: =M19-L19 -> #REF! | O19: =#REF! -> #REF! | P19: =#REF! -> #REF! | Q19: =P19-O19 -> #REF! | R19: =I19+L19+O19 -> #REF! | S19: =J19+M19+P19 -> #REF! | T19: =S19-R19 -> #REF! | U19: =R19+F19 -> #REF! | V19: =S19+G19 -> #REF! | W19: =V19-U19 -> #REF! | X19: =#REF! -> #REF! | Y19: =#REF! -> #REF! | Z19: =Y19-X19 -> #REF! | AB19: =F19+R19+X19 -> #REF! | AC19: =G19+S19+Y19 -> #REF! | AD19: =AC19-AB19 -> #REF! | AF19: 4) 내재화 (+0.9억) : CT-M02, M05 안정성 각 1개월 단축 (0.9억)
C20: 기타(QA위임) | D20: =W39 -> #REF! | E20: =AB20 -> #REF! | F20: =SUM(#REF!)/10^8 -> #REF! | G20: =L39 -> #REF! | H20: =G20-F20 -> #REF! | I20: =#REF!/10^8 -> #REF! | J20: =#REF!/10^8 -> #REF! | K20: =J20-I20 -> #REF! | L20: =#REF!/10^8 -> #REF! | M20: =#REF! -> #REF! | N20: =M20-L20 -> #REF! | O20: =#REF!/10^8 -> #REF! | P20: =#REF! -> #REF! | Q20: =P20-O20 -> #REF! | R20: =I20+L20+O20 -> #REF! | S20: =J20+M20+P20 -> #REF! | T20: =S20-R20 -> #REF! | U20: =R20+F20 -> #REF! | V20: =S20+G20 -> #REF! | W20: =V20-U20 -> #REF! | X20: =SUM(#REF!)/10^8 -> #REF! | Y20: =X20 -> #REF! | Z20: =Y20-X20 -> #REF! | AB20: =F20+R20+X20 -> #REF! | AC20: =G20+S20+Y20 -> #REF! | AD20: =AC20-AB20 -> #REF!
B21: ※ 약물감시 용역 추가
A22: ■ 22년 대비 매출 비교 | Z22: 단위 : 억원 | AF22: 연간 추가 사항 +24억
B23: 구분 | E23: 상반기 | N23: 하반기 | W23: 연간
E24: 1분기 | H24: 2분기 | K24: 상반기 | N24: 3분기 | Q24: 4분기 | T24: 하반기
E25: 22년 실적 | F25: 23년 실적 | G25: 차이 | H25: 22년 실적 | I25: 23년 실적 | J25: 차이 | K25: 22년 실적 | L25: 23년 실적 | M25: 차이 | N25: 22년 실적 | O25: 23년 예상 | P25: 차이 | Q25: 22년 실적 | R25: 23년 예상 | S25: 차이 | T25: 22년 실적 | U25: 23년 예상 | V25: 차이 | W25: 22년 실적 | X25: 23년 예상 | Y25: 차이 | Z25: 증감
C27: CMO 합계 | E27: =E28+E31+E34 -> #REF! | F27: =F28+F31+F34 -> #REF! | G27: =F27-E27 -> #REF! | H27: =H28+H31+H34 -> #REF! | I27: =I28+I31+I34 -> #REF! | J27: =I27-H27 -> #REF! | K27: =K28+K31+K34 -> #REF! | L27: =L28+L31+L34 -> #REF! | M27: =L27-K27 -> #REF! | N27: =N28+N31+N34 -> #REF! | O27: =O28+O31+O34 -> #REF! | P27: =O27-N27 -> #REF! | Q27: =Q28+Q31+Q34 -> #REF! | R27: =R28+R31+R34 -> #REF! | S27: =R27-Q27 -> #REF! | T27: =T28+T31+T34 -> #REF! | U27: =U28+U31+U34 -> #REF! | V27: =U27-T27 -> #REF! | W27: =W28+W31+W34 -> #REF! | X27: =X28+X31+X34 -> #REF! | Y27: =X27-W27 -> #REF! | Z27: =X27/W27-1 -> #REF!
C28: 케미컬 상업 | E28: =SUM(E29:E30) -> #REF! | F28: =SUM(F29:F30) -> #REF! | G28: =F28-E28 -> #REF! | H28: =SUM(H29:H30) -> #REF! | I28: =SUM(I29:I30) -> #REF! | J28: =I28-H28 -> #REF! | K28: =SUM(K29:K30) -> #REF! | L28: =SUM(L29:L30) -> #REF! | M28: =L28-K28 -> #REF! | N28: =SUM(N29:N30) -> #REF! | O28: =SUM(O29:O30) -> #REF! | P28: =O28-N28 -> #REF! | Q28: =SUM(Q29:Q30) -> #REF! | R28: =SUM(R29:R30) -> #REF! | S28: =R28-Q28 -> #REF! | T28: =SUM(T29:T30) -> #REF! | U28: =SUM(U29:U30) -> #REF! | V28: =U28-T28 -> #REF! | W28: =SUM(W29:W30) -> #REF! | X28: =SUM(X29:X30) -> #REF! | Y28: =X28-W28 -> #REF! | Z28: =X28/W28-1 -> #REF!
D29: G07 | E29: =#REF! -> #REF! | F29: =#REF! -> #REF! | G29: =F29-E29 -> #REF! | H29: =#REF! -> #REF! | I29: =#REF! -> #REF! | J29: =I29-H29 -> #REF! | K29: =E29+H29 -> #REF! | L29: =F29+I29 -> #REF! | M29: =L29-K29 -> #REF! | N29: =#REF! -> #REF! | O29: =S10 -> #REF! | P29: =O29-N29 -> #REF! | Q29: =#REF! -> #REF! | R29: =Y10 -> #REF! | S29: =R29-Q29 -> #REF! | T29: =N29+Q29 -> #REF! | U29: =O29+R29 -> #REF! | V29: =U29-T29 -> #REF! | W29: =E29+H29+N29+Q29 -> #REF! | X29: =F29+I29+O29+R29 -> #REF! | Y29: =X29-W29 -> #REF! | Z29: =X29/W29-1 -> #REF!
D30: 기타 | E30: =#REF! -> #REF! | F30: =#REF! -> #REF! | G30: =F30-E30 -> #REF! | H30: =#REF! -> #REF! | I30: =#REF! -> #REF! | J30: =I30-H30 -> #REF! | K30: =E30+H30 -> #REF! | L30: =F30+I30 -> #REF! | M30: =L30-K30 -> #REF! | N30: =#REF! -> #REF! | O30: =S11 -> #REF! | P30: =O30-N30 -> #REF! | Q30: =#REF! -> #REF! | R30: =Y11 -> #REF! | S30: =R30-Q30 -> #REF! | T30: =N30+Q30 -> #REF! | U30: =O30+R30 -> #REF! | V30: =U30-T30 -> #REF! | W30: =E30+H30+N30+Q30 -> #REF! | X30: =F30+I30+O30+R30 -> #REF! | Y30: =X30-W30 -> #REF! | Z30: =X30/W30-1 -> #REF!
C31: 바이오 상업 | E31: =SUM(E32:E33) -> #REF! | F31: =SUM(F32:F33) -> #REF! | G31: =F31-E31 -> #REF! | H31: =SUM(H32:H33) -> #REF! | I31: =SUM(I32:I33) -> #REF! | J31: =I31-H31 -> #REF! | K31: =SUM(K32:K33) -> #REF! | L31: =SUM(L32:L33) -> #REF! | M31: =L31-K31 -> #REF! | N31: =SUM(N32:N33) -> #REF! | O31: =SUM(O32:O33) -> #REF! | P31: =O31-N31 -> #REF! | Q31: =SUM(Q32:Q33) -> #REF! | R31: =SUM(R32:R33) -> #REF! | S31: =R31-Q31 -> #REF! | T31: =SUM(T32:T33) -> #REF! | U31: =SUM(U32:U33) -> #REF! | V31: =U31-T31 -> #REF! | W31: =SUM(W32:W33) -> #REF! | X31: =SUM(X32:X33) -> #REF! | Y31: =X31-W31 -> #REF! | Z31: =X31/W31-1 -> #REF!
D32: L&P | E32: =#REF! -> #REF! | F32: =#REF! -> #REF! | G32: =F32-E32 -> #REF! | H32: =#REF! -> #REF! | I32: =#REF! -> #REF! | J32: =I32-H32 -> #REF! | K32: =E32+H32 -> #REF! | L32: =F32+I32 -> #REF! | M32: =L32-K32 -> #REF! | N32: =#REF! -> #REF! | O32: =S13 -> #REF! | P32: =O32-N32 -> #REF! | Q32: =#REF! -> #REF! | R32: =Y13 -> #REF! | S32: =R32-Q32 -> #REF! | T32: =N32+Q32 -> #REF! | U32: =O32+R32 -> #REF! | V32: =U32-T32 -> #REF! | W32: =E32+H32+N32+Q32 -> #REF! | X32: =F32+I32+O32+R32 -> #REF! | Y32: =X32-W32 -> #REF! | Z32: =X32/W32-1 -> #REF!
D33: PFS | E33: =#REF! -> #REF! | F33: =#REF! -> #REF! | G33: =F33-E33 -> #REF! | H33: =#REF! -> #REF! | I33: =#REF! -> #REF! | J33: =I33-H33 -> #REF! | K33: =E33+H33 -> #REF! | L33: =F33+I33 -> #REF! | M33: =L33-K33 -> #REF! | N33: =#REF! -> #REF! | O33: =S14 -> #REF! | P33: =O33-N33 -> #REF! | Q33: =#REF! -> #REF! | R33: =Y14 -> #REF! | S33: =R33-Q33 -> #REF! | T33: =N33+Q33 -> #REF! | U33: =O33+R33 -> #REF! | V33: =U33-T33 -> #REF! | W33: =E33+H33+N33+Q33 -> #REF! | X33: =F33+I33+O33+R33 -> #REF! | Y33: =X33-W33 -> #REF! | Z33: =X33/W33-1 -> #REF!
C34: 개발 용역 | E34: =SUM(E35:E39) -> #REF! | F34: =SUM(F35:F39) -> #REF! | G34: =F34-E34 -> #REF! | H34: =SUM(H35:H39) -> #REF! | I34: =SUM(I35:I39) -> #REF! | J34: =I34-H34 -> #REF! | K34: =SUM(K35:K39) -> #REF! | L34: =SUM(L35:L39) -> #REF! | M34: =L34-K34 -> #REF! | N34: =SUM(N35:N39) -> #REF! | O34: =SUM(O35:O39) -> #REF! | P34: =O34-N34 -> #REF! | Q34: =SUM(Q35:Q39) -> #REF! | R34: =SUM(R35:R39) -> #REF! | S34: =R34-Q34 -> #REF! | T34: =SUM(T35:T39) -> #REF! | U34: =SUM(U35:U39) -> #REF! | V34: =U34-T34 -> #REF! | W34: =SUM(W35:W39) -> #REF! | X34: =SUM(X35:X39) -> #REF! | Y34: =X34-W34 -> #REF! | Z34: =X34/W34-1 -> #REF!
D35: GCP | E35: =#REF! -> #REF! | F35: =#REF! -> #REF! | G35: =F35-E35 -> #REF! | H35: =#REF! -> #REF! | I35: =#REF! -> #REF! | J35: =I35-H35 -> #REF! | K35: =E35+H35 -> #REF! | L35: =F35+I35 -> #REF! | M35: =L35-K35 -> #REF! | N35: =#REF! -> #REF! | O35: =S16 -> #REF! | P35: =O35-N35 -> #REF! | Q35: =#REF! -> #REF! | R35: =Y16 -> #REF! | S35: =R35-Q35 -> #REF! | T35: =N35+Q35 -> #REF! | U35: =O35+R35 -> #REF! | V35: =U35-T35 -> #REF! | W35: =E35+H35+N35+Q35 -> #REF! | X35: =F35+I35+O35+R35 -> #REF! | Y35: =X35-W35 -> #REF! | Z35: =X35/W35-1 -> #REF!
D36: LCM | E36: =#REF! -> #REF! | F36: =#REF! -> #REF! | G36: =F36-E36 -> #REF! | H36: =#REF! -> #REF! | I36: =#REF! -> #REF! | J36: =I36-H36 -> #REF! | K36: =E36+H36 -> #REF! | L36: =F36+I36 -> #REF! | M36: =L36-K36 -> #REF! | N36: =#REF! -> #REF! | O36: =S17 -> #REF! | P36: =O36-N36 -> #REF! | Q36: =#REF! -> #REF! | R36: =Y17 -> #REF! | S36: =R36-Q36 -> #REF! | T36: =N36+Q36 -> #REF! | U36: =O36+R36 -> #REF! | V36: =U36-T36 -> #REF! | W36: =E36+H36+N36+Q36 -> #REF! | X36: =F36+I36+O36+R36 -> #REF! | Y36: =X36-W36 -> #REF! | Z36: =X36/W36-1 -> #REF!
D37: PFS 개발 | E37: =#REF! -> #REF! | F37: =#REF! -> #REF! | G37: =F37-E37 -> #REF! | H37: =#REF! -> #REF! | I37: =#REF! -> #REF! | J37: =I37-H37 -> #REF! | K37: =E37+H37 -> #REF! | L37: =F37+I37 -> #REF! | M37: =L37-K37 -> #REF! | N37: =#REF! -> #REF! | O37: =S18 -> #REF! | P37: =O37-N37 -> #REF! | Q37: =#REF! -> #REF! | R37: =Y18 -> #REF! | S37: =R37-Q37 -> #REF! | T37: =N37+Q37 -> #REF! | U37: =O37+R37 -> #REF! | V37: =U37-T37 -> #REF! | W37: =E37+H37+N37+Q37 -> #REF! | X37: =F37+I37+O37+R37 -> #REF! | Y37: =X37-W37 -> #REF! | Z37: =X37/W37-1 -> #REF!
D38: 내재화 | E38: =#REF! -> #REF! | F38: =#REF! -> #REF! | G38: =F38-E38 -> #REF! | H38: =#REF! -> #REF! | I38: =#REF! -> #REF! | J38: =I38-H38 -> #REF! | K38: =E38+H38 -> #REF! | L38: =F38+I38 -> #REF! | M38: =L38-K38 -> #REF! | N38: =#REF! -> #REF! | O38: =S19 -> #REF! | P38: =O38-N38 -> #REF! | Q38: =#REF! -> #REF! | R38: =Y19 -> #REF! | S38: =R38-Q38 -> #REF! | T38: =N38+Q38 -> #REF! | U38: =O38+R38 -> #REF! | V38: =U38-T38 -> #REF! | W38: =E38+H38+N38+Q38 -> #REF! | X38: =F38+I38+O38+R38 -> #REF! | Y38: =X38-W38 -> #REF! | Z38: =X38/W38-1 -> #REF!
D39: 기타 | E39: =#REF! -> #REF! | F39: =#REF! -> #REF! | G39: =F39-E39 -> #REF! | H39: =#REF! -> #REF! | I39: =#REF! -> #REF! | J39: =I39-H39 -> #REF! | K39: =E39+H39 -> #REF! | L39: =F39+I39 -> #REF! | M39: =L39-K39 -> #REF! | N39: =#REF! -> #REF! | O39: =S20 -> #REF! | P39: =O39-N39 -> #REF! | Q39: =#REF! -> #REF! | R39: =Y20 -> #REF! | S39: =R39-Q39 -> #REF! | T39: =N39+Q39 -> #REF! | U39: =O39+R39 -> #REF! | V39: =U39-T39 -> #REF! | W39: =E39+H39+N39+Q39 -> #REF! | X39: =F39+I39+O39+R39 -> #REF! | Y39: =X39-W39 -> #REF! | Z39: =X39/W39-1 -> #REF!
A42: ■ 3분기 특이사항
B43: 1) 9월 기존대비 변경사항 (9/3 보고) : 기보고 대비 +12.3억
B44: 구분 | E44: 금액 변동 | G44: 상세사항
B45: 바이오상업 | E45: +7.8억
C46: L&P | E46: -1.0억 | G46: 1배치 매출 제외 - 사유 : 셀트리온 DP공급 2배치 지연 (히크마社) → 9/6공급 계획 이었으나, 9/11 공급 예정 (기존 생산계획 9/8~9/11) - 1배치 9/12 ~ 9/16(토) 주말 1일 특근하여 캐치업 예정 (1배치 매출 감소)
C47: PFS | E47: +8.8억 | G47: 10월 매출 예정 유플라이마 40mg 충전 및 조립 각 1배치 9월로 매출 단축 - 충전 현황 : 9/1 이물검사 완료 (3LAP09) → 9/22 QC 시험완료 예정 → 9/27 출하승인 - 조립 현황 : 9/12 생산 예정 → 9/15 QC시험 완료 예정 → 9/27 출하승인
B48: 케미컬 상업 | E48: -0.2억
C49: 조달 | E49: -0.2억 | G49: 생산 수율 반영
B50: 개발 용역 | E50: +4.7억
C51: PFS 개발 | E51: +4.2억 | G51: CT-P39 75mg, 150mg AI 충전PV 1배치 추가 반영 (현재 QC시험 완료 → CoA 및 출하승인 시 매출 가능)
C52: 내재화 | E52: +0.5억 | G52: 공급망내재화 3분기 금액 추가 반영 (청구 협의완료)
B53: 총합 | E53: +12.3억
B55: 2) 3분기 추가매출 검토사항 (검토 중)
B56: 구분 | E56: 금액 | G56: 상세사항
B57: PFS 개발용역 | E57: 1.9억 | G57: 1) CT-P43 45mg, 90mg PFS-S PKV 레포트 일정 2주 단축 (+1.1억) → 셀트리온 시험 9/15 예정 (셀트리온) → 9월 말까지 Report 완료 목표 (VAL팀) 2) CT-P39 150mg PFS-S PKV 레포트 (+0.8억) → 현재 레포트 승인 완료 (계약 체결시 청구 가능) 3) 1,2번항 공통 : 계약서 체결 필요 (셀트 법무검토중) → 9월중 체결 목표
B58: 합계 | E58: 1.9억
A60: ■ 4분기 특이사항
B61: 1) 9월 기존대비 변경사항 (9/3 보고) : 기보고 대비 -43.9억
B62: 구분 | E62: 금액 변동 | G62: 상세사항
B63: 케미컬 상업 | E63: -33.5억
C64: 조달 | E64: -33.5억 | G64: 1) G07 재고누적으로 월평균 40배치 계획에서 4분기 44배치 축소 (102배치 → 58배치로 축소) - 4분기 생산물량 58배치 : 10월 20배치, 11월 20배치, 12월 18배치 - 연간 총 생산물량 656배치
B65: 바이오 상업 | E65: -11.4억
C66: PFS | E66: -11.4억 | G66: 1) 실질 예상 PO수량 반영 (-11.4억) : 운영계획보고 대비 배치수는 동일하나, 계획 수량 조정 (배치사이즈 감소 반영)
B67: 개발 용역 | E67: +1.0억
C68: PFS 개발 | E68: -1.8억 | G68: 1) CT-P39 PKV 일정 10월 조정으로 PKV 레포트 일정 12월 → 24년 1월로 이월 (-1.8억)
C69: 내재화 | E69: +0.2억 | G69: 1) 공급망 내재화 정산 금액 반영 (+0.2억)
C70: 약물감시 | E70: +2.6억 | G70: 1) 동기화를 위해 약물감시 용역 예상실적 적용 (7월까지 실적 + 8월~12월 사업계획 동일수준)
B71: 총합 | E71: -43.9억 | G71: 기존 864억 → 변경 820억
B73: 2) 연간 매출 기준 (상업)
B74: 구분 | E74: 작성기준
B75: 케미컬상업 | E75: 1) G07 연간 출하승인 : 656배치
B76: PFS 상업 | E76: 1) 생산수량 : 충전 및 조립 물량 (충전 42배치 / AI조립 38배치), 운영계획 보고자료 기준 포장 물량 제외 (3분기까지 실적, 4분기 제외) 2) 매출인식 기준 - 충전 : 2달전 충전 완료 배치 (이물검사, QC시험일정 고려) - 조립 : 1달전 조립 완료 배치 3) 포장 : 9월까지 실적 + 4분기 제외 - 사유 : 포장의 경우 FCST 미확정으로 예상실적 제외 (통상적 고려하였을 경우 +XX억)
B77: L&P | E77: 1) 생산수량 : 3분기 FCST + 4분기 사업계획*1.2 - 4분기 : 주간근무 Capa 2만개(자동) → 2교대근무 Capa 3만개(자동)로 1.5배 증가되나, 보수적으로 1.2배로 예상매출 산정 (1.4배 적용할 경우 31.2억으로 4억 증가) 2) 매출인식 기준 : 영업일 기준 7일 전 생산 완료 배치

Sheet 1분기 상세
B2: ■ 23년 1분기 CMO 매출 계획 (보고용) | Q2: ■ 23년 1분기 CMO 매출 계획 PO 기준
O3: 단위 : 억원 | AD3: 단위 : 억원
B4: 구분 | D4: 1분기 | Q4: 구분 | S4: 1분기
D5: 1분기 합 | G5: 1월 | J5: 2월 | M5: 3월 | S5: 1분기 합 | V5: 1월 | Y5: 2월 | AB5: 3월
D6: 계획 | E6: 예상실적 | F6: Gap | G6: 계획 | H6: 예상실적 | I6: Gap | J6: 계획 | K6: 예상실적 | L6: Gap | M6: 계획 | N6: 예상실적 | O6: Gap | S6: 계획 | T6: 예상실적 | U6: Gap | V6: 계획 | W6: 예상실적 | X6: Gap | Y6: 계획 | Z6: 예상실적 | AA6: Gap | AB6: 계획 | AC6: 예상실적 | AD6: Gap
B7: CMO 합계 | D7: =D8+D11+D14 -> #REF! | E7: =E8+E11+E14 -> 202.61908 | F7: =E7-D7 -> #REF! | G7: =G8+G11+G14 -> #REF! | H7: =H8+H11+H14 -> 75.12109 | I7: =H7-+G7 -> #REF! | J7: =J8+J11+J14 -> #REF! | K7: =K8+K11+K14 -> 81.989758 | L7: =K7-+J7 -> #REF! | M7: =M8+M11+M14 -> #REF! | N7: =N8+N11+N14 -> 45.508229 | O7: =N7-+M7 -> #REF! | Q7: CMO 합계 | S7: =S8+S11+S14 -> #REF! | T7: =T8+T11+T14 -> 269.57964 | U7: =T7-S7 -> #REF! | V7: =V8+V11+V14 -> #REF! | W7: =W8+W11+W14 -> 66.926485 | X7: =W7-+V7 -> #REF! | Y7: =Y8+Y11+Y14 -> #REF! | Z7: =Z8+Z11+Z14 -> 107.74842 | AA7: =Z7-+Y7 -> #REF! | AB7: =AB8+AB11+AB14 -> #REF! | AC7: =AC8+AC11+AC14 -> 94.904735 | AD7: =AC7-+AB7 -> #REF!
B8: 케미컬 상업 | D8: =SUM(D9:D10) -> #REF! | E8: =SUM(E9:E10) -> 139.98714 | F8: =E8-D8 -> #REF! | G8: =SUM(G9:G10) -> #REF! | H8: =SUM(H9:H10) -> 52.830777 | I8: =H8-G8 -> #REF! | J8: =SUM(J9:J10) -> #REF! | K8: =SUM(K9:K10) -> 62.670532 | L8: =K8-J8 -> #REF! | M8: =SUM(M9:M10) -> #REF! | N8: =SUM(N9:N10) -> 24.485832 | O8: =N8-M8 -> #REF! | Q8: 케미컬 상업 | S8: =SUM(S9:S10) -> #REF! | T8: =SUM(T9:T10) -> 86.421012 | U8: =T8-S8 -> #REF! | V8: =SUM(V9:V10) -> #REF! | W8: =SUM(W9:W10) -> 3.0259728 | X8: =W8-V8 -> #REF! | Y8: =SUM(Y9:Y10) -> #REF! | Z8: =SUM(Z9:Z10) -> 53.720647 | AA8: =Z8-Y8 -> #REF! | AB8: =SUM(AB9:AB10) -> #REF! | AC8: =SUM(AC9:AC10) -> 29.674391 | AD8: =AC8-AB8 -> #REF!
C9: 조달 | D9: =L29 -> #REF! | E9: =H9+K9+N9 -> 133.77373 | F9: =E9-D9 -> #REF! | G9: =I29 -> #REF! | H9: =셀트리온제약!I15/10^8 -> 51.264823 | I9: =H9-G9 -> #REF! | J9: =J29 -> #REF! | K9: =셀트리온제약!I24/10^8 -> 62.670532 | L9: =K9-J9 -> #REF! | M9: =K29 -> #REF! | N9: =셀트리온제약!I33/10^8 -> 19.838378 | O9: =N9-M9 -> #REF! | R9: 조달 | S9: =D9 -> #REF! | T9: =W9+Z9+AC9 -> 86.421012 | U9: =T9-S9 -> #REF! | V9: =G9 -> #REF! | W9: ='상세 자료 작성'!K7/10^8 -> 3.0259728 | X9: =W9-V9 -> #REF! | Y9: =J9 -> #REF! | Z9: ='상세 자료 작성'!K18/10^8 -> 53.720647 | AA9: =Z9-Y9 -> #REF! | AB9: =M9 -> #REF! | AC9: ='상세 자료 작성'!K29/10^8 -> 29.674391 | AD9: =AC9-AB9 -> #REF!
C10: 미국 | D10: =L30 -> #REF! | E10: =H10+K10+N10 -> 6.213408 | F10: =E10-D10 -> #REF! | G10: =I30 -> #REF! | H10: =셀트리온제약!I16/10^8 -> 1.565954 | I10: =H10-G10 -> #REF! | J10: =J30 -> #REF! | K10: =셀트리온제약!I25/10^8 -> 0 | L10: =K10-J10 -> #REF! | M10: =K30 -> #REF! | N10: =셀트리온제약!I34/10^8 -> 4.647454 | O10: =N10-M10 -> #REF! | R10: 미국 | S10: =D10 -> #REF! | T10: =W10+Z10+AC10 -> 0 | U10: =T10-S10 -> #REF! | V10: =G10 -> #REF! | W10: ='상세 자료 작성'!K8/10^8 -> 0 | X10: =W10-V10 -> #REF! | Y10: =J10 -> #REF! | Z10: ='상세 자료 작성'!K19/10^8 -> 0 | AA10: =Z10-Y10 -> #REF! | AB10: =M10 -> #REF! | AC10: ='상세 자료 작성'!K30/10^8 -> 0 | AD10: =AC10-AB10 -> #REF!
B11: 바이오 상업 | D11: =SUM(D12:D13) -> #REF! | E11: =SUM(E12:E13) -> 39.312703 | F11: =E11-D11 -> #REF! | G11: =SUM(G12:G13) -> #REF! | H11: =SUM(H12:H13) -> 12.073719 | I11: =H11-G11 -> #REF! | J11: =SUM(J12:J13) -> #REF! | K11: =SUM(K12:K13) -> 13.879782 | L11: =K11-J11 -> #REF! | M11: =SUM(M12:M13) -> #REF! | N11: =SUM(N12:N13) -> 13.359202 | O11: =N11-M11 -> #REF! | Q11: 바이오 상업 | S11: =SUM(S12:S13) -> #REF! | T11: =SUM(T12:T13) -> 165.62409 | U11: =T11-S11 -> #REF! | V11: =SUM(V12:V13) -> #REF! | W11: =SUM(W12:W13) -> 58.836452 | X11: =W11-V11 -> #REF! | Y11: =SUM(Y12:Y13) -> #REF! | Z11: =SUM(Z12:Z13) -> 51.226658 | AA11: =Z11-Y11 -> #REF! | AB11: =SUM(AB12:AB13) -> #REF! | AC11: =SUM(AC12:AC13) -> 55.560978 | AD11: =AC11-AB11 -> #REF!
C12: L&P | D12: =L32 -> #REF! | E12: =H12+K12+N12 -> 20.943144 | F12: =E12-D12 -> #REF! | G12: =I32 -> #REF! | H12: =셀트리온제약!I17/10^8 -> 6.7044357 | I12: =H12-G12 -> #REF! | J12: =J32 -> #REF! | K12: =셀트리온제약!I26/10^8 -> 6.3735136 | L12: =K12-J12 -> #REF! | M12: =K32 -> #REF! | N12: =셀트리온제약!I35/10^8 -> 7.8651944 | O12: =N12-M12 -> #REF! | R12: L&P | S12: =D12 -> #REF! | T12: =W12+Z12+AC12 -> 27.461327 | U12: =T12-S12 -> #REF! | V12: =G12 -> #REF! | W12: ='상세 자료 작성'!K10/10^8 -> 10.13747 | X12: =W12-V12 -> #REF! | Y12: =J12 -> #REF! | Z12: ='상세 자료 작성'!K21/10^8 -> 6.849822 | AA12: =Z12-Y12 -> #REF! | AB12: =M12 -> #REF! | AC12: ='상세 자료 작성'!K32/10^8 -> 10.474035 | AD12: =AC12-AB12 -> #REF!
C13: PFS | D13: =L33 -> 0.616676 | E13: =H13+K13+N13 -> 18.369559 | F13: =E13-D13 -> 17.752883 | G13: =I33 -> 0 | H13: =셀트리온제약!I18/10^8 -> 5.369283 | I13: =H13-G13 -> 5.369283 | J13: =J33 -> 0 | K13: =셀트리온제약!I27/10^8 -> 7.506268 | L13: =K13-J13 -> 7.506268 | M13: =K33 -> 0.616676 | N13: =셀트리온제약!I36/10^8 -> 5.494008 | O13: =N13-M13 -> 4.877332 | R13: PFS | S13: =D13 -> 0.616676 | T13: =W13+Z13+AC13 -> 138.16276 | U13: =T13-S13 -> 137.54608 | V13: =G13 -> 0 | W13: ='상세 자료 작성'!K11/10^8 -> 48.698982 | X13: =W13-V13 -> 48.698982 | Y13: =J13 -> 0 | Z13: ='상세 자료 작성'!K22/10^8 -> 44.376835 | AA13: =Z13-Y13 -> 44.376835 | AB13: =M13 -> 0.616676 | AC13: ='상세 자료 작성'!K33/10^8 -> 45.086943 | AD13: =AC13-AB13 -> 44.470267
B14: CMO 개발 | D14: =SUM(D15:D18) -> #REF! | E14: =SUM(E15:E18) -> 23.319233 | F14: =E14-D14 -> #REF! | G14: =SUM(G15:G18) -> #REF! | H14: =SUM(H15:H18) -> 10.216594 | I14: =H14-G14 -> #REF! | J14: =SUM(J15:J18) -> #REF! | K14: =SUM(K15:K18) -> 5.4394443 | L14: =K14-J14 -> #REF! | M14: =SUM(M15:M18) -> #REF! | N14: =SUM(N15:N18) -> 7.6631943 | O14: =N14-M14 -> #REF! | Q14: CMO 개발 | S14: =SUM(S15:S18) -> #REF! | T14: =SUM(T15:T18) -> 17.534537 | U14: =T14-S14 -> #REF! | V14: =SUM(V15:V18) -> #REF! | W14: =SUM(W15:W18) -> 5.064061 | X14: =W14-V14 -> #REF! | Y14: =SUM(Y15:Y18) -> #REF! | Z14: =SUM(Z15:Z18) -> 2.801111 | AA14: =Z14-Y14 -> #REF! | AB14: =SUM(AB15:AB18) -> #REF! | AC14: =SUM(AC15:AC18) -> 9.669365 | AD14: =AC14-AB14 -> #REF!
C15: GCP | D15: =L35 -> 2.14 | E15: =H15+K15+N15 -> 1.4784 | F15: =E15-D15 -> -0.6616 | G15: =I35 -> 0.4 | H15: =셀트리온제약!I19/10^8 -> 0.0084 | I15: =H15-G15 -> -0.3916 | J15: =J35 -> 1.74 | K15: =셀트리온제약!I28/10^8 -> 1.47 | L15: =K15-J15 -> -0.27 | M15: =K35 -> 0 | N15: =셀트리온제약!I37/10^8 -> 0 | O15: =N15-M15 -> 0 | R15: GCP | S15: =D15 -> 2.14 | T15: =W15+Z15+AC15 -> 1.47 | U15: =T15-S15 -> -0.67 | V15: =G15 -> 0.4 | W15: ='상세 자료 작성'!K12/10^8 -> 0 | X15: =W15-V15 -> -0.4 | Y15: =J15 -> 1.74 | Z15: =셀트리온제약!I28/10^8 -> 1.47 | AA15: =Z15-Y15 -> -0.27 | AB15: =M15 -> 0 | AC15: ='상세 자료 작성'!K34/10^8 -> 0 | AD15: =AC15-AB15 -> 0
C16: LCM | D16: =L36 -> 3.12875 | E16: =H16+K16+N16 -> 2.83875 | F16: =E16-D16 -> -0.29 | G16: =I36 -> 0 | H16: =셀트리온제약!I20/10^8 -> 0 | I16: =H16-G16 -> 0 | J16: =J36 -> 0.675 | K16: =셀트리온제약!I29/10^8 -> 0.385 | L16: =K16-J16 -> -0.29 | M16: =K36 -> 2.45375 | N16: =셀트리온제약!I38/10^8 -> 2.45375 | O16: =N16-M16 -> 0 | R16: LCM | S16: =D16 -> 3.12875 | T16: =W16+Z16+AC16 -> 5.20375 | U16: =T16-S16 -> 2.075 | V16: =G16 -> 0 | W16: ='상세 자료 작성'!K13/10^8 -> 0 | X16: =W16-V16 -> 0 | Y16: =J16 -> 0.675 | Z16: ='상세 자료 작성'!K24/10^8 -> 0 | AA16: =Z16-Y16 -> -0.675 | AB16: =M16 -> 2.45375 | AC16: ='상세 자료 작성'!K35/10^8 -> 5.20375 | AD16: =AC16-AB16 -> 2.75
C17: PFS | D17: =L37 -> 3.1020829 | E17: =H17+K17+N17 -> 3.1020829 | F17: =E17-D17 -> 0 | G17: =I37 -> 1.6206943 | H17: =셀트리온제약!I21/10^8 -> 1.6206943 | I17: =H17-G17 -> 0 | J17: =J37 -> 0.14069429 | K17: =셀트리온제약!I30/10^8 -> 0.14069429 | L17: =K17-J17 -> 0 | M17: =K37 -> 1.3406943 | N17: =셀트리온제약!I39/10^8 -> 1.3406943 | O17: =N17-M17 -> 0 | R17: PFS | S17: =D17 -> 3.1020829 | T17: =W17+Z17+AC17 -> 8.7447869 | U17: =T17-S17 -> 5.642704 | V17: =G17 -> 1.6206943 | W17: ='상세 자료 작성'!K14/10^8 -> 4.3913943 | X17: =W17-V17 -> 2.7707 | Y17: =J17 -> 0.14069429 | Z17: ='상세 자료 작성'!K25/10^8 -> 0.14069429 | AA17: =Z17-Y17 -> 0 | AB17: =M17 -> 1.3406943 | AC17: ='상세 자료 작성'!K36/10^8 -> 4.2126983 | AD17: =AC17-AB17 -> 2.872004
C18: 내재화 | D18: =L38 -> #REF! | E18: =H18+K18+N18 -> 15.9 | F18: =E18-D18 -> #REF! | G18: =I38 -> #REF! | H18: =셀트리온제약!I22/10^8 -> 8.5875 | I18: =H18-G18 -> #REF! | J18: =J38 -> #REF! | K18: =셀트리온제약!I31/10^8 -> 3.44375 | L18: =K18-J18 -> #REF! | M18: =K38 -> #REF! | N18: =셀트리온제약!I40/10^8 -> 3.86875 | O18: =N18-M18 -> #REF! | R18: 내재화 | S18: =D18 -> #REF! | T18: =W18+Z18+AC18 -> 2.116 | U18: =T18-S18 -> #REF! | V18: =I38 -> #REF! | W18: ='상세 자료 작성'!K15/10^8 -> 0.67266666 | X18: =W18-V18 -> #REF! | Y18: =J38 -> #REF! | Z18: ='상세 자료 작성'!K26/10^8 -> 1.1904167 | AA18: =Z18-Y18 -> #REF! | AB18: =K38 -> #REF! | AC18: ='상세 자료 작성'!K37/10^8 -> 0.25291667 | AD18: =AC18-AB18 -> #REF!
Q19: * PO 기준 : 케미컬상업 실질 PO 기준 / 바이오상업 2개월 바인딩 SF 100% 반영
B21: ■ 23년 CMO 매출 계획
AA22: 단위 : 억원
B23: 구분 | D23: 22년 실적 | I23: 23년 계획
D24: 1분기 | E24: 2분기 | F24: 3분기 | G24: 4분기 | H24: Total | I24: 상반기 | R24: 하반기 | AA24: Total
I25: 1분기 | M25: 2분기 | Q25: 상반기 | R25: 3분기 | V25: 4분기 | Z25: 하반기
I26: 1월 | J26: 2월 | K26: 3월 | L26: 합 | M26: 4월 | N26: 5월 | O26: 6월 | P26: 합 | R26: 7월 | S26: 8월 | T26: 9월 | U26: 합 | V26: 10월 | W26: 11월 | X26: 12월 | Y26: 합
B27: CMO 합계 | D27: =D28+D31+D34 -> 156.70848 | E27: =E28+E31+E34 -> 224.75022 | F27: =F28+F31+F34 -> 259.85999 | G27: =G28+G31+G34 -> 132.85562 | H27: =SUM(D27:G27) -> 774.1743 | I27: =I28+I31+I34 -> #REF! | J27: =J28+J31+J34 -> #REF! | K27: =K28+K31+K34 -> #REF! | L27: =SUM(I27:K27) -> #REF! | M27: =M28+M31+M34 -> #REF! | N27: =N28+N31+N34 -> #REF! | O27: =O28+O31+O34 -> #REF! | P27: =SUM(M27:O27) -> #REF! | Q27: =L27+P27 -> #REF! | R27: =R28+R31+R34 -> #REF! | S27: =S28+S31+S34 -> #REF! | T27: =T28+T31+T34 -> #REF! | U27: =SUM(R27:T27) -> #REF! | V27: =V28+V31+V34 -> #REF! | W27: =W28+W31+W34 -> #REF! | X27: =X28+X31+X34 -> #REF! | Y27: =SUM(V27:X27) -> #REF! | Z27: =U27+Y27 -> #REF! | AA27: =Z27+Q27 -> #REF!
B28: 케미컬 상업 | D28: =SUM(D29:D30) -> 133.55444 | E28: =SUM(E29:E30) -> 182.57408 | F28: =SUM(F29:F30) -> 180.18787 | G28: =SUM(G29:G30) -> 53.214675 | H28: =SUM(H29:H30) -> 549.53106 | I28: =SUM(I29:I30) -> #REF! | J28: =SUM(J29:J30) -> #REF! | K28: =SUM(K29:K30) -> #REF! | L28: =SUM(I28:K28) -> #REF! | M28: =SUM(M29:M30) -> #REF! | N28: =SUM(N29:N30) -> #REF! | O28: =SUM(O29:O30) -> #REF! | P28: =SUM(M28:O28) -> #REF! | Q28: =L28+P28 -> #REF! | R28: =SUM(R29:R30) -> #REF! | S28: =SUM(S29:S30) -> #REF! | T28: =SUM(T29:T30) -> #REF! | U28: =SUM(R28:T28) -> #REF! | V28: =SUM(V29:V30) -> #REF! | W28: =SUM(W29:W30) -> #REF! | X28: =SUM(X29:X30) -> #REF! | Y28: =SUM(V28:X28) -> #REF! | Z28: =U28+Y28 -> #REF! | AA28: =Z28+Q28 -> #REF!
C29: 조달 | D29: 126.76906 | E29: 177.97282 | F29: 178.74675 | G29: 45.547972 | H29: =SUM(D29:G29) -> 529.0366 | I29: =#REF!/10^8 -> #REF! | J29: =#REF!/10^8 -> #REF! | K29: =#REF!/10^8 -> #REF! | L29: =SUM(I29:K29) -> #REF! | M29: =#REF!/10^8 -> #REF! | N29: =#REF!/10^8 -> #REF! | O29: =#REF!/10^8 -> #REF! | P29: =SUM(M29:O29) -> #REF! | Q29: =L29+P29 -> #REF! | R29: =#REF!/10^8 -> #REF! | S29: =#REF!/10^8 -> #REF! | T29: =#REF!/10^8 -> #REF! | U29: =SUM(R29:T29) -> #REF! | V29: =#REF!/10^8 -> #REF! | W29: =#REF!/10^8 -> #REF! | X29: =#REF!/10^8 -> #REF! | Y29: =SUM(V29:X29) -> #REF! | Z29: =U29+Y29 -> #REF! | AA29: =Z29+Q29 -> #REF!
C30: 미국 | D30: 6.7853754 | E30: 4.60126 | F30: 1.441116 | G30: 7.666703 | H30: =SUM(D30:G30) -> 20.494454 | I30: =#REF!/10^8 -> #REF! | J30: =#REF!/10^8 -> #REF! | K30: =#REF!/10^8 -> #REF! | L30: =SUM(I30:K30) -> #REF! | M30: 0 | N30: =#REF!/10^8 -> #REF! | O30: =#REF!/10^8 -> #REF! | P30: =SUM(M30:O30) -> #REF! | Q30: =L30+P30 -> #REF! | R30: 0 | S30: 0 | T30: 0 | U30: =SUM(R30:T30) -> 0 | V30: 0 | W30: 0 | X30: 0 | Y30: =SUM(V30:X30) -> 0 | Z30: =U30+Y30 -> 0 | AA30: =Z30+Q30 -> #REF!
B31: 바이오 상업 | D31: =SUM(D32:D33) -> 13.162836 | E31: =SUM(E32:E33) -> 17.593597 | F31: =SUM(F32:F33) -> 17.107257 | G31: =SUM(G32:G33) -> 27.617862 | H31: =SUM(H32:H33) -> 75.481553 | I31: =SUM(I32:I33) -> #REF! | J31: =SUM(J32:J33) -> #REF! | K31: =SUM(K32:K33) -> #REF! | L31: =SUM(I31:K31) -> #REF! | M31: =SUM(M32:M33) -> #REF! | N31: =SUM(N32:N33) -> #REF! | O31: =SUM(O32:O33) -> #REF! | P31: =SUM(M31:O31) -> #REF! | Q31: =L31+P31 -> #REF! | R31: =SUM(R32:R33) -> #REF! | S31: =SUM(S32:S33) -> #REF! | T31: =SUM(T32:T33) -> #REF! | U31: =SUM(R31:T31) -> #REF! | V31: =SUM(V32:V33) -> #REF! | W31: =SUM(W32:W33) -> #REF! | X31: =SUM(X32:X33) -> #REF! | Y31: =SUM(V31:X31) -> #REF! | Z31: =U31+Y31 -> #REF! | AA31: =Z31+Q31 -> #REF!
C32: L&P | D32: 12.450986 | E32: 13.469662 | F32: 16.099182 | G32: 23.179492 | H32: =SUM(D32:G32) -> 65.199322 | I32: =#REF!/10^8 -> #REF! | J32: =#REF!/10^8 -> #REF! | K32: =#REF!/10^8 -> #REF! | L32: =SUM(I32:K32) -> #REF! | M32: =#REF!/10^8 -> #REF! | N32: =#REF!/10^8 -> #REF! | O32: =#REF!/10^8 -> #REF! | P32: =SUM(M32:O32) -> #REF! | Q32: =L32+P32 -> #REF! | R32: =#REF!/10^8 -> #REF! | S32: =#REF!/10^8 -> #REF! | T32: =#REF!/10^8 -> #REF! | U32: =SUM(R32:T32) -> #REF! | V32: =#REF!/10^8 -> #REF! | W32: =#REF!/10^8 -> #REF! | X32: =#REF!/10^8 -> #REF! | Y32: =SUM(V32:X32) -> #REF! | Z32: =U32+Y32 -> #REF! | AA32: =Z32+Q32 -> #REF!
C33: PFS | D33: 0.71185 | E33: 4.123935 | F33: 1.008076 | G33: 4.43837 | H33: =SUM(D33:G33) -> 10.282231 | I33: 0 | J33: 0 | K33: 0.616676 | L33: =SUM(I33:K33) -> 0.616676 | M33: 5.53625 | N33: 1.1155 | O33: 2.36063 | P33: =SUM(M33:O33) -> 9.01238 | Q33: =L33+P33 -> 9.629056 | R33: 7.973476 | S33: 0.465 | T33: 2.874775 | U33: =SUM(R33:T33) -> 11.313251 | V33: 3.51415 | W33: 6.2107 | X33: 2.957 | Y33: =SUM(V33:X33) -> 12.68185 | Z33: =U33+Y33 -> 23.995101 | AA33: =Z33+Q33 -> 33.624157
B34: CMO 개발 | D34: =SUM(D35:D38) -> 9.9912029 | E34: =SUM(E35:E38) -> 24.582544 | F34: =SUM(F35:F38) -> 62.564863 | G34: =SUM(G35:G38) -> 52.023083 | H34: =SUM(H35:H38) -> 149.16169 | I34: =SUM(I35:I38) -> #REF! | J34: =SUM(J35:J38) -> #REF! | K34: =SUM(K35:K38) -> #REF! | ... P34: =SUM(P35:P38) -> #REF! | Q34: =L34+P34 -> #REF! | R34: =SUM(R35:R38) -> 11.716694 | S34: =SUM(S35:S38) -> 4.8056943 | T34: =SUM(T35:T38) -> 9.2906943 | U34: =SUM(U35:U38) -> 25.813083 | V34: =SUM(V35:V38) -> 3.6606943 | W34: =SUM(W35:W38) -> 2.5144443 | X34: =SUM(X35:X38) -> 4.3181943 | Y34: =SUM(Y35:Y38) -> 10.493333 | Z34: =U34+Y34 -> 36.306416 | AA34: =Z34+Q34 -> #REF!
C35: GCP | D35: 4.30912 | E35: 4.3514 | F35: 16.3742 | G35: 5.8224 | H35: =SUM(D35:G35) -> 30.85712 | I35: 0.4 | J35: 1.74 | K35: 0 | L35: =SUM(I35:K35) -> 2.14 | M35: 0.6 | N35: 0.5 | O35: 2.49 | P35: =SUM(M35:O35) -> 3.59 | Q35: =L35+P35 -> 5.73 | R35: 0 | S35: 2.41 | T35: 0.67 | U35: =SUM(R35:T35) -> 3.08 | V35: 0.3 | W35: 0.67 | X35: 1.99 | Y35: =SUM(V35:X35) -> 2.96 | Z35: =U35+Y35 -> 6.04 | AA35: =Z35+Q35 -> 11.77
C36: LCM | D36: 2.55 | E36: 5.66875 | F36: 12.6975 | G36: 7.605 | H36: =SUM(D36:G36) -> 28.52125 | I36: 0 | J36: 0.675 | K36: 2.45375 | L36: =SUM(I36:K36) -> 3.12875 | M36: 2.14 | N36: 1.635 | O36: 0.94875 | P36: =SUM(M36:O36) -> 4.72375 | Q36: =L36+P36 -> 7.8525 | R36: 0.29 | S36: 2.255 | T36: 2.25 | U36: =SUM(R36:T36) -> 4.795 | V36: 2.56 | W36: 1.70375 | X36: 2.1875 | Y36: =SUM(V36:X36) -> 6.45125 | Z36: =U36+Y36 -> 11.24625 | AA36: =Z36+Q36 -> 19.09875
C37: PFS | D37: 3.1320829 | E37: 14.562394 | F37: 32.218163 | G37: 25.158183 | H37: =SUM(D37:G37) -> 75.070822 | I37: 1.6206943 | J37: 0.14069429 | K37: 1.3406943 | L37: =SUM(I37:K37) -> 3.1020829 | M37: 8.5846943 | N37: 0.14069429 | O37: 0.14069429 | P37: =SUM(M37:O37) -> 8.8660829 | Q37: =L37+P37 -> 11.968166 | R37: 11.426694 | S37: 0.14069429 | T37: 6.3706943 | U37: =SUM(R37:T37) -> 17.938083 | V37: 0.80069429 | W37: 0.14069429 | X37: 0.14069429 | Y37: =SUM(V37:X37) -> 1.0820829 | Z37: =U37+Y37 -> 19.020166 | AA37: =Z37+Q37 -> 30.988331
C38: 내재화 | D38: 0 | E38: 0 | F38: 1.275 | G38: 13.4375 | H38: =SUM(D38:G38) -> 14.7125 | I38: =#REF!/10^8 -> #REF! | J38: =#REF!/10^8 -> #REF! | K38: =#REF!/10^8 -> #REF! | L38: =SUM(I38:K38) -> #REF! | M38: =#REF!/10^8 -> #REF! | N38: =#REF!/10^8 -> #REF! | O38: 0 | P38: =SUM(M38:O38) -> #REF! | Q38: =L38+P38 -> #REF! | R38: 0 | S38: 0 | T38: 0 | U38: =SUM(R38:T38) -> 0 | V38: 0 | W38: 0 | X38: 0 | Y38: =SUM(V38:X38) -> 0 | Z38: =U38+Y38 -> 0 | AA38: =Z38+Q38 -> #REF!

Sheet 내재화
B2: ■ 내재화 용역 매출 인식 기준
B3: 1) 매출인식 로직 : 고객사(셀트리온)에게 효익이 발생 되는 시점에 매출 인식 가능
B4: 가. PFS : PFS의 경우 기술이전 이후, PV 및 안정성 시점부터 매출 인식 진행 중
B5: 나. 내재화 : 내재화의 경우, 동일한 원리로 PV 및 안정성 시점부터 매출인식 가능
C6: (허가권이 제약이라고 하더라도, PV배치는 상업화 준비가 완료 되었다고 판단되며 추후 로열티라는 효익 제공)
B8: ■ 용역 매출 증가
B9: 구분 | C9: 2022년 | D9: 2023년
C10: 추가 실적 | D10: 1분기 | L10: 2분기 | T10: 3분기 | AB10: 4분기 | AJ10: 계획 | AK10: Rolling | AL10: Gap
D11: 1월 | F11: 2월 | H11: 3월 | J11: 계획 | K11: Rolling | L11: 4월 | N11: 5월 | P11: 6월 | R11: 계획 | S11: Rolling | T11: 7월 | V11: 8월 | X11: 9월 | Z11: 계획 | AA11: Rolling | AB11: 10월 | AD11: 11월 | AF11: 12월 | AH11: 계획 | AI11: Rolling
D12: 계획 | E12: Rolling | F12: 계획 | G12: Rolling | H12: 계획 | I12: Rolling | L12: 계획 | M12: Rolling | N12: 계획 | O12: Rolling | P12: 계획 | Q12: Rolling | T12: 계획 | U12: Rolling | V12: 계획 | W12: Rolling | X12: 계획 | Y12: Rolling | AB12: 계획 | AC12: Rolling | AD12: 계획 | AE12: Rolling | AF12: 계획 | AG12: Rolling
B13: 합 | C13: =SUM(C14:C18) -> 14.7125 | D13: =SUM(D14:D18) -> 0 | E13: =SUM(E14:E18) -> 8.5875 | F13: =SUM(F14:F18) -> 1.7 | G13: =SUM(G14:G18) -> 3.443875 | H13: =SUM(H14:H18) -> 0.85 | I13: =SUM(I14:I18) -> 3.86875 | J13: =SUM(J14:J18) -> 2.55 | ... AI13: =SUM(AI14:AI18) -> 4.6875 | AJ13: =AH13+Z13+R13+J13 -> 5.95 | AK13: =AI13+AA13+S13+K13 -> 32.162625 | AL13: =AK13-AJ13 -> 26.212625
B14: M01 | C14: 7.3125 | D14: 0 | E14: 0 | J14: =D14+F14+H14 -> 0 | K14: =E14+G14+I14 -> 0 | M14: 0 | O14: 0.46875 | Q14: 0.46875 | R14: =L14+N14+P14 -> 0 | S14: =M14+O14+Q14 -> 0.9375 | W14: 0.46875 | Y14: 0.46875 | Z14: =T14+V14+X14 -> 0 | AA14: =U14+W14+Y14 -> 0.9375 | AE14: 0.46875 | AG14: 0.46875 | AH14: =AB14+AD14+AF14 -> 0 | AI14: =AC14+AE14+AG14 -> 0.9375 | AJ14: =AH14+Z14+R14+J14 -> 0 | AK14: =AI14+AA14+S14+K14 -> 2.8125 | AL14: =AK14-AJ14 -> 2.8125
B15: M02 | C15: 3.0625 | D15: 0 | E15: 4.25 | J15: =D15+F15+H15 -> 0 | K15: =E15+G15+I15 -> 4.25 | M15: 0 | O15: 0.46875 | R15: =L15+N15+P15 -> 0 | S15: =M15+O15+Q15 -> 0.46875 | U15: 0.46875 | W15: 0.46875 | Y15: 0 | Z15: =T15+V15+X15 -> 0 | AA15: =U15+W15+Y15 -> 0.9375 | AC15: 0.46875 | AE15: 0.46875 | AH15: =AB15+AD15+AF15 -> 0 | AI15: =AC15+AE15+AG15 -> 0.9375 | AJ15: =AH15+Z15+R15+J15 -> 0 | AK15: =AI15+AA15+S15+K15 -> 6.59375 | AL15: =AK15-AJ15 -> 6.59375
B16: M03 | C16: 3.0625 | D16: 0 | E16: 2.55 | F16: 1.7 | G16: 1.7 | J16: =D16+F16+H16 -> 1.7 | K16: =E16+G16+I16 -> 4.25 | Q16: 0.46875 | R16: =L16+N16+P16 -> 0 | S16: =M16+O16+Q16 -> 0.46875 | W16: 0.46875 | Y16: 0.46875 | Z16: =T16+V16+X16 -> 0 | AA16: =U16+W16+Y16 -> 0.9375 | AE16: 0.46875 | AG16: 0.46875 | AH16: =AB16+AD16+AF16 -> 0 | AI16: =AC16+AE16+AG16 -> 0.9375 | AJ16: =AH16+Z16+R16+J16 -> 1.7 | AK16: =AI16+AA16+S16+K16 -> 6.59375 | AL16: =AK16-AJ16 -> 4.89375
B17: M04 | C17: 1.275 | D17: 0 | E17: 1.7875 | I17: 2.55 | J17: =D17+F17+H17 -> 0 | K17: =E17+G17+I17 -> 4.3375 | M17: 1.7 | N17: 1.7 | R17: =L17+N17+P17 -> 1.7 | S17: =M17+O17+Q17 -> 1.7 | W17: 0.46875 | Y17: 0.46875 | Z17: =T17+V17+X17 -> 0 | AA17: =U17+W17+Y17 -> 0.9375 | AE17: 0.46875 | AG17: 0.46875 | AH17: =AB17+AD17+AF17 -> 0 | AI17: =AC17+AE17+AG17 -> 0.9375 | AJ17: =AH17+Z17+R17+J17 -> 1.7 | AK17: =AI17+AA17+S17+K17 -> 7.9125 | AL17: =AK17-AJ17 -> 6.2125
B18: M05 | C18: 0 | D18: 0 | E18: 0 | G18: 1.743875 | H18: 0.85 | I18: 1.31875 | J18: =D18+F18+H18 -> 0.85 | K18: =E18+G18+I18 -> 3.062625 | M18: 2.55 | N18: 1.7 | O18: 1.7 | R18: =L18+N18+P18 -> 1.7 | S18: =M18+O18+Q18 -> 4.25 | Z18: =T18+V18+X18 -> 0 | AA18: =U18+W18+Y18 -> 0 | AC18: 0.46875 | AE18: 0.46875 | AH18: =AB18+AD18+AF18 -> 0 | AI18: =AC18+AE18+AG18 -> 0.9375 | AJ18: =AH18+Z18+R18+J18 -> 2.55 | AK18: =AI18+AA18+S18+K18 -> 8.250125 | AL18: =AK18-AJ18 -> 5.700125

Sheet 셀트리온제약
B1: ■ 주간 매출보고 자료 (2월 1주차)
K2: 기준일자 : 2023-01-27
B3: 월 | C3: 주차 | D3: 법인 | E3: 구분 | F3: 상세구분 | G3: 매출실적 | H3: 사업계획 | I3: 예상마감 | J3: 달성률 | K3: 전주 예상마감 | L3: Gap
B4: 1월 | C4: 1주차 | D4: 셀트리온제약 | E4: 케미컬 | F4: 고덱스 | H4: =INDEX(#REF!,MATCH(셀트리온제약!$F4,#REF!,0),MATCH(셀트리온제약!$B4,#REF!,0)) -> #REF! | I4: =H4 -> #REF! | J4: =+G4/H4 -> #REF!
B5: 1월 | C5: 1주차 | D5: 셀트리온제약 | E5: 케미컬 | F5: 도네리온 | H5: =INDEX(#REF!,MATCH(셀트리온제약!$F5,#REF!,0),MATCH(셀트리온제약!$B5,#REF!,0)) -> #REF! | I5: =H5 -> #REF! | J5: =+G5/H5 -> #REF!
B6: 1월 | C6: 1주차 | D6: 셀트리온제약 | E6: 케미컬 | F6: 기타 | H6: =INDEX(#REF!,MATCH(셀트리온제약!$F6,#REF!,0),MATCH(셀트리온제약!$B6,#REF!,0)) -> #REF! | I6: =H6 -> #REF! | J6: =+G6/H6 -> #REF!
B7: 1월 | C7: 1주차 | D7: 셀트리온제약 | E7: 바이오 | F7: 램시마IV | H7: =INDEX(#REF!,MATCH(셀트리온제약!$F7,#REF!,0),MATCH(셀트리온제약!$B7,#REF!,0)) -> #REF! | I7: =H7 -> #REF! | J7: =+G7/H7 -> #REF!
B8: 1월 | C8: 1주차 | D8: 셀트리온제약 | E8: 바이오 | F8: 램시마SC | H8: =INDEX(#REF!,MATCH(셀트리온제약!$F8,#REF!,0),MATCH(셀트리온제약!$B8,#REF!,0)) -> #REF! | I8: =H8 -> #REF! | J8: =+G8/H8 -> #REF!
B9: 1월 | C9: 1주차 | D9: 셀트리온제약 | E9: 바이오 | F9: 트룩시마 | H9: =INDEX(#REF!,MATCH(셀트리온제약!$F9,#REF!,0),MATCH(셀트리온제약!$B9,#REF!,0)) -> #REF! | I9: =H9 -> #REF! | J9: =+G9/H9 -> #REF!
B10: 1월 | C10: 1주차 | D10: 셀트리온제약 | E10: 바이오 | F10: 허쥬마 | H10: =INDEX(#REF!,MATCH(셀트리온제약!$F10,#REF!,0),MATCH(셀트리온제약!$B10,#REF!,0)) -> #REF! | I10: =H10 -> #REF! | J10: =+G10/H10 -> #REF!
B11: 1월 | C11: 1주차 | D11: 셀트리온제약 | E11: 바이오 | F11: 유플라이마 | H11: =INDEX(#REF!,MATCH(셀트리온제약!$F11,#REF!,0),MATCH(셀트리온제약!$B11,#REF!,0)) -> #REF! | I11: =H11 -> #REF! | J11: =+G11/H11 -> #REF!
B12: 1월 | C12: 1주차 | D12: 셀트리온제약 | E12: 바이오 | F12: 베그젤마 | H12: =INDEX(#REF!,MATCH(셀트리온제약!$F12,#REF!,0),MATCH(셀트리온제약!$B12,#REF!,0)) -> #REF! | I12: =H12 -> #REF! | J12: =+G12/H12 -> #REF!
B13: 1월 | C13: 1주차 | D13: 셀트리온제약 | E13: CSO | F13: CSO | H13: =INDEX(#REF!,MATCH(셀트리온제약!$F13,#REF!,0),MATCH(셀트리온제약!$B13,#REF!,0)) -> #REF! | I13: =H13 -> #REF! | J13: =+G13/H13 -> #REF!
B14: 1월 | C14: 1주차 | D14: 셀트리온제약 | E14: 해외사업 | F14: 해외사업 | H14: =INDEX(#REF!,MATCH(셀트리온제약!$F14,#REF!,0),MATCH(셀트리온제약!$B14,#REF!,0)) -> #REF! | I14: =H14 -> #REF! | J14: =+G14/H14 -> #REF!
B15: 1월 | C15: 1주차 | D15: 셀트리온제약 | E15: 용역 | F15: CMO상업_조달 | G15: 5126482260 | H15: 3.84452e+09 | I15: 5126482260 | J15: =+I15/H15 -> 1.3334518 | K15: 5129494020 | L15: =I15-K15 -> -3011760
C16: 1주차 | D16: 셀트리온제약 | E16: 용역 | F16: CMO상업_미국 | G16: 156595400 | H16: 155480000 | I16: 156595400 | J16: =+I16/H16 -> 1.0071739 | K16: 156595400 | L16: =I16-K16 -> 0
C17: 1주차 | D17: 셀트리온제약 | E17: 용역 | F17: CMO상업_L&P | G17: 670443570 | H17: 709659920 | I17: 670443570 | J17: =+I17/H17 -> 0.94473924 | K17: 670443570 | L17: =I17-K17 -> 0
C18: 1주차 | D18: 셀트리온제약 | E18: 용역 | F18: CMO상업_PFS | G18: 536928300 | H18: 0 | I18: 536928300 | K18: 536928300 | L18: =I18-K18 -> 0
C19: 1주차 | D19: 셀트리온제약 | E19: 용역 | F19: CMO용역_GCP | G19: 1271730 | H19: 40000000 | I19: 840000 | J19: =+I19/H19 -> 0.021 | K19: 840000 | L19: =I19-K19 -> 0
C20: 1주차 | D20: 셀트리온제약 | E20: 용역 | F20: CMO용역_LCM | G20: 0 | H20: 0 | I20: 0 | K20: 0 | L20: =I20-K20 -> 0
C21: 1주차 | D21: 셀트리온제약 | E21: 용역 | F21: CMO용역_PFS | G21: 162069429 | H21: 162069429 | I21: 162069429 | J21: =+I21/H21 -> 1 | K21: 162069429 | L21: =I21-K21 -> 0
C22: 1주차 | D22: 셀트리온제약 | E22: 용역 | F22: CMO용역_내재화 | G22: 858750000 | H22: 0 | I22: 858750000 | K22: 858750000 | L22: =I22-K22 -> 0
C23: 1월 예상 실적 | G23: =SUM(G15:G22) -> 7512540689 | H23: =SUM(H15:H22) -> 4911729349 | I23: =SUM(I15:I22) -> 7512108959 | J23: =I23/H23 -> 1.5294224 | K23: =SUM(K15:K22) -> 7515120719 | L23: =SUM(L15:L22) -> -3011760
B24: 2월 | C24: 1주차 | D24: 셀트리온제약 | E24: 용역 | F24: CMO상업_조달 | H24: 3.9220416e+09 | I24: 6267053200 | J24: =+G24/H24 -> 0 | K24: 6267053200 | L24: =I24-K24 -> 0
C25: 1주차 | D25: 셀트리온제약 | E25: 용역 | F25: CMO상업_미국 | H25: 77958400 | I25: 0 | J25: =+G25/H25 -> 0 | K25: 0 | L25: =I25-K25 -> 0
C26: 1주차 | D26: 셀트리온제약 | E26: 용역 | F26: CMO상업_L&P | H26: 706930160 | I26: 637351360 | J26: =+G26/H26 -> 0 | K26: 720000000 | L26: =I26-K26 -> -82648640
C27: 1주차 | D27: 셀트리온제약 | E27: 용역 | F27: CMO상업_PFS | H27: 0 | I27: 750626800 | K27: 750626800 | L27: =I27-K27 -> 0
C28: 1주차 | D28: 셀트리온제약 | E28: 용역 | F28: CMO용역_GCP | H28: 174000000 | I28: 147000000 | J28: =+G28/H28 -> 0 | K28: 214000000 | L28: =I28-K28 -> -67000000
C29: 1주차 | D29: 셀트리온제약 | E29: 용역 | F29: CMO용역_LCM | H29: 67500000 | I29: 38500000 | J29: =+G29/H29 -> 0 | K29: 67500000 | L29: =I29-K29 -> -29000000
C30: 1주차 | D30: 셀트리온제약 | E30: 용역 | F30: CMO용역_PFS | H30: 14069429 | I30: =H30 -> 14069429 | J30: =+G30/H30 -> 0 | K30: 14069429 | L30: =I30-K30 -> 0
C31: 1주차 | D31: 셀트리온제약 | E31: 용역 | F31: CMO용역_내재화 | H31: 170000000 | I31: 344375000 | J31: =+G31/H31 -> 0 | K31: 344375000 | L31: =I31-K31 -> 0
C32: 2월 예상 실적 | G32: =SUM(G24:G31) -> 0 | H32: =SUM(H24:H31) -> 5132499589 | I32: =SUM(I24:I31) -> 8198975789 | J32: =I32/H32 -> 1.5974625 | K32: =SUM(K24:K31) -> 8377624429 | L32: =SUM(L24:L31) -> -178648640
B33: 3월 | C33: 1주차 | D33: 셀트리온제약 | E33: 용역 | F33: CMO상업_조달 | H33: 5612097600 | I33: 1983837820 | J33: =+G33/H33 -> 0 | K33: 1983837820 | L33: =I33-K33 -> 0
C34: 1주차 | D34: 셀트리온제약 | E34: 용역 | F34: CMO상업_미국 | H34: 387902400 | I34: 464745400 | J34: =+G34/H34 -> 0 | K34: 464745400 | L34: =I34-K34 -> 0
C35: 1주차 | D35: 셀트리온제약 | E35: 용역 | F35: CMO상업_L&P | H35: 759929360 | I35: 786519440 | J35: =+G35/H35 -> 0 | K35: 786519440 | L35: =I35-K35 -> 0
C36: 1주차 | D36: 셀트리온제약 | E36: 용역 | F36: CMO상업_PFS | H36: 61667600 | I36: 549400800 | J36: =+G36/H36 -> 0 | K36: 0 | L36: =I36-K36 -> 549400800
C37: 1주차 | D37: 셀트리온제약 | E37: 용역 | F37: CMO용역_GCP | H37: 0 | I37: 0 | K37: 0 | L37: =I37-K37 -> 0
C38: 1주차 | D38: 셀트리온제약 | E38: 용역 | F38: CMO용역_LCM | H38: 245375000 | I38: 245375000 | J38: =+G38/H38 -> 0 | K38: 245375000 | L38: =I38-K38 -> 0
C39: 1주차 | D39: 셀트리온제약 | E39: 용역 | F39: CMO용역_PFS | H39: 134069429 | I39: 134069429 | J39: =+G39/H39 -> 0 | K39: 134069429 | L39: =I39-K39 -> 0
C40: 1주차 | D40: 셀트리온제약 | E40: 용역 | F40: CMO용역_내재화 | H40: 85000000 | I40: 386875000 | J40: =+G40/H40 -> 0 | K40: 85000000 | L40: =I40-K40 -> 301875000
C41: 3월 예상 실적 | G41: =SUM(G33:G40) -> 0 | H41: =SUM(H33:H40) -> 7286041389 | I41: =SUM(I33:I39) -> 4163947889 | J41: =I41/H41 -> 0.5714966 | K41: =SUM(K33:K40) -> 3699547089 | L41: =SUM(L33:L40) -> 851275800
B42: 3월 | C42: 1주차 | D42: 셀트리온제약 | E42: 용역 | F42: 용역_기타* | H42: =INDEX(#REF!,MATCH(셀트리온제약!$F42,#REF!,0),MATCH(셀트리온제약!$B42,#REF!,0)) -> #REF! | I42: =H42 -> #REF! | J42: =+G42/H42 -> #REF!
B43: 3월 | C43: 1주차 | D43: 셀트리온제약 | E43: APAC한국 | F43: APAC한국-ETC | H43: =INDEX(#REF!,MATCH(셀트리온제약!$F43,#REF!,0),MATCH(셀트리온제약!$B43,#REF!,0)) -> #REF! | I43: =H43 -> #REF! | J43: =+G43/H43 -> #REF!
B44: 3월 | C44: 1주차 | D44: 셀트리온제약 | E44: APAC한국 | F44: APAC한국-OTC | H44: =INDEX(#REF!,MATCH(셀트리온제약!$F44,#REF!,0),MATCH(셀트리온제약!$B44,#REF!,0)) -> #REF! | I44: =H44 -> #REF! | J44: =+G44/H44 -> #REF!
B45: 4월 | C45: 1주차 | D45: 셀트리온제약 | E45: 케미컬 | F45: 고덱스 | H45: =INDEX(#REF!,MATCH(셀트리온제약!$F45,#REF!,0),MATCH(셀트리온제약!$B45,#REF!,0)) -> #REF! | I45: =H45 -> #REF! | J45: =+G45/H45 -> #REF!
B46: 4월 | C46: 1주차 | D46: 셀트리온제약 | E46: 케미컬 | F46: 도네리온 | H46: =INDEX(#REF!,MATCH(셀트리온제약!$F46,#REF!,0),MATCH(셀트리온제약!$B46,#REF!,0)) -> #REF! | I46: =H46 -> #REF! | J46: =+G46/H46 -> #REF!
B47: 4월 | C47: 1주차 | D47: 셀트리온제약 | E47: 케미컬 | F47: 기타 | H47: =INDEX(#REF!,MATCH(셀트리온제약!$F47,#REF!,0),MATCH(셀트리온제약!$B47,#REF!,0)) -> #REF! | I47: =H47 -> #REF! | J47: =+G47/H47 -> #REF!
B48: 4월 | C48: 1주차 | D48: 셀트리온제약 | E48: 바이오 | F48: 램시마IV | H48: =INDEX(#REF!,MATCH(셀트리온제약!$F48,#REF!,0),MATCH(셀트리온제약!$B48,#REF!,0)) -> #REF! | I48: =H48 -> #REF! | J48: =+G48/H48 -> #REF!
B49: 4월 | C49: 1주차 | D49: 셀트리온제약 | E49: 바이오 | F49: 램시마SC | H49: =INDEX(#REF!,MATCH(셀트리온제약!$F49,#REF!,0),MATCH(셀트리온제약!$B49,#REF!,0)) -> #REF! | I49: =H49 -> #REF! | J49: =+G49/H49 -> #REF!
B50: 4월 | C50: 1주차 | D50: 셀트리온제약 | E50: 바이오 | F50: 트룩시마 | H50: =INDEX(#REF!,MATCH(셀트리온제약!$F50,#REF!,0),MATCH(셀트리온제약!$B50,#REF!,0)) -> #REF! | I50: =H50 -> #REF! | J50: =+G50/H50 -> #REF!
B51: 4월 | C51: 1주차 | D51: 셀트리온제약 | E51: 바이오 | F51: 허쥬마 | H51: =INDEX(#REF!,MATCH(셀트리온제약!$F51,#REF!,0),MATCH(셀트리온제약!$B51,#REF!,0)) -> #REF! | I51: =H51 -> #REF! | J51: =+G51/H51 -> #REF!
B52: 4월 | C52: 1주차 | D52: 셀트리온제약 | E52: 바이오 | F52: 유플라이마 | H52: =INDEX(#REF!,MATCH(셀트리온제약!$F52,#REF!,0),MATCH(셀트리온제약!$B52,#REF!,0)) -> #REF! | I52: =H52 -> #REF! | J52: =+G52/H52 -> #REF!
B53: 4월 | C53: 1주차 | D53: 셀트리온제약 | E53: 바이오 | F53: 베그젤마 | H53: =INDEX(#REF!,MATCH(셀트리온제약!$F53,#REF!,0),MATCH(셀트리온제약!$B53,#REF!,0)) -> #REF! | I53: =H53 -> #REF! | J53: =+G53/H53 -> #REF!
... B242: 12월 | C242: 1주차 | D242: 셀트리온제약 | E242: APAC한국 | F242: APAC한국-OTC | H242: =INDEX(#REF!,MATCH(셀트리온제약!$F242,#REF!,0),MATCH(셀트리온제약!$B242,#REF!,0)) -> #REF! | I242: =H242 -> #REF! | J242: =+G242/H242 -> #REF!

Sheet Sheet1
A3: 사업계획_구분1 | B3: 구분1.5 | C3: 합계 : 2023.01 | D3: 합계 : 2023.02 | E3: 합계 : 2023.03 | F3: 합계 : 2023.04 | G3: 합계 : 2023.05 | H3: 합계 : 2023.06 | I3: 합계 : 2023.07 | J3: 합계 : 2023.08 | K3: 합계 : 2023.09 | L3: 합계 : 2023.10 | M3: 합계 : 2023.11 | N3: 합계 : 2023.12
A4: APAC | B4: APAC한국-ETC | C4: 3.5171012e+09 | D4: 3.5081858e+09 | E4: 5.2667364e+09 | F4: 5.2756518e+09 | G4: 7.0342024e+09 | H4: 8.792753e+09 | I4: 6.1549271e+09 | J4: 7.9223931e+09 | K4: 9.6809437e+09 | L4: 6.1549271e+09 | M4: 1.1430579e+10 | N4: 1.3189129e+10
A5: APAC | B5: APAC한국-OTC | C5: 4.4274802e+08 | D5: 4.4162571e+08 | E5: 6.6299972e+08 | F5: 6.6412203e+08 | G5: 8.8549603e+08 | H5: 1.10687e+09 | I5: 7.7480903e+08 | J5: 9.9730535e+08 | K5: 1.2186794e+09 | L5: 7.7480903e+08 | M5: 1.4389311e+09 | N5: 1.6603051e+09
A6: 바이오 | B6: 렉키로나 | C6: 0 | D6: 0 | E6: 0 | F6: 0 | G6: 0 | H6: 0 | I6: 0 | J6: 0 | K6: 0 | L6: 0 | M6: 0 | N6: 0
A7: 바이오 | B7: 베그젤마 | C7: 0 | D7: 10000000 | E7: 30000000 | F7: 30000000 | G7: 50000000 | H7: 50000000 | I7: 80000000 | J7: 80000000 | K7: 80000000 | L7: 110000000 | M7: 140000000 | N7: 140000000
A8: 바이오 | B8: 스텔라라 | C8: 0 | D8: 0 | E8: 0 | F8: 0 | G8: 0 | H8: 0 | I8: 0 | J8: 0 | K8: 0 | L8: 0 | M8: 0 | N8: 0
A9: 바이오 | B9: 아일리아 | C9: 0 | D9: 0 | E9: 0 | F9: 0 | G9: 0 | H9: 0 | I9: 0 | J9: 0 | K9: 0 | L9: 0 | M9: 0 | N9: 0
A10: 바이오 | B10: 악템라 | C10: 0 | D10: 0 | E10: 0 | F10: 0 | G10: 0 | H10: 0 | I10: 0 | J10: 0 | K10: 0 | L10: 0 | M10: 0 | N10: 0
A11: 바이오 | B11: 약가보상 | C11: 0 | D11: 0 | E11: 0 | F11: 0 | G11: 0 | H11: 0 | I11: 0 | J11: 0 | K11: 0 | L11: 0 | M11: 0 | N11: 0
A12: 바이오 | B12: 유플라이마 | C12: 1.4256716e+08 | D12: 2.1429851e+08 | E12: 1.9329472e+08 | F12: 1.7955224e+08 | G12: 3.2709334e+08 | H12: 3.8481176e+08 | I12: 2.5307463e+08 | J12: 2.8002762e+08 | K12: 4.5636222e+08 | L12: 1.9522771e+08 | M12: 3.7852145e+08 | N12: 5.9516863e+08
A13: 바이오 | B13: 졸레어 | C13: 0 | D13: 0 | E13: 0 | F13: 0 | G13: 0 | H13: 0 | I13: 0 | J13: 0 | K13: 0 | L13: 0 | M13: 0 | N13: 0
A14: 바이오 | B14: 트룩시마 | C14: 5.5442786e+08 | D14: 8.3338308e+08 | E14: 7.5170169e+08 | F14: 6.9825871e+08 | G14: 1.2720297e+09 | H14: 1.4964902e+09 | I14: 9.841791e+08 | J14: 1.0889963e+09 | K14: 1.774742e+09 | L14: 7.5921888e+08 | M14: 1.4720279e+09 | N14: 2.3145447e+09
A15: 바이오 | B15: 프롤리아 | C15: 0 | D15: 0 | E15: 0 | F15: 0 | G15: 0 | H15: 0 | I15: 0 | J15: 0 | K15: 0 | L15: 0 | M15: 0 | N15: 0
... A35: 케미컬 | B35: 해외사업 | C35: 475000000 | D35: 26300000 | E35: 70750000 | F35: 35250000 | G35: 23750000 | H35: 217375000 | I35: 237500000 | J35: 35250000 | K35: 65000000 | L35: 475000000 | M35: 572400000 | N35: 272750000
A36: 총합계 | C36: 2.5787379e+10 | D36: 2.6785416e+10 | E36: 3.5000823e+10 | F36: 3.0090871e+10 | G36: 3.6658969e+10 | H36: 4.4367012e+10 | I36: 3.076704e+10 | J36: 3.237681e+10 | K36: 4.700023e+10 | L36: 2.8878904e+10 | M36: 3.9810358e+10 | N36: 4.840046e+10
A42: 국가 | B42: 코드 | C42: 1 | D42: 2 | E42: 3 | F42: 4 | G42: 5 | H42: 6 | I42: 7 | J42: 8 | K42: 9 | L42: 10 | M42: 11 | N42: 12
A43: 한국 | B43: KR | C43: 7.8406926e+09 | D43: 7.5040074e+09 | E43: 8.5746923e+09 | F43: 8.1272809e+09 | G43: 7.9000861e+09 | H43: 8.2343155e+09 | I43: 8.2279212e+09 | J43: 8.2574114e+09 | K43: 8.1849296e+09 | L43: 8.2945594e+09 | M43: 8.5435992e+09 | N43: 9.3067347e+09 | O43: =SUM(C43:N43)=#REF!+#REF! -> #REF!
A44: 한국 외 | B44: Ex-KR | C44: 7.6108358e+09 | D44: 7.6596286e+09 | E44: 8.2195874e+09 | F44: 7.3326045e+09 | G44: 8.0560456e+09 | H44: 8.9325807e+09 | I44: 7.670377e+09 | J44: 8.1860928e+09 | K44: 8.259376e+09 | L44: 8.0549551e+09 | M44: 8.1856185e+09 | N44: 8.3565118e+09 | O44: =SUM(C44:N44)=SUM(#REF!) -> #REF!
A45: 태국 | B45: TH | C45: 4.2568336e+09 | D45: 4.5557641e+09 | E45: 4.8865201e+09 | F45: 4.0387624e+09 | G45: 4.846948e+09 | H45: 5.3960306e+09 | I45: 4.4507059e+09 | J45: 4.9266774e+09 | K45: 4.9956543e+09 | L45: 4.7869272e+09 | M45: 4.9081765e+09 | N45: 5.0740876e+09
A46: 대만 | B46: TW | C46: 1.7330261e+09 | D46: 1.4826258e+09 | E46: 1.7071237e+09 | F46: 1.6642681e+09 | G46: 1.5763644e+09 | H46: 1.9001867e+09 | I46: 1.5796773e+09 | J46: 1.6157913e+09 | K46: 1.6157913e+09 | L46: 1.6157913e+09 | M46: 1.630657e+09 | N46: 1.630657e+09
A47: 홍콩 | B47: HK | C47: 1.3332899e+09 | D47: 1.3332899e+09 | E47: 1.3332899e+09 | F47: 1.3332899e+09 | G47: 1.3332899e+09 | H47: 1.3332899e+09 | I47: 1.3332899e+09 | J47: 1.3332899e+09 | K47: 1.3332899e+09 | L47: 1.3332899e+09 | M47: 1.3235321e+09 | N47: 1.3235321e+09
A48: 필리핀 | B48: PH | C48: 54616090 | D48: 55867056 | E48: 59199949 | F48: 62830260 | G48: 66460571 | H48: 70090881 | I48: 73721192 | J48: 77351503 | K48: 80981814 | L48: 84612124 | M48: 88242435 | N48: 91872746
A49: 싱가폴 | B49: SG | C49: 154391160 | D49: 154391160 | E49: 155763160 | F49: 155763160 | G49: 155135960 | H49: 155135960 | I49: 155135960 | J49: 155135960 | K49: 155135960 | L49: 155135960 | M49: 155135960 | N49: 155135960
A50: 말레이시아 | B50: MY | C50: 26609760 | D50: 25621380 | E50: 25621380 | F50: 25621380 | G50: 25777440 | H50: 25777440 | I50: 25777440 | J50: 25777440 | K50: 26453400 | L50: 27129360 | M50: 27805320 | N50: 29157241
A51: 호주 | B51: AU | C51: 52069249 | D51: 52069249 | E51: 52069249 | F51: 52069249 | G51: 52069249 | H51: 52069249 | I51: 52069249 | J51: 52069249 | K51: 52069249 | L51: 52069249 | M51: 52069249 | N51: 52069249
