Workbook
Name _: #N/A
Name _____________________________BRD1: #REF!
Name _____________________________BRD1: #REF!
Name _____________________________BRD2: #REF!
Name _____________________________BRD2: #REF!
Name _____________________________BRD3: #REF!
Name _____________________________BRD3: #REF!
Name _____________________________BRD4: #REF!
Name _____________________________BRD4: #REF!
Name _____________________________BRD5: #REF!
Name _____________________________BRD5: #REF!
Name _____________________________BRD6: #REF!
Name _____________________________BRD6: #REF!
Name _____________________________BRD7: #REF!
Name _____________________________BRD7: #REF!
Name _____________________________INT1: #REF!
Name _____________________________INT1: #REF!
Name _____________________________INT2: #REF!
Name _____________________________INT2: #REF!
Name _____________________________INT3: #REF!
Name _____________________________INT3: #REF!
Name _____________________________INT4: #REF!
Name _____________________________INT4: #REF!
Name _____________________________INT5: #REF!
Name _____________________________INT5: #REF!
Name _____________________________INT6: #REF!
Name _____________________________INT6: #REF!
Name _____________________________INT7: #REF!
Name _____________________________INT7: #REF!
Name _____________________________LIC1: #REF!
Name _____________________________LIC1: #REF!
Name _____________________________LIC2: #REF!
Name _____________________________LIC2: #REF!
Name _____________________________LIC3: #REF!
Name _____________________________LIC3: #REF!
Name _____________________________LIC4: #REF!
Name _____________________________LIC4: #REF!
Name _____________________________LIC5: #REF!
Name _____________________________LIC5: #REF!
Name _____________________________LIC6: #REF!
Name _____________________________LIC6: #REF!
Name _____________________________LIC7: #REF!
Name _____________________________LIC7: #REF!
Name _____________________________PG1: #REF!
Name _____________________________PG1: #REF!
Name _____________________________PG11: #REF!
Name _____________________________PG11: #REF!
Name _____________________________PG13: #REF!
Name _____________________________PG13: #REF!
Name _____________________________PG17: #REF!
Name _____________________________PG17: #REF!
Name _____________________________PG2: #REF!
Name _____________________________PG2: #REF!
Name _____________________________PG3: #REF!
Name _____________________________PG3: #REF!
Name _____________________________PG4: #REF!
Name _____________________________PG4: #REF!
Name _____________________________PG5: #REF!
Name _____________________________PG5: #REF!
Name _____________________________PG6: #REF!

Sheet 그래프용
E10: 바이오 상업 | F10: 내재화 상업 | G10: 개발용역 | H10: 합계
D11: 2025년 | E11: =요약!F22 -> 1076.578 | F11: =요약!F27 -> 141.72946 | G11: =요약!F34 -> 145.64176 | H11: =SUM(E11:G11) -> 1363.9492
D12: 2026년 | E12: =요약!W22 -> 1191.1256 | F12: =요약!W27 -> 170.99974 | G12: =요약!W34 -> 197.10025 | H12: =SUM(E12:G12) -> 1559.2256
D13: 2027년 | E13: =요약!AB22 -> 1408.9332 | F13: =요약!AB27 -> 195.57521 | G13: =요약!AB34 -> 115.64475 | H13: =SUM(E13:G13) -> 1720.1532
D14: 2028년 | E14: =요약!AC22 -> 1728.6441 | F14: =요약!AC27 -> 190.4701 | G14: =요약!AC34 -> 74.3275 | H14: =SUM(E14:G14) -> 1993.4417
D15: 2029년 | E15: =요약!AD22 -> 1661.4906 | F15: =요약!AD27 -> 195.0597 | G15: =요약!AD34 -> 65.0735 | H15: =SUM(E15:G15) -> 1921.6238
D16: 2030년 | E16: =요약!AE22 -> 1517.4793 | F16: =요약!AE27 -> 201.17329 | G16: =요약!AE34 -> 68.0735 | H16: =SUM(E16:G16) -> 1786.7261

Sheet 250909_매출 변동 보고
B1: ◈ 제조부문 매출 변동 요약(25.09.09)
V2: (2025.09.09)
B3: ● '25년 대비 '26년 분기별 비교
B4: 구분 | C4: 제품 | N4: 2025년 대비 26년 차이
F5: 1월 | G5: 2월 | H5: 3월 | I5: 1분기 | J5: 4월 | K5: 5월 | L5: 6월 | M5: 2분기 | N5: 7월 | O5: 8월 | P5: 9월 | Q5: 3분기 | R5: 10월 | S5: 11월 | T5: 12월 | U5: 4분기 | V5: Total
B6: 합계 | F6: =F42-F24 -> 13.927964 | G6: =G42-G24 -> 24.900255 | H6: =H42-H24 -> 58.73409 | I6: =I42-I24 -> 97.562309 | J6: =J42-J24 -> 73.838945 | K6: =K42-K24 -> 33.005717 | L6: =L42-L24 -> 29.374636 | M6: =M42-M24 -> 136.2193 | ... V6: =V42-V24 -> 269.79117
B7: 25 vs. 26 차이 | C7: 바이오 상업 | D7: PFS상업 | E7: 충전 | F7: =F43-F25 -> -18.851523 | G7: =G43-G25 -> 4.933936 | H7: =H43-H25 -> 9.160193 | I7: =I43-I25 -> -4.757394 | J7: =J43-J25 -> 14.131875 | K7: =K43-K25 -> 30.04711 | L7: =L43-L25 -> -5.358083 | M7: =M43-M25 -> 38.820902 | ... V7: =V43-V25 -> 14.222881
E8: 조립 | F8: =F44-F26 -> 31.965375 | G8: =G44-G26 -> -20.728558 | H8: =H44-H26 -> 22.309142 | I8: =I44-I26 -> 33.545959 | J8: =J44-J26 -> 11.026511 | K8: =K44-K26 -> 38.306369 | L8: =L44-L26 -> 10.615799 | M8: =M44-M26 -> 59.94868 | ... V8: =V44-V26 -> 53.33869
E9: 포장 | F9: =F45-F27 -> 26.822166 | G9: =G45-G27 -> 25.070651 | H9: =H45-H27 -> 20.260514 | I9: =I45-I27 -> 72.153331 | J9: =J45-J27 -> 22.438187 | K9: =K45-K27 -> 3.976905 | L9: =L45-L27 -> 13.556874 | M9: =M45-M27 -> 39.971966 | ... V9: =V45-V27 -> 186.00788
F10: =F46-F28 -> 39.936018 | G10: =G46-G28 -> 9.276029 | H10: =H46-H28 -> 51.729849 | I10: =I46-I28 -> 100.9419 | J10: =J46-J28 -> 47.596573 | K10: =K46-K28 -> 72.330384 | L10: =L46-L28 -> 18.81459 | M10: =M46-M28 -> 138.74155 | ... V10: =V46-V28 -> 253.56945
D11: L&P 상업 | F11: =F47-F29 -> -1.6391878 | G11: =G47-G29 -> 0.1400432 | H11: =H47-H29 -> -1.0752506 | I11: =I47-I29 -> -2.5743952 | J11: =J47-J29 -> -1.8441908 | K11: =K47-K29 -> 0.7380894 | L11: =L47-L29 -> -2.0891064 | M11: =M47-M29 -> -3.1952078 | ... V11: =V47-V29 -> 3.0633753
C12: 바이오 상업 | F12: =F48-F30 -> 38.29683 | G12: =G48-G30 -> 9.4160722 | H12: =H48-H30 -> 50.654598 | I12: =I48-I30 -> 98.367501 | J12: =J48-J30 -> 45.752382 | K12: =K48-K30 -> 73.068474 | L12: =L48-L30 -> 16.725484 | M12: =M48-M30 -> 135.54634 | ... V12: =V48-V30 -> 256.63282
C13: 내재화 상업 | F13: =F49-F31 -> 6.4276116 | G13: =G49-G31 -> 12.739245 | H13: =H49-H31 -> -0.41481615 | I13: =I49-I31 -> 18.752041 | J13: =J49-J31 -> 12.918406 | K13: =K49-K31 -> -16.727663 | L13: =L49-L31 -> 12.351426 | M13: =M49-M31 -> 8.5421688 | ... V13: =V49-V31 -> 37.749102
C14: 케미컬 상업 | F14: =F50-F32 -> 6.4276116 | G14: =G50-G32 -> 12.739245 | H14: =H50-H32 -> -0.41481615 | I14: =I50-I32 -> 18.752041 | J14: =J50-J32 -> 12.918406 | K14: =K50-K32 -> -16.727663 | L14: =L50-L32 -> 12.351426 | M14: =M50-M32 -> 8.5421688 | ... V14: =V50-V32 -> 37.749102
C15: 개발용역 | D15: 케미컬 | E15: CMO용역 | F15: =F51-F33 -> -0.67 | G15: =G51-G33 -> 0 | H15: =H51-H33 -> 0 | I15: =I51-I33 -> -0.67 | J15: =J51-J33 -> 0.3 | K15: =K51-K33 -> 0 | L15: =L51-L33 -> 0 | M15: =M51-M33 -> 0.3 | ... V15: =V51-V33 -> -0.37
E16: LCM용역 | F16: =F52-F34 -> 0.9375 | G16: =G52-G34 -> 0.46875 | H16: =H52-H34 -> -2.7225 | I16: =I52-I34 -> -1.31625 | J16: =J52-J34 -> 0.9375 | K16: =K52-K34 -> 0.46875 | L16: =L52-L34 -> -1.62125 | M16: =M52-M34 -> -0.215 | ... V16: =V52-V34 -> -12.33625
E17: 내재화용역 | F17: =F53-F35 -> -1.4280417 | G17: =G53-G35 -> 2.2339583 | H17: =H53-H35 -> 1.2677083 | I17: =I53-I35 -> 2.073625 | J17: =J53-J35 -> 1.7586667 | K17: =K53-K35 -> -2.3058333 | L17: =L53-L35 -> 2.5554167 | M17: =M53-M35 -> 2.00825 | ... V17: =V53-V35 -> 1.4406249
E18: 기타(QA위임등) | F18: =F54-F36 -> -0.50392557 | G18: =G54-G36 -> -0.04176042 | H18: =H54-H36 -> -0.16489 | I18: =I54-I36 -> -0.71057599 | J18: =J54-J36 -> 0 | K18: =K54-K36 -> 0 | L18: =L54-L36 -> -0.26043 | M18: =M54-M36 -> -0.26043 | ... V18: =V54-V36 -> -0.97100599
F19: =F55-F37 -> -1.6644672 | G19: =G55-G37 -> 2.6609479 | H19: =H55-H37 -> -1.6196817 | I19: =I55-I37 -> -0.623201 | J19: =J55-J37 -> 2.9961667 | K19: =K55-K37 -> -1.8370833 | L19: =L55-L37 -> 0.67373666 | M19: =M55-M37 -> 1.83282 | ... V19: =V55-V37 -> -12.236631
D20: 바이오 | E20: PFS용역 | F20: =F56-F38 -> -29.13201 | G20: =G56-G38 -> 0.08398964 | H20: =H56-H38 -> 10.11399 | I20: =I56-I38 -> -18.934031 | J20: =J56-J38 -> 12.17199 | K20: =K56-K38 -> -21.49801 | L20: =L56-L38 -> -0.37601036 | M20: =M56-M38 -> -9.7020311 | ... V20: =V56-V38 -> -12.354124
C21: 개발용역 | F21: =F57-F39 -> -30.796478 | G21: =G57-G39 -> 2.7449375 | H21: =H57-H39 -> 8.494308 | I21: =I57-I39 -> -19.557232 | J21: =J57-J39 -> 15.168156 | K21: =K57-K39 -> -23.335094 | L21: =L57-L39 -> 0.2977263 | M21: =M57-M39 -> -7.8692111 | ... V21: =V57-V39 -> -24.590755
B22: 구분 | C22: 제품 | D22: 구분 | E22: 공정 | N22: 2025년(+81억 기준)
F23: 1월 | G23: 2월 | H23: 3월 | I23: 1분기 | J23: 4월 | K23: 5월 | L23: 6월 | M23: 2분기 | N23: 7월 | O23: 8월 | P23: 9월 | Q23: 3분기 | R23: 10월 | S23: 11월 | T23: 12월 | U23: 4분기 | V23: Total
B24: 합계 | F24: =F30+F32+F39 -> 112.80754 | G24: =G30+G32+G39 -> 67.552261 | H24: =H30+H32+H39 -> 93.744846 | I24: =I30+I32+I39 -> 274.10465 | J24: =J30+J32+J39 -> 92.986011 | K24: =K30+K32+K39 -> 107.32625 | L24: =L30+L32+L39 -> 121.81766 | M24: =M30+M32+M39 -> 322.12992 | ... V24: =V30+V32+V39 -> 1393.6532
B25: 25년 실질롤링 (+81억) | C25: 바이오 상업 | D25: PFS상업 | E25: 충전 | F25: 49.012503 | G25: 25.548524 | H25: 32.070624 | I25: =SUM(F25:H25) -> 106.63165 | J25: 34.032669 | K25: 19.915138 | L25: 44.855663 | M25: =SUM(J25:L25) -> 98.80347 | N25: 28.090427 | O25: 48.690204 | P25: 40.908414 | Q25: =SUM(N25:P25) -> 117.68904 | R25: 39.2997 | S25: 65.2608 | T25: 16.502508 | U25: =SUM(R25:T25) -> 121.06301 | V25: =SUM(U25,Q25,M25,I25) -> 444.18717
E26: 조립 | F26: 17.651358 | G26: 20.728558 | H26: 29.08802 | I26: =SUM(F26:H26) -> 67.467936 | J26: 37.604204 | K26: 11.535708 | L26: 33.269352 | M26: =SUM(J26:L26) -> 82.409264 | N26: 42.593114 | O26: 30.746592 | P26: 37.3354 | Q26: =SUM(N26:P26) -> 110.67511 | R26: 69.97583 | S26: 42.348454 | T26: 40.215502 | U26: =SUM(R26:T26) -> 152.53979 | V26: =SUM(U26,Q26,M26,I26) -> 413.09209
E27: 포장 | F27: 3.178928 | G27: 3.692459 | H27: 8.077084 | I27: =SUM(F27:H27) -> 14.948471 | J27: 8.432902 | K27: 25.520342 | L27: 16.947594 | M27: =SUM(J27:L27) -> 50.900838 | N27: 8.177828 | O27: 12.021219 | P27: 23.006758 | Q27: =SUM(N27:P27) -> 43.205805 | R27: 17.765504 | S27: 28.470045 | T27: 32.41644 | U27: =SUM(R27:T27) -> 78.651989 | V27: =SUM(U27,Q27,M27,I27) -> 187.7071
F28: =SUM(F25:F27) -> 69.842789 | G28: =SUM(G25:G27) -> 49.969541 | H28: =SUM(H25:H27) -> 69.235728 | I28: =SUM(I25:I27) -> 189.04806 | J28: =SUM(J25:J27) -> 80.069775 | K28: =SUM(K25:K27) -> 56.971188 | L28: =SUM(L25:L27) -> 95.072609 | M28: =SUM(M25:M27) -> 232.11357 | ... U28: =SUM(U25:U27) -> 352.25478 | V28: =SUM(U28,Q28,M28,I28) -> 1044.9864
D29: L&P 상업 | F29: 6.1868338 | G29: 4.3794528 | H29: 4.0223598 | I29: =SUM(F29:H29) -> 14.588646 | J29: 6.0428488 | K29: 4.053805 | L29: 5.30925 | M29: =SUM(J29:L29) -> 15.405904 | N29: 4.591475 | O29: 1.6958857 | P29: 0 | Q29: =SUM(N29:P29) -> 6.2873607 | R29: 3.0032128 | S29: 5.749334 | T29: 3.5385655 | U29: =SUM(R29:T29) -> 12.291112 | V29: =SUM(U29,Q29,M29,I29) -> 48.573023
C30: 바이오 상업 | F30: =F29+F28 -> 76.029623 | G30: =G29+G28 -> 54.348994 | H30: =H29+H28 -> 73.258088 | I30: =I29+I28 -> 203.6367 | J30: =J29+J28 -> 86.112624 | K30: =K29+K28 -> 61.024993 | L30: =L29+L28 -> 100.38186 | M30: =M29+M28 -> 247.51948 | ... V30: =V29+V28 -> 1093.5594
C31: 내재화 상업 | F31: 3.0051884 | G31: 12.609455 | H31: 2.3648161 | I31: =SUM(F31:H31) -> 17.979459 | J31: 6.0472936 | K31: 17.855413 | L31: 11.957274 | M31: =SUM(J31:L31) -> 35.859981 | N31: 10.993056 | O31: 27.990325 | P31: 5.4876663 | Q31: =SUM(N31:P31) -> 44.471047 | R31: 11.74176 | S31: 23.215005 | T31: 2.202795 | U31: =SUM(R31:T31) -> 37.15956 | V31: =SUM(U31,Q31,M31,I31) -> 135.47005
C32: 케미컬 상업 | F32: =F31 -> 3.0051884 | G32: =G31 -> 12.609455 | H32: =H31 -> 2.3648161 | I32: =I31 -> 17.979459 | J32: =J31 -> 6.0472936 | K32: =K31 -> 17.855413 | L32: =L31 -> 11.957274 | M32: =M31 -> 35.859981 | ... V32: =V31 -> 135.47005
C33: 개발용역 | D33: 케미컬 | E33: CMO용역 | F33: 0.67 | I33: =SUM(F33:H33) -> 0.67 | M33: =SUM(J33:L33) -> 0 | Q33: =SUM(N33:P33) -> 0 | U33: =SUM(R33:T33) -> 0 | V33: =SUM(U33,Q33,M33,I33) -> 0.67
E34: LCM용역 | F34: 0 | G34: 0 | H34: 3.66 | I34: =SUM(F34:H34) -> 3.66 | J34: 0 | K34: 0 | L34: 2.09 | M34: =SUM(J34:L34) -> 2.09 | N34: 2.85625 | O34: 1.18 | P34: 4.3375 | Q34: =SUM(N34:P34) -> 8.37375 | R34: 0 | S34: 0.85 | T34: 2.51875 | U34: =SUM(R34:T34) -> 3.36875 | V34: =SUM(U34,Q34,M34,I34) -> 17.4925
E35: 내재화용역 | F35: 2.7467917 | G35: 0.31604167 | H35: 2.1910417 | I35: =SUM(F35:H35) -> 5.253875 | J35: 0.41008334 | K35: 2.7058333 | L35: 0.36208334 | M35: =SUM(J35:L35) -> 3.478 | N35: 0.36208334 | O35: 0.36208334 | P35: 1.2995833 | Q35: =SUM(N35:P35) -> 2.02375 | R35: 0.36208334 | S35: 0.83083334 | T35: 1.2995833 | U35: =SUM(R35:T35) -> 2.4925 | V35: =SUM(U35,Q35,M35,I35) -> 13.248125
E36: 기타(QA위임등) | F36: 0.50392557 | G36: 0.04176042 | H36: 0.16489 | I36: =SUM(F36:H36) -> 0.71057599 | J36: 0 | K36: 0 | L36: 0.26043 | M36: =SUM(J36:L36) -> 0.26043 | N36: 0 | O36: 0 | P36: 0 | Q36: =SUM(N36:P36) -> 0 | R36: 0 | S36: 0 | T36: 0 | U36: =SUM(R36:T36) -> 0 | V36: =SUM(U36,Q36,M36,I36) -> 0.97100599
F37: 3.9207172 | G37: 0.35780209 | H37: 6.0159317 | I37: =SUM(F37:H37) -> 10.294451 | J37: 0.41008334 | K37: 2.7058333 | L37: 2.7125133 | M37: =SUM(J37:L37) -> 5.82843 | N37: 3.2183333 | O37: 1.5420833 | P37: 5.6370833 | Q37: =SUM(N37:P37) -> 10.3975 | R37: 0.36208334 | S37: 1.6808333 | T37: 3.8183333 | U37: =SUM(R37:T37) -> 5.86125 | V37: =SUM(U37,Q37,M37,I37) -> 32.381631
D38: 바이오 | E38: PFS용역 | F38: 29.85201 | G38: 0.23601036 | H38: 12.10601 | I38: =SUM(F38:H38) -> 42.194031 | J38: 0.41601036 | K38: 25.74001 | L38: 6.7660104 | M38: =SUM(J38:L38) -> 32.922031 | N38: 1.5760104 | O38: 20.40661 | P38: 17.02001 | Q38: =SUM(N38:P38) -> 39.002631 | R38: 0.23601036 | S38: 2.6830104 | T38: 15.20441 | U38: =SUM(R38:T38) -> 18.123431 | V38: =SUM(U38,Q38,M38,I38) -> 132.24212
C39: 개발용역 | F39: =F38+F37 -> 33.772728 | G39: =G38+G37 -> 0.59381245 | H39: =H38+H37 -> 18.121942 | I39: =I38+I37 -> 52.488482 | J39: =J38+J37 -> 0.8260937 | K39: =K38+K37 -> 28.445844 | L39: =L38+L37 -> 9.4785237 | M39: =M38+M37 -> 38.750461 | ... V39: =V38+V37 -> 164.62376
B40: 구분 | C40: 제품 | D40: 구분 | E40: 공정 | N40: 2026년
F41: 1월 | G41: 2월 | H41: 3월 | I41: 1분기 | J41: 4월 | K41: 5월 | L41: 6월 | M41: 2분기 | N41: 7월 | O41: 8월 | P41: 9월 | Q41: 3분기 | R41: 10월 | S41: 11월 | T41: 12월 | U41: 4분기 | V41: Total
B42: 합계 | F42: 126.7355 | G42: 92.452516 | H42: 152.47894 | I42: 371.66695 | J42: 166.82496 | K42: 140.33197 | L42: 151.19229 | M42: 458.34922 | N42: 144.09425 | O42: 138.63573 | P42: 171.16042 | Q42: 453.8904 | R42: 88.298812 | S42: 125.58269 | T42: 165.6563 | U42: 379.5378 | V42: 1663.4444
B43: 26년 사업계획 | C43: 바이오 상업 | D43: PFS상업 | E43: 충전 | F43: 30.16098 | G43: 30.48246 | H43: 41.230817 | I43: 101.87426 | J43: 48.164544 | K43: 49.962248 | L43: 39.49758 | M43: 137.62437 | N43: 44.965476 | O43: 37.209068 | P43: 41.061546 | Q43: 123.23609 | R43: 11.862612 | S43: 23.883722 | T43: 59.929002 | U43: 95.675336 | V43: 458.41005
E44: 조립 | F44: 49.616733 | G44: 0 | H44: 51.397162 | I44: 101.01389 | J44: 48.630715 | K44: 49.842077 | L44: 43.885151 | M44: 142.35794 | N44: 55.400242 | O44: 41.495903 | P44: 51.322728 | Q44: 148.21887 | R44: 20.96056 | S44: 32.870455 | T44: 21.009055 | U44: 74.840071 | V44: 466.43078
E45: 포장 | F45: 30.001094 | G45: 28.76311 | H45: 28.337598 | I45: 87.101802 | J45: 30.871089 | K45: 29.497247 | L45: 30.504468 | M45: 90.872804 | N45: 26.838239 | O45: 33.507819 | P45: 31.371319 | Q45: 91.717377 | R45: 31.666133 | S45: 38.290916 | T45: 34.065948 | U45: 104.023 | V45: 373.71498
F46: 109.77881 | G46: 59.24557 | H46: 120.96558 | I46: 289.98995 | J46: 127.66635 | K46: 129.30157 | L46: 113.8872 | M46: 370.85512 | N46: 127.20396 | O46: 112.21279 | P46: 123.75559 | Q46: 363.17234 | R46: 64.489305 | S46: 95.045093 | T46: 115.00401 | U46: 274.5384 | V46: 1298.5558
D47: L&P 상업 | F47: 4.547646 | G47: 4.519496 | H47: 2.9471092 | I47: 12.014251 | J47: 4.198658 | K47: 4.7918944 | L47: 3.2201436 | M47: 12.210696 | N47: 5.0285436 | O47: 5.6127878 | P47: 2.3312762 | Q47: 12.972608 | R47: 5.2395568 | S47: 5.3743936 | T47: 3.8248932 | U47: 14.438844 | V47: 51.636398
C48: 바이오 상업 | F48: 114.32645 | G48: 63.765066 | H48: 123.91269 | I48: 302.0042 | J48: 131.86501 | K48: 134.09347 | L48: 117.10734 | M48: 383.06582 | N48: 132.2325 | O48: 117.82558 | P48: 126.08687 | Q48: 376.14495 | R48: 69.728862 | S48: 100.41949 | T48: 118.8289 | U48: 288.97725 | V48: 1350.1922
C49: 내재화 상업 | F49: 9.4328 | G49: 25.3487 | H49: 1.95 | I49: 36.7315 | J49: 18.9657 | K49: 1.12775 | L49: 24.3087 | M49: 44.40215 | N49: 10.673 | O49: 12.5554 | P49: 21.1588 | Q49: 44.3872 | R49: 18.1012 | S49: 5.1597 | T49: 24.4374 | U49: 47.6983 | V49: 173.21915
C50: 케미컬 상업 | F50: 9.4328 | G50: 25.3487 | H50: 1.95 | I50: 36.7315 | J50: 18.9657 | K50: 1.12775 | L50: 24.3087 | M50: 44.40215 | N50: 10.673 | O50: 12.5554 | P50: 21.1588 | Q50: 44.3872 | R50: 18.1012 | S50: 5.1597 | T50: 24.4374 | U50: 47.6983 | V50: 173.21915
C51: 개발용역 | D51: 케미컬 | E51: CMO용역 | F51: 0 | G51: 0 | H51: 0 | I51: 0 | J51: 0.3 | K51: 0 | L51: 0 | M51: 0.3 | N51: 0 | O51: 0 | P51: 0 | Q51: 0 | R51: 0 | S51: 0 | T51: 0 | U51: 0 | V51: 0.3
E52: LCM용역 | F52: 0.9375 | G52: 0.46875 | H52: 0.9375 | I52: 2.34375 | J52: 0.9375 | K52: 0.46875 | L52: 0.46875 | M52: 1.875 | N52: 0.46875 | O52: 0 | P52: 0 | Q52: 0.46875 | R52: 0.46875 | S52: 0 | T52: 0 | U52: 0.46875 | V52: 5.15625
E53: 내재화용역 | F53: 1.31875 | G53: 2.55 | H53: 3.45875 | I53: 7.3275 | J53: 2.16875 | K53: 0.4 | L53: 2.9175 | M53: 5.48625 | N53: 0 | O53: 0.46875 | P53: 0.46875 | Q53: 0.9375 | R53: 0 | S53: 0.9375 | T53: 0 | U53: 0.9375 | V53: 14.68875
E54: 기타(QA위임등) | F54: 0 | G54: 0 | H54: 0 | J54: 0 | K54: 0 | L54: 0 | N54: 0 | O54: 0 | P54: 0 | R54: 0 | S54: 0 | T54: 0
F55: 2.25625 | G55: 3.01875 | H55: 4.39625 | I55: 9.67125 | J55: 3.40625 | K55: 0.86875 | L55: 3.38625 | M55: 7.66125 | N55: 0.46875 | O55: 0.46875 | P55: 0.46875 | Q55: 1.40625 | R55: 0.46875 | S55: 0.9375 | T55: 0 | U55: 1.40625 | V55: 20.145
D56: 바이오 | E56: PFS용역 | F56: 0.72 | G56: 0.32 | H56: 22.22 | I56: 23.26 | J56: 12.588 | K56: 4.242 | L56: 6.39 | M56: 23.22 | N56: 0.72 | O56: 7.786 | P56: 23.446 | Q56: 31.952 | R56: 0 | S56: 19.066 | T56: 22.39 | U56: 41.456 | V56: 119.888
C57: 개발용역 | F57: 2.97625 | G57: 3.33875 | H57: 26.61625 | I57: 32.93125 | J57: 15.99425 | K57: 5.11075 | L57: 9.77625 | M57: 30.88125 | N57: 1.18875 | O57: 8.25475 | P57: 23.91475 | Q57: 33.35825 | R57: 0.46875 | S57: 20.0035 | T57: 22.39 | U57: 42.86225 | V57: 140.033
B60: ● 25-30년 연도별 증감 ('25년 +50억 기준)
B62: 구분 | C62: 제품 | D62: 구분 | E62: 공정 | F62: 2025년 (+50억) | G62: 2026년 | H62: 증감 | I62: 2027년 | J62: 증감 | K62: 2028년 | L62: 증감 | M62: 2029년 | N62: 증감 | O62: 2030년 | P62: 증감
G63: Total | I63: Total | K63: Total | M63: Total | O63: Total
B64: 합계 | F64: 1363.9492 | G64: 1663.4444 | H64: =G64-F64 -> 299.49519 | I64: 1707.3246 | J64: =I64-G64 -> 43.880275 | K64: 2049.9008 | L64: =K64-I64 -> 342.57613 | M64: 1987.4781 | N64: =M64-K64 -> -62.422634 | O64: 1861.8305 | P64: =O64-M64 -> -125.64766
B65: 사업계획 | C65: 바이오 상업 | D65: PFS상업 | E65: 충전 | F65: 431.56358 | G65: 458.41005 | H65: =G65-F65 -> 26.846474 | I65: 561 | J65: =I65-G65 -> 102.58995 | K65: 664 | L65: =K65-I65 -> 103 | M65: 683 | N65: =M65-K65 -> 19 | O65: 615 | P65: =O65-M65 -> -68
E66: 조립 | F66: 409.14798 | G66: 466.43078 | H66: =G66-F66 -> 57.282805 | I66: 420 | J66: =I66-G66 -> -46.430781 | K66: 634 | L66: =K66-I66 -> 214 | M66: 545 | N66: =M66-K66 -> -89 | O66: 466 | P66: =O66-M66 -> -79
E67: 포장 | F67: 185.86048 | G67: 373.71498 | H67: =G67-F67 -> 187.8545 | I67: 373.71498 | J67: =I67-G67 -> 0 | K67: 373.71498 | L67: =K67-I67 -> 0 | M67: 373.71498 | N67: =M67-K67 -> 0 | O67: 373.71498 | P67: =O67-M67 -> 0
D68: 소계 | F68: 1026.572 | G68: 1298.5558 | H68: =G68-F68 -> 271.98378 | I68: 1354.715 | J68: =I68-G68 -> 56.159164 | K68: 1671.715 | L68: =K68-I68 -> 317 | M68: 1601.715 | N68: =M68-K68 -> -70 | O68: 1454.715 | P68: =O68-M68 -> -147
D69: L&P 상업 | F69: 50.005924 | G69: 51.636398 | H69: =G69-F69 -> 1.6304745 | I69: 54.218218 | J69: =I69-G69 -> 2.5818199 | K69: 56.929129 | L69: =K69-I69 -> 2.7109109 | M69: 59.775586 | N69: =M69-K69 -> 2.8464565 | O69: 62.764365 | P69: =O69-M69 -> 2.9887793
C70: 소계 | F70: 1076.578 | G70: 1350.1922 | H70: =G70-F70 -> 273.61425 | I70: 1408.9332 | J70: =I70-G70 -> 58.740983 | K70: 1728.6441 | L70: =K70-I70 -> 319.71091 | M70: 1661.4906 | N70: =M70-K70 -> -67.153544 | O70: 1517.4793 | P70: =O70-M70 -> -144.01122
C71: 케미컬 상업 | D71: APAC | E71: 네시나F | G71: 64.6321 | H71: =G71-F71 -> 64.6321 | I71: 64.6321 | J71: =I71-G71 -> 0 | K71: 64.6321 | L71: =K71-I71 -> 0 | M71: 64.6321 | N71: =M71-K71 -> 0 | O71: 64.6321 | P71: =O71-M71 -> 0
E72: 이달비F | G72: 108.58705 | H72: =G72-F72 -> 108.58705 | I72: 108.58705 | J72: =I72-G72 -> 0 | K72: 108.58705 | L72: =K72-I72 -> 0 | M72: 108.58705 | N72: =M72-K72 -> 0 | O72: 108.58705 | P72: =O72-M72 -> 0
D73: 소계 | G73: 173.21915 | H73: =G73-F73 -> 173.21915 | I73: 173.21915 | J73: =I73-G73 -> 0 | K73: 173.21915 | L73: =K73-I73 -> 0 | M73: 173.21915 | N73: =M73-K73 -> 0 | O73: 173.21915 | P73: =O73-M73 -> 0
D74: 프랑스 | H74: =G74-F74 -> 0 | I74: 9.5275411 | J74: =I74-G74 -> 9.5275411 | K74: 73.710007 | L74: =K74-I74 -> 64.182466 | M74: 87.694916 | N74: =M74-K74 -> 13.984909 | O74: 103.05848 | P74: =O74-M74 -> 15.363561
C75: 소계 | F75: 141.72946 | G75: 173.21915 | H75: =G75-F75 -> 31.48969 | I75: 182.74669 | J75: =I75-G75 -> 9.5275411 | K75: 246.92916 | L75: =K75-I75 -> 64.182466 | M75: 260.91407 | N75: =M75-K75 -> 13.984909 | O75: 276.27763 | P75: =O75-M75 -> 15.363561
C76: 개발용역 | D76: 케미컬 | E76: CMO용역 | F76: 0.67 | G76: 0.3 | H76: =G76-F76 -> -0.37 | I76: 0 | J76: =I76-G76 -> -0.3 | K76: 0 | L76: =K76-I76 -> 0 | M76: 0 | N76: =M76-K76 -> 0 | O76: 0 | P76: =O76-M76 -> 0
E77: LCM용역 | F77: 12.8925 | G77: 5.15625 | H77: =G77-F77 -> -7.73625 | I77: 0.9375 | J77: =I77-G77 -> -4.21875 | K77: 0 | L77: =K77-I77 -> -0.9375 | M77: 0 | N77: =M77-K77 -> 0 | O77: 0 | P77: =O77-M77 -> 0
E78: 내재화용역 | F78: 13.248125 | G78: 14.68875 | H78: =G78-F78 -> 1.4406249 | I78: 3.28125 | J78: =I78-G78 -> -11.4075 | K78: 0.9375 | L78: =K78-I78 -> -2.34375 | M78: 0.9375 | N78: =M78-K78 -> 0 | O78: 0.9375 | P78: =O78-M78 -> 0
E79: 기타(QA위임등) | F79: 1.319006 | H79: =G79-F79 -> -1.319006 | J79: =I79-G79 -> 0 | K79: 0 | L79: =K79-I79 -> 0 | M79: 0 | N79: =M79-K79 -> 0 | O79: 0 | P79: =O79-M79 -> 0
D80: 소계 | F80: 28.129631 | G80: 20.145 | H80: =G80-F80 -> -7.9846311 | I80: 4.21875 | J80: =I80-G80 -> -15.92625 | K80: 0.9375 | L80: =K80-I80 -> -3.28125 | M80: 0.9375 | N80: =M80-K80 -> 0 | O80: 0.9375 | P80: =O80-M80 -> 0
D81: 바이오 | E81: PFS용역 | F81: 117.51212 | G81: 119.888 | H81: =G81-F81 -> 2.3758757 | I81: 111.426 | J81: =I81-G81 -> -8.462 | K81: 73.39 | L81: =K81-I81 -> -38.036 | M81: 64.136 | N81: =M81-K81 -> -9.254 | O81: 67.136 | P81: =O81-M81 -> 3
C82: 소계 | F82: 145.64176 | G82: 140.033 | H82: =G82-F82 -> -5.6087554 | I82: 115.64475 | J82: =I82-G82 -> -24.38825 | K82: 74.3275 | L82: =K82-I82 -> -41.31725 | M82: 65.0735 | N82: =M82-K82 -> -9.254 | O82: 68.0735 | P82: =O82-M82 -> 3
B84: ● 26-30년 기존보고(8/28) 대비 차이
B86: 1. 기 보고 대비 매출 차액 요약 (27년 -54억, 28년 -130억, 29년 -105억, 30년 -179억)
B87: 1) 프랑스제네릭 27년 3분기 → 4분기 매출로 이월
B88: 2) PFS 충전/조립 CT-P13, P41, P47의 S/up 30만 배치 삭제
B89: 구분 | C89: 제품 | D89: 구분 | E89: 공정 | F89: 차이 | K89: 기존 | P89: 변경 (27년 -54억, 28년 -130억, 29년 -105억, 30년 -179억)
F90: 2026년 | G90: 2027년 | H90: 2028년 | I90: 2029년 | J90: 2030년 | K90: 2026년 | L90: 2027년 | M90: 2028년 | N90: 2029년 | O90: 2030년 | P90: 2026년 | Q90: 2027년 | R90: 2028년 | S90: 2029년 | T90: 2030년
F91: Total | G91: Total | H91: Total | I91: Total | J91: Total | K91: Total | L91: Total | M91: Total | N91: Total | O91: Total | P91: Total | Q91: Total | R91: Total | S91: Total | T91: Total
B92: 합계 | F92: =P92-K92 -> 0 | G92: =Q92-L92 -> -53.702428 | H92: =R92-M92 -> -129.63836 | I92: =S92-N92 -> -104.68301 | J92: =T92-O92 -> -179.49659 | K92: 1663.4444 | L92: 1761.0271 | M92: 2179.5391 | N92: 2092.1611 | O92: 2041.3271 | P92: 1663.4444 | Q92: 1707.3246 | R92: 2049.9008 | S92: 1987.4781 | T92: 1861.8305
B93: 사업계획 | C93: 바이오 상업 | D93: PFS상업 | E93: 충전 | F93: =P93-K93 -> 0 | G93: =Q93-L93 -> -15.537995 | H93: =R93-M93 -> -39.622022 | I93: =S93-N93 -> -28.039698 | J93: =T93-O93 -> -63.536626 | K93: 458.41005 | L93: 576.53799 | M93: 703.62202 | N93: 711.0397 | O93: 678.53663 | P93: 458.41005 | Q93: 561 | R93: 664 | S93: 683 | T93: 615
E94: 조립 | F94: =P94-K94 -> 0 | G94: =Q94-L94 -> -38.164433 | H94: =R94-M94 -> -90.016335 | I94: =S94-N94 -> -76.643308 | J94: =T94-O94 -> -115.95997 | K94: 466.43078 | L94: 458.16443 | M94: 724.01634 | N94: 621.64331 | O94: 581.95997 | P94: 466.43078 | Q94: 420 | R94: 634 | S94: 545 | T94: 466
E95: 포장 | F95: =P95-K95 -> 0 | G95: =Q95-L95 -> 0 | H95: =R95-M95 -> 0 | I95: =S95-N95 -> 0 | J95: =T95-O95 -> 0 | K95: 373.71498 | L95: 373.71498 | M95: 373.71498 | N95: 373.71498 | O95: 373.71498 | P95: 373.71498 | Q95: 373.71498 | R95: 373.71498 | S95: 373.71498 | T95: 373.71498
D96: 소계 | F96: =P96-K96 -> 0 | G96: =Q96-L96 -> -53.702428 | H96: =R96-M96 -> -129.63836 | I96: =S96-N96 -> -104.68301 | J96: =T96-O96 -> -179.49659 | K96: 1298.5558 | L96: 1408.4174 | M96: 1801.3533 | N96: 1706.398 | O96: 1634.2116 | P96: 1298.5558 | Q96: 1354.715 | R96: 1671.715 | S96: 1601.715 | T96: 1454.715
D97: L&P 상업 | F97: =P97-K97 -> 0 | G97: =Q97-L97 -> 0 | H97: =R97-M97 -> 0 | I97: =S97-N97 -> 0 | J97: =T97-O97 -> 0 | K97: 51.636398 | L97: 54.218218 | M97: 56.929129 | N97: 59.775586 | O97: 62.764365 | P97: 51.636398 | Q97: 54.218218 | R97: 56.929129 | S97: 59.775586 | T97: 62.764365
C98: 소계 | F98: =P98-K98 -> 0 | G98: =Q98-L98 -> -53.702428 | H98: =R98-M98 -> -129.63836 | I98: =S98-N98 -> -104.68301 | J98: =T98-O98 -> -179.49659 | K98: 1350.1922 | L98: 1462.6356 | M98: 1858.2825 | N98: 1766.1736 | O98: 1696.9759 | P98: 1350.1922 | Q98: 1408.9332 | R98: 1728.6441 | S98: 1661.4906 | T98: 1517.4793
C99: 케미컬 상업 | D99: APAC | E99: 네시나F | F99: =P99-K99 -> 0 | G99: =Q99-L99 -> 0 | H99: =R99-M99 -> 0 | I99: =S99-N99 -> 0 | J99: =T99-O99 -> 0 | K99: 64.6321 | L99: 64.6321 | M99: 64.6321 | N99: 64.6321 | O99: 64.6321 | P99: 64.6321 | Q99: 64.6321 | R99: 64.6321 | S99: 64.6321 | T99: 64.6321
E100: 이달비F | F100: =P100-K100 -> 0 | G100: =Q100-L100 -> 0 | H100: =R100-M100 -> 0 | I100: =S100-N100 -> 0 | J100: =T100-O100 -> 0 | K100: 108.58705 | L100: 108.58705 | M100: 108.58705 | N100: 108.58705 | O100: 108.58705 | P100: 108.58705 | Q100: 108.58705 | R100: 108.58705 | S100: 108.58705 | T100: 108.58705
D101: 소계 | F101: =P101-K101 -> 0 | G101: =Q101-L101 -> 0 | H101: =R101-M101 -> 0 | I101: =S101-N101 -> 0 | J101: =T101-O101 -> 0 | K101: 173.21915 | L101: 173.21915 | M101: 173.21915 | N101: 173.21915 | O101: 173.21915 | P101: 173.21915 | Q101: 173.21915 | R101: 173.21915 | S101: 173.21915 | T101: 173.21915
D102: 프랑스 | F102: =P102-K102 -> 0 | G102: =Q102-L102 -> 0 | H102: =R102-M102 -> 0 | I102: =S102-N102 -> 0 | J102: =T102-O102 -> 0 | L102: 9.5275411 | M102: 73.710007 | N102: 87.694916 | O102: 103.05848 | Q102: 9.5275411 | R102: 73.710007 | S102: 87.694916 | T102: 103.05848
C103: 소계 | F103: =P103-K103 -> 0 | G103: =Q103-L103 -> 0 | H103: =R103-M103 -> 0 | I103: =S103-N103 -> 0 | J103: =T103-O103 -> 0 | K103: 173.21915 | L103: 182.74669 | M103: 246.92916 | N103: 260.91407 | O103: 276.27763 | P103: 173.21915 | Q103: 182.74669 | R103: 246.92916 | S103: 260.91407 | T103: 276.27763
C104: 개발용역 | D104: 케미컬 | E104: CMO용역 | F104: =P104-K104 -> 0 | G104: =Q104-L104 -> 0 | H104: =R104-M104 -> 0 | I104: =S104-N104 -> 0 | J104: =T104-O104 -> 0 | K104: 0.3 | L104: 0 | M104: 0 | N104: 0 | O104: 0 | P104: 0.3 | Q104: 0 | R104: 0 | S104: 0 | T104: 0
E105: LCM용역 | F105: =P105-K105 -> 0 | G105: =Q105-L105 -> 0 | H105: =R105-M105 -> 0 | I105: =S105-N105 -> 0 | J105: =T105-O105 -> 0 | K105: 5.15625 | L105: 0.9375 | M105: 0 | N105: 0 | O105: 0 | P105: 5.15625 | Q105: 0.9375 | R105: 0 | S105: 0 | T105: 0
...

Sheet 260121_1분기재롤링,포장추가 요약
B1: ◈ 제조부문 매출 변경사항 요약_1분기 재롤링+포장30억 증가(26.01.21, P42 포함)
B3: 1. 매출 업데이트 | G3: 25년 분기별 매출 | I3: 1분기 | J3: 275.49898 | M3: 2분기 | N3: 323.91353 | Q3: 3분기 | R3: 382.18333 | U3: 4분기 | V3: 406.71726
F4: 2025년 (12/29) | O4: 2026년 | Z4: 2027년 | AB4: 2027년 | AC4: 2028년 | AD4: 2029년 | AE4: 2030년
B5: 구분 | C5: 제품 | D5: 구분 | E5: 공정 | G5: 1월 | H5: 2월 | I5: 3월 | J5: 1분기 | K5: 4월 | L5: 5월 | M5: 6월 | N5: 2분기 | O5: 7월 | P5: 8월 | Q5: 9월 | R5: 3분기 | S5: 10월 | T5: 11월 | U5: 12월 | V5: 4분기 | W5: Total | X5: 1분기 | Y5: 2분기 | Z5: 3분기 | AA5: 4분기 | AB5: Total | AC5: Total | AD5: Total | AE5: Total
F6: =SUM(F12,F17,F24) -> 1394.0521 | G6: 100.91695 | H6: 107.7245 | I6: 104.74626 | J6: 313.38771 | K6: 106.94506 | L6: 161.5621 | M6: 113.85953 | N6: 382.36669 | O6: 150.31887 | P6: 120.85891 | Q6: 140.78362 | R6: 411.9614 | S6: 119.41513 | T6: 152.76874 | U6: 179.17096 | V6: 451.35482 | W6: 1559.0706 | X6: 427.87927 | Y6: 462.06469 | Z6: 362.07235 | AA6: 468.13685 | AB6: 1720.1532 | AC6: 1993.4417 | AD6: 1921.6238 | AE6: 1786.7261
B7: 신규롤링 | C7: 바이오 상업 | D7: PFS상업 | E7: 충전 | F7: 474.91249 | G7: 27.258676 | H7: 24.13214 | I7: 23.07312 | J7: 74.463936 | K7: 29.963304 | L7: 45.593388 | M7: 29.166786 | N7: 104.72348 | O7: 45.772406 | P7: 39.399426 | Q7: 18.125316 | R7: 103.29715 | S7: 33.614154 | T7: 47.059542 | U7: 37.631628 | V7: 118.30532 | W7: 400.78989 | X7: 141 | Y7: 156 | Z7: 103 | AA7: 161 | AB7: 561 | AC7: 664 | AD7: 683 | AE7: 615
E8: 조립 | F8: 378.00117 | G8: 30.082792 | H8: 38.482422 | I8: 23.938824 | J8: 92.504038 | K8: 18.515111 | L8: 26.490361 | M8: 15.563747 | N8: 60.569218 | O8: 35.624332 | P8: 35.327342 | Q8: 47.045769 | R8: 117.99744 | S8: 25.34755 | T8: 15.563747 | U8: 41.92489 | V8: 82.836187 | W8: 353.90689 | X8: 109 | Y8: 120 | Z8: 82 | AA8: 109 | AB8: 420 | AC8: 634 | AD8: 545 | AE8: 466
E9: 포장 | F9: 189.01808 | G9: 11.649035 | H9: 25.462556 | I9: 34.319693 | J9: 71.431285 | K9: 30.871089 | L9: 29.497247 | M9: 40.93202 | N9: 101.30036 | O9: 26.838239 | P9: 33.507819 | Q9: 41.551265 | R9: 101.89732 | S9: 31.666133 | T9: 38.290916 | U9: 44.168708 | V9: 114.12576 | W9: 388.75472 | X9: 87.101802 | Y9: 90.872804 | Z9: 91.717377 | AA9: 104.023 | AB9: 373.71498 | AC9: 373.71498 | AD9: 373.71498 | AE9: 373.71498
F10: 1041.9317 | G10: 68.990503 | H10: 88.077118 | I10: 81.331637 | J10: 238.39926 | K10: 79.349504 | L10: 101.581 | M10: 85.662553 | N10: 266.59305 | O10: 108.23498 | P10: 108.23459 | Q10: 106.72235 | R10: 323.19191 | S10: 90.627837 | T10: 100.9142 | U10: 123.72523 | V10: 315.26727 | W10: 1143.4515 | X10: 337.1018 | Y10: 366.8728 | Z10: 276.71738 | AA10: 374.023 | AB10: 1354.715 | AC10: 1671.715 | AD10: 1601.715 | AE10: 1454.715
D11: L&P 상업 | F11: 47.201113 | G11: 2.652565 | H11: 2.7458164 | I11: 2.65362 | J11: 8.0520014 | K11: 4.198658 | L11: 4.7918944 | M11: 3.2201436 | N11: 12.210696 | O11: 5.0285436 | P11: 5.6127878 | Q11: 2.3312762 | R11: 12.972608 | S11: 5.2395568 | T11: 5.3743936 | U11: 3.8248932 | V11: 14.438844 | W11: 47.674149 | X11: 12.614964 | Y11: 12.821231 | Z11: 13.621238 | AA11: 15.160786 | AB11: 54.218218 | AC11: 56.929129 | AD11: 59.775586 | AE11: 62.764365
F12: =SUM(F10:F11) -> 1089.1329 | G12: 71.643068 | H12: 90.822934 | I12: 83.985258 | J12: 246.45126 | K12: 83.548162 | L12: 106.37289 | M12: 88.882697 | N12: 278.80375 | O12: 113.26352 | P12: 113.84737 | Q12: 109.05363 | R12: 336.16452 | S12: 95.867394 | T12: 106.2886 | U12: 127.55012 | V12: 329.70611 | W12: 1191.1256 | X12: 349.71677 | Y12: 379.69403 | Z12: 290.33861 | AA12: 389.18378 | AB12: 1408.9332 | AC12: 1728.6441 | AD12: 1661.4906 | AE12: 1517.4793
C13: 내재화 상업 | D13: APAC | E13: 네시나F | G13: 1.2854877 | H13: 11.632487 | I13: 0.245376 | J13: 13.16335 | K13: 0.214704 | L13: 10.496214 | M13: 1.685682 | N13: 12.3966 | O13: 10.318572 | P13: 1.932336 | Q13: 2.302956 | R13: 14.553864 | S13: 2.302956 | T13: 11.107098 | U13: 4.851288 | V13: 18.261342 | W13: 58.375156 | X13: 16.14824 | Y13: 16.02328 | Z13: 21.5272 | AA13: 16.89942 | AB13: 70.59814 | AC13: 70.59814 | AD13: 70.59814 | AE13: 70.59814
E14: 이달비F | G14: 1.8146918 | H14: 0.451134 | I14: 9.193932 | J14: 11.459758 | K14: 11.946744 | L14: 7.4763 | M14: 1.3984515 | N14: 20.821496 | O14: 22.996332 | P14: 0 | Q14: 7.717842 | R14: 30.714174 | S14: 16.286832 | T14: 7.717842 | U14: 23.5791 | V14: 47.583774 | W14: 110.5792 | X14: 23.76938 | Y14: 32.68201 | Z14: 26.48442 | AA14: 35.40628 | AB14: 118.34209 | AC14: 118.34209 | AD14: 118.34209 | AE14: 118.34209
F15: 155.93871 | G15: 3.1001795 | H15: 12.083621 | I15: 9.439308 | J15: 24.623108 | K15: 12.161448 | L15: 17.972514 | M15: 3.0841335 | N15: 33.218096 | O15: 33.314904 | P15: 1.932336 | Q15: 10.020798 | R15: 45.268038 | S15: 18.589788 | T15: 18.82494 | U15: 28.430388 | V15: 65.845116 | W15: 168.95436 | X15: 39.91762 | Y15: 48.70529 | Z15: 48.01162 | AA15: 52.3057 | AB15: 188.94023 | AC15: 188.94023 | AD15: 188.94023 | AE15: 188.94023
D16: CMO상업_위임형 | G16: 0.17044833 | H16: 0.17044833 | I16: 0.17044833 | J16: 0.511345 | K16: 0.17044833 | L16: 0.17044833 | M16: 0.17044833 | N16: 0.511345 | O16: 0.17044833 | P16: 0.17044833 | Q16: 0.17044833 | R16: 0.511345 | S16: 0.17044833 | T16: 0.17044833 | U16: 0.17044833 | V16: 0.511345 | W16: 2.04538 | X16: 2.04538 | Y16: 1.5298675 | Z16: 1.5298675 | AA16: 1.5298675 | AB16: 6.6349825 | AC16: 1.5298675 | AD16: 6.11947 | AE16: 12.233065
F17: 155.93871 | G17: 3.2706278 | H17: 12.254069 | I17: 9.6097563 | J17: 25.134453 | K17: 12.331896 | L17: 18.142962 | M17: 3.2545818 | N17: 33.729441 | O17: 33.485352 | P17: 2.1027843 | Q17: 10.191246 | R17: 45.779383 | S17: 18.760236 | T17: 18.995388 | U17: 28.600836 | V17: 66.356461 | W17: 170.99974 | X17: 41.963 | Y17: 50.235157 | Z17: 49.541488 | AA17: 53.835568 | AB17: 195.57521 | AC17: 190.4701 | AD17: 195.0597 | AE17: 201.17329
C18: 개발용역 | D18: 케미컬 | E18: CMO용역 | F18: 0.67 | G18: 0 | H18: 0 | I18: 0 | J18: 0 | K18: 0 | L18: 0 | M18: 0 | N18: 0 | O18: 0 | P18: 0 | Q18: 0 | R18: 0 | S18: 0 | T18: 0 | U18: 0 | V18: 0 | W18: 0 | X18: 0 | Y18: 0 | Z18: 0 | AA18: 0 | AB18: 0 | AC18: 0 | AD18: 0 | AE18: 0
E19: 내재화용역 | F19: 14.12375 | G19: 1.40625 | H19: 0.46875 | I19: 2.8125 | J19: 4.6875 | K19: 1.40625 | L19: 0.46875 | M19: 0.46875 | N19: 2.34375 | O19: 0 | P19: 0 | Q19: 0 | R19: 0 | S19: 0.9375 | T19: 0 | U19: 0 | V19: 0.9375 | W19: 7.96875 | X19: 0 | Y19: 0 | Z19: 0.46875 | AA19: 0.46875 | AB19: 0.9375 | AC19: 0 | AD19: 0 | AE19: 0
E20: LCM용역 | F20: 12.792667 | G20: 0 | H20: 0.46875 | I20: 1.31875 | J20: 1.7875 | K20: 1.31875 | L20: 0.4 | M20: 1.7375 | N20: 3.45625 | O20: 0.85 | P20: 0.46875 | Q20: 0.46875 | R20: 1.7875 | S20: 0.85 | T20: 1.31875 | U20: 0 | V20: 2.16875 | W20: 9.2 | X20: 0.9375 | Y20: 0.9375 | Z20: 0.9375 | AA20: 0.46875 | AB20: 3.28125 | AC20: 0.9375 | AD20: 0.9375 | AE20: 0.9375
E21: 기타(QA위임등) | F21: 5.0982021 | G21: 0 | H21: 0 | I21: 0 | K21: 0 | L21: 0 | M21: 0 | O21: 0 | P21: 0 | Q21: 0 | S21: 0 | T21: 0 | U21: 0 | X21: 0 | Y21: 0 | Z21: 0 | AA21: 0 | AC21: 0 | AD21: 0 | AE21: 0
F22: 28.129631 | G22: 1.40625 | H22: 0.9375 | I22: 4.13125 | J22: 6.475 | K22: 2.725 | L22: 0.86875 | M22: 2.20625 | N22: 5.8 | O22: 0.85 | P22: 0.46875 | Q22: 0.46875 | R22: 1.7875 | S22: 1.7875 | T22: 1.31875 | U22: 0 | V22: 3.10625 | W22: 17.16875 | X22: 0.9375 | Y22: 0.9375 | Z22: 1.40625 | AA22: 0.9375 | AB22: 4.21875 | AC22: 0.9375 | AD22: 0.9375 | AE22: 0.9375
D23: 바이오 | E23: PFS용역 | F23: 116.29589 | G23: 24.597 | H23: 3.71 | I23: 7.02 | J23: 35.327 | K23: 8.34 | L23: 36.1775 | M23: 19.516 | N23: 64.0335 | O23: 2.72 | P23: 4.44 | Q23: 21.07 | R23: 28.23 | S23: 3 | T23: 26.166 | U23: 23.02 | V23: 52.186 | W23: 179.7765 | X23: 35.262 | Y23: 31.198 | Z23: 20.786 | AA23: 24.18 | AB23: 111.426 | AC23: 73.39 | AD23: 64.136 | AE23: 67.136
F24: 148.98051 | G24: 26.00325 | H24: 4.6475 | I24: 11.15125 | J24: 41.802 | K24: 11.065 | L24: 37.04625 | M24: 21.72225 | N24: 69.8335 | O24: 3.57 | P24: 4.90875 | Q24: 21.53875 | R24: 30.0175 | S24: 4.7875 | T24: 27.48475 | U24: 23.02 | V24: 55.29225 | W24: 196.94525 | X24: 36.1995 | Y24: 32.1355 | Z24: 22.19225 | AA24: 25.1175 | AB24: 115.64475 | AC24: 74.3275 | AD24: 65.0735 | AE24: 68.0735
B26: 2. Gap
F27: 2025년 | O27: 2026년 | Z27: 2027년 | AC27: 2028년 | AD27: 2029년 | AE27: 2030년
B28: 구분 | C28: 제품 | D28: 구분 | E28: 공정 | G28: 1월 | H28: 2월 | I28: 3월 | J28: 1분기 | K28: 4월 | L28: 5월 | M28: 6월 | N28: 2분기 | O28: 7월 | P28: 8월 | Q28: 9월 | R28: 3분기 | S28: 10월 | T28: 11월 | U28: 12월 | V28: 4분기 | W28: Total | X28: 1분기 | Y28: 2분기 | Z28: 3분기 | AA28: 4분기 | AB28: Total | AC28: Total | AD28: Total | AE28: Total
F29: =F6-F52 -> 0 | G29: =G6-G52 -> -13.853245 | H29: =H6-H52 -> -3.483691 | I29: =I6-I52 -> 21.392507 | J29: =J6-J52 -> 4.0555718 | K29: =K6-K52 -> -10.195032 | L29: =L6-L52 -> 16.740664 | M29: =M6-M52 -> -11.605275 | ... AE29: =AE6-AE52 -> 0
B30: Gap | C30: 바이오 상업 | D30: PFS상업 | E30: 충전 | F30: =F7-F53 -> 0 | G30: =G7-G53 -> 0.935436 | H30: =H7-H53 -> 8.79984 | I30: =I7-I53 -> 4.21632 | J30: =J7-J53 -> 13.951596 | K30: =K7-K53 -> 0 | L30: =L7-L53 -> 0 | M30: =M7-M53 -> 0 | ... AE30: =AE7-AE53 -> 0
E31: 조립 | F31: =F8-F54 -> 0 | G31: =G8-G54 -> 7.01755 | H31: =H8-H54 -> 9.928532 | I31: =I8-I54 -> -2.336827 | J31: =J8-J54 -> 14.609255 | K31: =K8-K54 -> 0 | L31: =L8-L54 -> 0 | M31: =M8-M54 -> 0 | ... AE31: =AE8-AE54 -> 0
E32: 포장 | F32: =F9-F55 -> 0 | G32: =G9-G55 -> -18.352059 | H32: =H9-H55 -> -3.300554 | I32: =I9-I55 -> 5.9820955 | J32: =J9-J55 -> -15.670518 | K32: =K9-K55 -> 0 | L32: =L9-L55 -> 0 | M32: =M9-M55 -> 10.427552 | ... AE32: =AE9-AE55 -> 0
F33: =F10-F56 -> 0 | G33: =G10-G56 -> -10.399073 | H33: =H10-H56 -> 15.427818 | I33: =I10-I56 -> 7.8615885 | J33: =J10-J56 -> 12.890333 | K33: =K10-K56 -> 0 | L33: =L10-L56 -> 0 | M33: =M10-M56 -> 10.427552 | ... AE33: =AE10-AE56 -> 0
D34: L&P 상업 | F34: =F11-F57 -> 0 | G34: =G11-G57 -> -1.895081 | H34: =H11-H57 -> -1.7736796 | I34: =I11-I57 -> -0.2934892 | J34: =J11-J57 -> -3.9622498 | K34: =K11-K57 -> 0 | L34: =L11-L57 -> 0 | M34: =M11-M57 -> 0 | ... AE34: =AE11-AE57 -> 0
F35: =F12-F58 -> 0 | G35: =G12-G58 -> -12.294154 | H35: =H12-H58 -> 13.654138 | I35: =I12-I58 -> 7.5680993 | J35: =J12-J58 -> 8.9280837 | K35: =K12-K58 -> 0 | L35: =L12-L58 -> 0 | M35: =M12-M58 -> 10.427552 | ... AE35: =AE12-AE58 -> 0
C36: 내재화 상업 | D36: APAC | E36: 네시나F | F36: =F13-F59 -> 0 | G36: =G13-G59 -> -9.0180323 | H36: =H13-H59 -> 6.0092866 | I36: =I13-I59 -> 0.023856 | J36: =J13-J59 -> -2.9848897 | K36: =K13-K59 -> -14.683936 | L36: =L13-L59 -> 9.516414 | M36: =M13-M59 -> 1.540842 | ... AE36: =AE13-AE59 -> 0
E37: 이달비F | F37: =F14-F60 -> 0 | G37: =G14-G60 -> 0.11069184 | H37: =H14-H60 -> -21.345866 | I37: =I14-I60 -> 8.925552 | J37: =J14-J60 -> -12.309622 | K37: =K14-K60 -> 4.488904 | L37: =L14-L60 -> 7.22425 | M37: =M14-M60 -> -23.573669 | ... AE37: =AE14-AE60 -> 0
F38: =F15-F61 -> 0 | G38: =G15-G61 -> -8.9073405 | H38: =H15-H61 -> -15.336579 | I38: =I15-I61 -> 8.949408 | J38: =J15-J61 -> -15.294512 | K38: =K15-K61 -> -10.195032 | L38: =L15-L61 -> 16.740664 | M38: =M15-M61 -> -22.032826 | ... AE38: =AE15-AE61 -> 0
D39: CMO상업_위임형 | F39: =F16-F62 -> 0 | G39: =G16-G62 -> 0 | H39: =H16-H62 -> 0 | I39: =I16-I62 -> 0 | J39: =J16-J62 -> 0 | K39: =K16-K62 -> 0 | L39: =L16-L62 -> 0 | M39: =M16-M62 -> 0 | ... AE39: =AE16-AE62 -> 0
F40: =F17-F63 -> 0 | G40: =G17-G63 -> -8.9073405 | H40: =H17-H63 -> -15.336579 | I40: =I17-I63 -> 8.949408 | J40: =J17-J63 -> -15.294512 | K40: =K17-K63 -> -10.195032 | L40: =L17-L63 -> 16.740664 | M40: =M17-M63 -> -22.032826 | ... AE40: =AE17-AE63 -> 0
C41: 개발용역 | D41: 케미컬 | E41: CMO용역 | F41: =F18-F64 -> 0 | G41: =G18-G64 -> 0 | H41: =H18-H64 -> 0 | I41: =I18-I64 -> 0 | J41: =J18-J64 -> 0 | K41: =K18-K64 -> 0 | L41: =L18-L64 -> 0 | M41: =M18-M64 -> 0 | ... AE41: =AE18-AE64 -> 0
E42: 내재화용역 | F42: =F19-F65 -> 0 | G42: =G19-G65 -> 0 | H42: =H19-H65 -> 0 | I42: =I19-I65 -> 1.875 | J42: =J19-J65 -> 1.875 | K42: =K19-K65 -> 0 | L42: =L19-L65 -> 0 | M42: =M19-M65 -> 0 | ... AE42: =AE19-AE65 -> 0
E43: LCM용역 | F43: =F20-F66 -> 0 | G43: =G20-G66 -> -0.46875 | H43: =H20-H66 -> -1.56125 | I43: =I20-I66 -> 0 | J43: =J20-J66 -> -2.03 | K43: =K20-K66 -> 0 | L43: =L20-L66 -> 0 | M43: =M20-M66 -> 0 | ... AE43: =AE20-AE66 -> 0
E44: 기타(QA위임등) | F44: =F21-F67 -> 0 | G44: =G21-G67 -> 0 | H44: =H21-H67 -> 0 | I44: =I21-I67 -> 0 | J44: =J21-J67 -> 0 | K44: =K21-K67 -> 0 | L44: =L21-L67 -> 0 | M44: =M21-M67 -> 0 | ... AE44: =AE21-AE67 -> 0
F45: =F22-F68 -> -4.5549878 | G45: =G22-G68 -> -0.46875 | H45: =H22-H68 -> -1.56125 | I45: =I22-I68 -> 1.875 | J45: =J22-J68 -> -0.155 | K45: =K22-K68 -> 0 | L45: =L22-L68 -> 0 | M45: =M22-M68 -> 0 | ... AE45: =AE22-AE68 -> 0
D46: 바이오 | E46: PFS용역 | F46: =F23-F69 -> 0 | G46: =G23-G69 -> 7.817 | H46: =H23-H69 -> -0.24 | I46: =I23-I69 -> 3 | J46: =J23-J69 -> 10.577 | K46: =K23-K69 -> 0 | L46: =L23-L69 -> 0 | M46: =M23-M69 -> 0 | ... AE46: =AE23-AE69 -> 0
F47: =F24-F70 -> 0 | G47: =G24-G70 -> 7.34825 | H47: =H24-H70 -> -1.80125 | I47: =I24-I70 -> 4.875 | J47: =J24-J70 -> 10.422 | K47: =K24-K70 -> 0 | L47: =L24-L70 -> 0 | M47: =M24-M70 -> 0 | ... AE47: =AE24-AE70 -> 0
B49: 3. 기존 보고_v6
F50: 2025년 (12/29) | O50: 2026년 | Z50: 2027년 | AC50: 2028년 | AD50: 2029년 | AE50: 2030년
B51: 구분 | C51: 제품 | D51: 구분 | E51: 공정 | G51: 1월 | H51: 2월 | I51: 3월 | J51: 1분기 | K51: 4월 | L51: 5월 | M51: 6월 | N51: 2분기 | O51: 7월 | P51: 8월 | Q51: 9월 | R51: 3분기 | S51: 10월 | T51: 11월 | U51: 12월 | V51: 4분기 | W51: Total | X51: 1분기 | Y51: 2분기 | Z51: 3분기 | AA51: 4분기 | AB51: Total | AC51: Total | AD51: Total | AE51: Total
F52: 1394.0521 | G52: 114.77019 | H52: 111.20819 | I52: 83.353757 | J52: 309.33214 | K52: 117.14009 | L52: 144.82144 | M52: 125.4648 | N52: 387.42633 | O52: 130.09779 | P52: 132.64093 | Q52: 141.78632 | R52: 404.52504 | S52: 122.5059 | T52: 139.84816 | U52: 165.35859 | V52: 427.71265 | W52: 1528.9962 | X52: 427.87927 | Y52: 462.06469 | Z52: 362.07235 | AA52: 468.13685 | AB52: 1720.1532 | AC52: 1993.4417 | AD52: 1921.6238 | AE52: 1786.7261
B53: 사업계획 | C53: 바이오 상업 | D53: PFS상업 | E53: 충전 | F53: 474.91249 | G53: 26.32324 | H53: 15.3323 | I53: 18.8568 | J53: 60.51234 | K53: 29.963304 | L53: 45.593388 | M53: 29.166786 | N53: 104.72348 | O53: 45.772406 | P53: 39.399426 | Q53: 18.125316 | R53: 103.29715 | S53: 33.614154 | T53: 47.059542 | U53: 37.631628 | V53: 118.30532 | W53: 386.83829 | X53: 141 | Y53: 156 | Z53: 103 | AA53: 161 | AB53: 561 | AC53: 664 | AD53: 683 | AE53: 615
E54: 조립 | F54: 378.00117 | G54: 23.065242 | H54: 28.55389 | I54: 26.275651 | J54: 77.894783 | K54: 18.515111 | L54: 26.490361 | M54: 15.563747 | N54: 60.569218 | O54: 35.624332 | P54: 35.327342 | Q54: 47.045769 | R54: 117.99744 | S54: 25.34755 | T54: 15.563747 | U54: 41.92489 | V54: 82.836187 | W54: 339.29763 | X54: 109 | Y54: 120 | Z54: 82 | AA54: 109 | AB54: 420 | AC54: 634 | AD54: 545 | AE54: 466
E55: 포장 | F55: 189.01808 | G55: 30.001094 | H55: 28.76311 | I55: 28.337598 | J55: 87.101802 | K55: 30.871089 | L55: 29.497247 | M55: 30.504468 | N55: 90.872804 | O55: 26.838239 | P55: 33.507819 | Q55: 31.371319 | R55: 91.717377 | S55: 31.666133 | T55: 38.290916 | U55: 34.065948 | V55: 104.023 | W55: 373.71498 | X55: 87.101802 | Y55: 90.872804 | Z55: 91.717377 | AA55: 104.023 | AB55: 373.71498 | AC55: 373.71498 | AD55: 373.71498 | AE55: 373.71498
F56: 1041.9317 | G56: 79.389576 | H56: 72.6493 | I56: 73.470049 | J56: 225.50893 | K56: 79.349504 | L56: 101.581 | M56: 75.235001 | N56: 256.1655 | O56: 108.23498 | P56: 108.23459 | Q56: 96.542404 | R56: 313.01197 | S56: 90.627837 | T56: 100.9142 | U56: 113.62247 | V56: 305.16451 | W56: 1099.8509 | X56: 337.1018 | Y56: 366.8728 | Z56: 276.71738 | AA56: 374.023 | AB56: 1354.715 | AC56: 1671.715 | AD56: 1601.715 | AE56: 1454.715
D57: L&P 상업 | F57: 47.201113 | G57: 4.547646 | H57: 4.519496 | I57: 2.9471092 | J57: 12.014251 | K57: 4.198658 | L57: 4.7918944 | M57: 3.2201436 | N57: 12.210696 | O57: 5.0285436 | P57: 5.6127878 | Q57: 2.3312762 | R57: 12.972608 | S57: 5.2395568 | T57: 5.3743936 | U57: 3.8248932 | V57: 14.438844 | W57: 51.636398 | X57: 12.614964 | Y57: 12.821231 | Z57: 13.621238 | AA57: 15.160786 | AB57: 54.218218 | AC57: 56.929129 | AD57: 59.775586 | AE57: 62.764365
F58: 1089.1329 | G58: 83.937222 | H58: 77.168796 | I58: 76.417158 | J58: 237.52318 | K58: 83.548162 | L58: 106.37289 | M58: 78.455145 | N58: 268.3762 | O58: 113.26352 | P58: 113.84737 | Q58: 98.87368 | R58: 325.98458 | S58: 95.867394 | T58: 106.2886 | U58: 117.44736 | V58: 319.60335 | W58: 1151.4873 | X58: 349.71677 | Y58: 379.69403 | Z58: 290.33861 | AA58: 389.18378 | AB58: 1408.9332 | AC58: 1728.6441 | AD58: 1661.4906 | AE58: 1517.4793
C59: 내재화 상업 | D59: APAC | E59: 네시나F | G59: 10.30352 | H59: 5.6232 | I59: 0.22152 | J59: 16.14824 | K59: 14.89864 | L59: 0.9798 | M59: 0.14484 | N59: 16.02328 | O59: 11.38982 | P59: 5.39032 | Q59: 4.74706 | R59: 21.5272 | S59: 11.46508 | T59: 5.43434 | U59: 0 | V59: 16.89942 | W59: 70.59814 | X59: 16.14824 | Y59: 16.02328 | Z59: 21.5272 | AA59: 16.89942 | AB59: 70.59814 | AC59: 70.59814 | AD59: 70.59814 | AE59: 70.59814
E60: 이달비F | G60: 1.704 | H60: 21.797 | I60: 0.26838 | J60: 23.76938 | K60: 7.45784 | L60: 0.25205 | M60: 24.97212 | N60: 32.68201 | O60: 1.704 | P60: 8.32404 | Q60: 16.45638 | R60: 26.48442 | S60: 10.21548 | T60: 0.47002 | U60: 24.72078 | V60: 35.40628 | W60: 118.34209 | X60: 23.76938 | Y60: 32.68201 | Z60: 26.48442 | AA60: 35.40628 | AB60: 118.34209 | AC60: 118.34209 | AD60: 118.34209 | AE60: 118.34209
F61: 155.93871 | G61: 12.00752 | H61: 27.4202 | I61: 0.4899 | J61: 39.91762 | K61: 22.35648 | L61: 1.23185 | M61: 25.11696 | N61: 48.70529 | O61: 13.09382 | P61: 13.71436 | Q61: 21.20344 | R61: 48.01162 | S61: 21.68056 | T61: 5.90436 | U61: 24.72078 | V61: 52.3057 | W61: 188.94023 | X61: 39.91762 | Y61: 48.70529 | Z61: 48.01162 | AA61: 52.3057 | AB61: 188.94023 | AC61: 188.94023 | AD61: 188.94023 | AE61: 188.94023
D62: 프랑스 | G62: 0.17044833 | H62: 0.17044833 | I62: 0.17044833 | J62: 0.511345 | K62: 0.17044833 | L62: 0.17044833 | M62: 0.17044833 | N62: 0.511345 | O62: 0.17044833 | P62: 0.17044833 | Q62: 0.17044833 | R62: 0.511345 | S62: 0.17044833 | T62: 0.17044833 | U62: 0.17044833 | V62: 0.511345 | W62: 2.04538 | X62: 2.04538 | Y62: 1.5298675 | Z62: 1.5298675 | AA62: 1.5298675 | AB62: 6.6349825 | AC62: 1.5298675 | AD62: 6.11947 | AE62: 12.233065
F63: 155.93871 | G63: 12.177968 | H63: 27.590648 | I63: 0.66034833 | J63: 40.428965 | K63: 22.526928 | L63: 1.4022983 | M63: 25.287408 | N63: 49.216635 | O63: 13.264268 | P63: 13.884808 | Q63: 21.373888 | R63: 48.522965 | S63: 21.851008 | T63: 6.0748083 | U63: 24.891228 | V63: 52.817045 | W63: 190.98561 | X63: 41.963 | Y63: 50.235157 | Z63: 49.541488 | AA63: 53.835568 | AB63: 195.57521 | AC63: 190.4701 | AD63: 195.0597 | AE63: 201.17329
C64: 개발용역 | D64: 케미컬 | E64: CMO용역 | F64: 0.67 | G64: 0 | H64: 0 | I64: 0 | J64: 0 | K64: 0 | L64: 0 | M64: 0 | N64: 0 | O64: 0 | P64: 0 | Q64: 0 | R64: 0 | S64: 0 | T64: 0 | U64: 0 | V64: 0 | W64: 0 | X64: 0 | Y64: 0 | Z64: 0 | AA64: 0 | AB64: 0 | AC64: 0 | AD64: 0 | AE64: 0
E65: 내재화용역 | F65: 14.12375 | G65: 1.40625 | H65: 0.46875 | I65: 0.9375 | J65: 2.8125 | K65: 1.40625 | L65: 0.46875 | M65: 0.46875 | N65: 2.34375 | O65: 0 | P65: 0 | Q65: 0 | R65: 0 | S65: 0.9375 | T65: 0 | U65: 0 | V65: 0.9375 | W65: 6.09375 | X65: 0 | Y65: 0 | Z65: 0.46875 | AA65: 0.46875 | AB65: 0.9375 | AC65: 0 | AD65: 0 | AE65: 0
E66: LCM용역 | F66: 12.792667 | G66: 0.46875 | H66: 2.03 | I66: 1.31875 | J66: 3.8175 | K66: 1.31875 | L66: 0.4 | M66: 1.7375 | N66: 3.45625 | O66: 0.85 | P66: 0.46875 | Q66: 0.46875 | R66: 1.7875 | S66: 0.85 | T66: 1.31875 | U66: 0 | V66: 2.16875 | W66: 11.23 | X66: 0.9375 | Y66: 0.9375 | Z66: 0.9375 | AA66: 0.46875 | AB66: 3.28125 | AC66: 0.9375 | AD66: 0.9375 | AE66: 0.9375
E67: 기타(QA위임등) | F67: 5.0982021 | G67: 0 | H67: 0 | I67: 0 | K67: 0 | L67: 0 | M67: 0 | O67: 0 | P67: 0 | Q67: 0 | S67: 0 | T67: 0 | U67: 0 | X67: 0 | Y67: 0 | Z67: 0 | AA67: 0 | AC67: 0 | AD67: 0 | AE67: 0
F68: 32.684619 | G68: 1.875 | H68: 2.49875 | I68: 2.25625 | J68: 6.63 | K68: 2.725 | L68: 0.86875 | M68: 2.20625 | N68: 5.8 | O68: 0.85 | P68: 0.46875 | Q68: 0.46875 | R68: 1.7875 | S68: 1.7875 | T68: 1.31875 | U68: 0 | V68: 3.10625 | W68: 17.32375 | X68: 0.9375 | Y68: 0.9375 | Z68: 1.40625 | AA68: 0.9375 | AB68: 4.21875 | AC68: 0.9375 | AD68: 0.9375 | AE68: 0.9375
D69: 바이오 | E69: PFS용역 | F69: 116.29589 | G69: 16.78 | H69: 3.95 | I69: 4.02 | J69: 24.75 | K69: 8.34 | L69: 36.1775 | M69: 19.516 | N69: 64.0335 | O69: 2.72 | P69: 4.44 | Q69: 21.07 | R69: 28.23 | S69: 3 | T69: 26.166 | U69: 23.02 | V69: 52.186 | W69: 169.1995 | X69: 35.262 | Y69: 31.198 | Z69: 20.786 | AA69: 24.18 | AB69: 111.426 | AC69: 73.39 | AD69: 64.136 | AE69: 67.136
F70: 148.98051 | G70: 18.655 | H70: 6.44875 | I70: 6.27625 | J70: 31.38 | K70: 11.065 | L70: 37.04625 | M70: 21.72225 | N70: 69.8335 | O70: 3.57 | P70: 4.90875 | Q70: 21.53875 | R70: 30.0175 | S70: 4.7875 | T70: 27.48475 | U70: 23.02 | V70: 55.29225 | W70: 186.52325 | X70: 36.1995 | Y70: 32.1355 | Z70: 22.19225 | AA70: 25.1175 | AB70: 115.64475 | AC70: 74.3275 | AD70: 65.0735 | AE70: 68.0735

Sheet 251219_변경사항 요약
B1: ◈ 제조부문 매출 변경사항 요약(P42 포함) | AE1: (2026.01.09)
W2: 합계
B3: 1. 매출 업데이트 | F3: ※ 25년 분기별 매출 : | I3: 1분기: | J3: 275.49898 | M3: 2분기: | N3: 323.91353 | Q3: 3분기: | R3: 382.18333 | U3: 4분기: | V3: 412.42057 | W3: =SUM(J3,N3,R3,V3) -> 1394.0164
B4: 구분 | C4: 제품 | D4: 구분 | E4: 공정 | F4: 2025년 | O4: 2026년 | Z4: 2027년 | AB4: 2027년 | AC4: 2028년 | AD4: 2029년 | AE4: 2030년
G5: 1월 | H5: 2월 | I5: 3월 | J5: 1분기 | K5: 4월 | L5: 5월 | M5: 6월 | N5: 2분기 | O5: 7월 | P5: 8월 | Q5: 9월 | R5: 3분기 | S5: 10월 | T5: 11월 | U5: 12월 | V5: 4분기 | W5: Total | X5: 1분기 | Y5: 2분기 | Z5: 3분기 | AA5: 4분기 | AB5: Total | AC5: Total | AD5: Total | AE5: Total
F6: =SUM(F12,F17,F24) -> 1394.0521 | G6: 114.77019 | H6: 111.20819 | I6: 83.353757 | J6: 309.33214 | K6: 117.14009 | L6: 144.82144 | M6: 125.4648 | N6: 387.42633 | O6: 130.09779 | P6: 132.64093 | Q6: 141.78632 | R6: 404.52504 | S6: 122.5059 | T6: 139.84816 | U6: 165.35859 | V6: 427.71265 | W6: 1528.9962 | X6: 427.87927 | Y6: 462.06469 | Z6: 362.07235 | AA6: 468.13685 | AB6: 1720.1532 | AC6: 1993.4417 | AD6: 1921.6238 | AE6: 1786.7261
B7: 신규롤링 | C7: 바이오 상업 | D7: PFS상업 | E7: 충전 | F7: 474.91249 | G7: 26.32324 | H7: 15.3323 | I7: 18.8568 | J7: 60.51234 | K7: 29.963304 | L7: 45.593388 | M7: 29.166786 | N7: 104.72348 | O7: 45.772406 | P7: 39.399426 | Q7: 18.125316 | R7: 103.29715 | S7: 33.614154 | T7: 47.059542 | U7: 37.631628 | V7: 118.30532 | W7: 386.83829 | X7: 141 | Y7: 156 | Z7: 103 | AA7: 161 | AB7: 561 | AC7: 664 | AD7: 683 | AE7: 615
E8: 조립 | F8: 378.00117 | G8: 23.065242 | H8: 28.55389 | I8: 26.275651 | J8: 77.894783 | K8: 18.515111 | L8: 26.490361 | M8: 15.563747 | N8: 60.569218 | O8: 35.624332 | P8: 35.327342 | Q8: 47.045769 | R8: 117.99744 | S8: 25.34755 | T8: 15.563747 | U8: 41.92489 | V8: 82.836187 | W8: 339.29763 | X8: 109 | Y8: 120 | Z8: 82 | AA8: 109 | AB8: 420 | AC8: 634 | AD8: 545 | AE8: 466
E9: 포장 | F9: 189.01808 | G9: 30.001094 | H9: 28.76311 | I9: 28.337598 | J9: 87.101802 | K9: 30.871089 | L9: 29.497247 | M9: 30.504468 | N9: 90.872804 | O9: 26.838239 | P9: 33.507819 | Q9: 31.371319 | R9: 91.717377 | S9: 31.666133 | T9: 38.290916 | U9: 34.065948 | V9: 104.023 | W9: 373.71498 | X9: 87.101802 | Y9: 90.872804 | Z9: 91.717377 | AA9: 104.023 | AB9: 373.71498 | AC9: 373.71498 | AD9: 373.71498 | AE9: 373.71498
F10: 1041.9317 | G10: 79.389576 | H10: 72.6493 | I10: 73.470049 | J10: 225.50893 | K10: 79.349504 | L10: 101.581 | M10: 75.235001 | N10: 256.1655 | O10: 108.23498 | P10: 108.23459 | Q10: 96.542404 | R10: 313.01197 | S10: 90.627837 | T10: 100.9142 | U10: 113.62247 | V10: 305.16451 | W10: 1099.8509 | X10: 337.1018 | Y10: 366.8728 | Z10: 276.71738 | AA10: 374.023 | AB10: 1354.715 | AC10: 1671.715 | AD10: 1601.715 | AE10: 1454.715
D11: L&P 상업 | F11: 47.201113 | G11: 4.547646 | H11: 4.519496 | I11: 2.9471092 | J11: 12.014251 | K11: 4.198658 | L11: 4.7918944 | M11: 3.2201436 | N11: 12.210696 | O11: 5.0285436 | P11: 5.6127878 | Q11: 2.3312762 | R11: 12.972608 | S11: 5.2395568 | T11: 5.3743936 | U11: 3.8248932 | V11: 14.438844 | W11: 51.636398 | X11: 12.614964 | Y11: 12.821231 | Z11: 13.621238 | AA11: 15.160786 | AB11: 54.218218 | AC11: 56.929129 | AD11: 59.775586 | AE11: 62.764365
F12: =SUM(F10:F11) -> 1089.1329 | G12: 83.937222 | H12: 77.168796 | I12: 76.417158 | J12: 237.52318 | K12: 83.548162 | L12: 106.37289 | M12: 78.455145 | N12: 268.3762 | O12: 113.26352 | P12: 113.84737 | Q12: 98.87368 | R12: 325.98458 | S12: 95.867394 | T12: 106.2886 | U12: 117.44736 | V12: 319.60335 | W12: 1151.4873 | X12: 349.71677 | Y12: 379.69403 | Z12: 290.33861 | AA12: 389.18378 | AB12: 1408.9332 | AC12: 1728.6441 | AD12: 1661.4906 | AE12: 1517.4793
C13: 내재화 상업 | D13: APAC | E13: 네시나F | G13: 10.30352 | H13: 5.6232 | I13: 0.22152 | J13: 16.14824 | K13: 14.89864 | L13: 0.9798 | M13: 0.14484 | N13: 16.02328 | O13: 11.38982 | P13: 5.39032 | Q13: 4.74706 | R13: 21.5272 | S13: 11.46508 | T13: 5.43434 | U13: 0 | V13: 16.89942 | W13: 70.59814 | X13: 16.14824 | Y13: 16.02328 | Z13: 21.5272 | AA13: 16.89942 | AB13: 70.59814 | AC13: 70.59814 | AD13: 70.59814 | AE13: 70.59814
E14: 이달비F | G14: 1.704 | H14: 21.797 | I14: 0.26838 | J14: 23.76938 | K14: 7.45784 | L14: 0.25205 | M14: 24.97212 | N14: 32.68201 | O14: 1.704 | P14: 8.32404 | Q14: 16.45638 | R14: 26.48442 | S14: 10.21548 | T14: 0.47002 | U14: 24.72078 | V14: 35.40628 | W14: 118.34209 | X14: 23.76938 | Y14: 32.68201 | Z14: 26.48442 | AA14: 35.40628 | AB14: 118.34209 | AC14: 118.34209 | AD14: 118.34209 | AE14: 118.34209
F15: 155.93871 | G15: 12.00752 | H15: 27.4202 | I15: 0.4899 | J15: 39.91762 | K15: 22.35648 | L15: 1.23185 | M15: 25.11696 | N15: 48.70529 | O15: 13.09382 | P15: 13.71436 | Q15: 21.20344 | R15: 48.01162 | S15: 21.68056 | T15: 5.90436 | U15: 24.72078 | V15: 52.3057 | W15: 188.94023 | X15: 39.91762 | Y15: 48.70529 | Z15: 48.01162 | AA15: 52.3057 | AB15: 188.94023 | AC15: 188.94023 | AD15: 188.94023 | AE15: 188.94023
D16: CMO상업_위임형 | G16: 0.17044833 | H16: 0.17044833 | I16: 0.17044833 | J16: 0.511345 | K16: 0.17044833 | L16: 0.17044833 | M16: 0.17044833 | N16: 0.511345 | O16: 0.17044833 | P16: 0.17044833 | Q16: 0.17044833 | R16: 0.511345 | S16: 0.17044833 | T16: 0.17044833 | U16: 0.17044833 | V16: 0.511345 | W16: 2.04538 | X16: 2.04538 | Y16: 1.5298675 | Z16: 1.5298675 | AA16: 1.5298675 | AB16: 6.6349825 | AC16: 1.5298675 | AD16: 6.11947 | AE16: 12.233065
F17: 155.93871 | G17: 12.177968 | H17: 27.590648 | I17: 0.66034833 | J17: 40.428965 | K17: 22.526928 | L17: 1.4022983 | M17: 25.287408 | N17: 49.216635 | O17: 13.264268 | P17: 13.884808 | Q17: 21.373888 | R17: 48.522965 | S17: 21.851008 | T17: 6.0748083 | U17: 24.891228 | V17: 52.817045 | W17: 190.98561 | X17: 41.963 | Y17: 50.235157 | Z17: 49.541488 | AA17: 53.835568 | AB17: 195.57521 | AC17: 190.4701 | AD17: 195.0597 | AE17: 201.17329
C18: 개발용역 | D18: 케미컬 | E18: CMO용역 | F18: 0.67 | G18: 0 | H18: 0 | I18: 0 | J18: 0 | K18: 0 | L18: 0 | M18: 0 | N18: 0 | O18: 0 | P18: 0 | Q18: 0 | R18: 0 | S18: 0 | T18: 0 | U18: 0 | V18: 0 | W18: 0 | X18: 0 | Y18: 0 | Z18: 0 | AA18: 0 | AB18: 0 | AC18: 0 | AD18: 0 | AE18: 0
E19: 내재화용역 | F19: 14.12375 | G19: 1.40625 | H19: 0.46875 | I19: 0.9375 | J19: 2.8125 | K19: 1.40625 | L19: 0.46875 | M19: 0.46875 | N19: 2.34375 | O19: 0 | P19: 0 | Q19: 0 | R19: 0 | S19: 0.9375 | T19: 0 | U19: 0 | V19: 0.9375 | W19: 6.09375 | X19: 0 | Y19: 0 | Z19: 0.46875 | AA19: 0.46875 | AB19: 0.9375 | AC19: 0 | AD19: 0 | AE19: 0
E20: LCM용역 | F20: 12.792667 | G20: 0.46875 | H20: 2.03 | I20: 1.31875 | J20: 3.8175 | K20: 1.31875 | L20: 0.4 | M20: 1.7375 | N20: 3.45625 | O20: 0.85 | P20: 0.46875 | Q20: 0.46875 | R20: 1.7875 | S20: 0.85 | T20: 1.31875 | U20: 0 | V20: 2.16875 | W20: 11.23 | X20: 0.9375 | Y20: 0.9375 | Z20: 0.9375 | AA20: 0.46875 | AB20: 3.28125 | AC20: 0.9375 | AD20: 0.9375 | AE20: 0.9375
E21: 기타 | F21: 5.0982021 | G21: 0 | H21: 0 | I21: 0 | K21: 0 | L21: 0 | M21: 0 | O21: 0 | P21: 0 | Q21: 0 | S21: 0 | T21: 0 | U21: 0 | X21: 0 | Y21: 0 | Z21: 0 | AA21: 0 | AC21: 0 | AD21: 0 | AE21: 0
F22: =SUM(F18:F21) -> 32.684619 | G22: 1.875 | H22: 2.49875 | I22: 2.25625 | J22: 6.63 | K22: 2.725 | L22: 0.86875 | M22: 2.20625 | N22: 5.8 | O22: 0.85 | P22: 0.46875 | Q22: 0.46875 | R22: 1.7875 | S22: 1.7875 | T22: 1.31875 | U22: 0 | V22: 3.10625 | W22: 17.32375 | X22: 0.9375 | Y22: 0.9375 | Z22: 1.40625 | AA22: 0.9375 | AB22: 4.21875 | AC22: 0.9375 | AD22: 0.9375 | AE22: 0.9375
D23: 바이오 | E23: PFS용역 | F23: 116.29589 | G23: 16.78 | H23: 3.95 | I23: 4.02 | J23: 24.75 | K23: 8.34 | L23: 36.1775 | M23: 19.516 | N23: 64.0335 | O23: 2.72 | P23: 4.44 | Q23: 21.07 | R23: 28.23 | S23: 3 | T23: 26.166 | U23: 23.02 | V23: 52.186 | W23: 169.1995 | X23: 35.262 | Y23: 31.198 | Z23: 20.786 | AA23: 24.18 | AB23: 111.426 | AC23: 73.39 | AD23: 64.136 | AE23: 67.136
F24: 148.98051 | G24: 18.655 | H24: 6.44875 | I24: 6.27625 | J24: 31.38 | K24: 11.065 | L24: 37.04625 | M24: 21.72225 | N24: 69.8335 | O24: 3.57 | P24: 4.90875 | Q24: 21.53875 | R24: 30.0175 | S24: 4.7875 | T24: 27.48475 | U24: 23.02 | V24: 55.29225 | W24: 186.52325 | X24: 36.1995 | Y24: 32.1355 | Z24: 22.19225 | AA24: 25.1175 | AB24: 115.64475 | AC24: 74.3275 | AD24: 65.0735 | AE24: 68.0735
F25: ※ 기타 : QA위임, 선급금 매출인식(PFS, 케미컬)
B26: ◈ 26년 매출 신규 Rolling 전제사항
B27: Update: 2026-01-06
B28: 구분 | D28: 공정 | E28: 전제사항 | P28: 구분 | R28: 전제사항
B30: PFS | D30: 충전 | E30: 1. 개발/평가 일정 1) '25.12.21 기준 최신 개발/평가 일정을 반영(+4.5일). 단, CT-P42 관련 일정 미반영 ① 충전기/아이솔레이터 Overall 일정 단축(-2일, 12→10일) → 운영지원 전달 파일에는 9일로 나와 있으나, 생산팀 확인결과 10일 필요 ② CT-P17 40mg S/up 30만 PV 일정 추가(+8일, 13→21일): CV 추가에 따른 #1과 #2사이에 8일 추가 필요 ③ CT-P52 80mg SV 샘플 제작 일정 삭제(-0.5일) :12월말 셧다운기간 수행 예정 ④ NO2 멸균기 정기 PQ 삭제(-1일) 2. 상업물량(상업) 1) 26년: 11월 Fcst 기준(최신) 3. 생산계획 1) 26년: 일별계획 수립 → 25년 생산/공급 현황 및 별도요청 사항 등 상세내용 반영 4. 단가 1) 26년: 현재 상업단가와 동일 적용 | F30: (충전) 개발/평가 일정: 사업계획 대비 7일 감소 & 표준공수 감소(36시간 → 32시간) | P30: PFS | R30: 충전 | S30: 1. 개발/평가 일정 1) '25.12.21 기준 최신 개발/평가 일정을 반영(+4.5일). 단, CT-P42 관련 일정 미반영 ① 충전기/아이솔레이터 Overall 일정 단축(-2일, 12→10일) → 운영지원 전달 파일에는 9일로 나와 있으나, 생산팀 확인결과 10일 필요 ② CT-P17 40mg S/up 30만 PV 일정 추가(+8일, 13→21일): CV 추가에 따른 #1과 #2사이에 8일 추가 필요 ③ CT-P52 80mg SV 샘플 제작 일정 삭제(-0.5일) :12월말 셧다운기간 수행 예정 ④ NO2 멸균기 정기 PQ 삭제(-1일) 2. 상업물량(상업) 1) 26년: 11월 Fcst 기준(최신) 3. 생산계획 1) 26년: 일별계획 수립 → 25년 생산/공급 현황 및 별도요청 사항 등 상세내용 반영 4. 단가 1) 26년: 현재 상업단가와 동일 적용 | T30: (충전) 개발/평가 일정: 사업계획 대비 7일 감소 & 표준공수 감소(36시간 → 32시간)
D31: AI 조립 | E31: 1. 개발/평가 일정 1) '25.12.21 기준 최신 개발/평가 일정을 반영. 단, CT-P42 관련 일정 미반영 ① Molly SE 셋업 일정 반영(+11일) 2. 상업물량(상업) 1) 26년: 11월 Fcst 기준(최신) 3. 생산계획 1) 26년: 일별계획 수립 → 충전계획과 align 4. 단가 1) 26년: 현재 상업단가와 동일 적용 | R31: AI 조립 | S31: 1. 개발/평가 일정 1) '25.12.21 기준 최신 개발/평가 일정을 반영. 단, CT-P42 관련 일정 미반영 ① Molly SE 셋업 일정 반영(+11일) 2. 상업물량(상업) 1) 26년: 11월 Fcst 기준(최신) 3. 생산계획 1) 26년: 일별계획 수립 → 충전계획과 align 4. 단가 1) 26년: 현재 상업단가와 동일 적용
D32: 수동조립 | R32: 수동조립
D33: 포장 | E33: 26년 사업계획과 동일 | R33: 포장 | S33: 26년 사업계획과 동일
B34: L&P | D34: - | P34: L&P | R34: -
B35: PFS | D35: 충전 | E35: 1. 개발/평가 일정 1) 최신 개발/평가 일정을 반영(총 207.5일 →개발 154.5일, 평가 53일) ① CT-P42 개발 일정 반영 (16일) ② P17, P13 30만 S/up 개발 일정 반영 (40일) ③ P45 임상, P52 PV, P68 PV, P55 300mg 임상, P41 120mg PV, P39 300mg PV 등 (98.5일) ④ 충전기/아이솔레이터 Overall (10일) ⑤ 정기 Mediafill (상반기/하반기, 0.5ml 파츠 포함), VHP 정기 PQ 등 (43일) 2. 상업물량(상업) 1) 26년: 25년 11월 Fcst 기준 2) CT-P42 2mg 상업 반영 ① 배치사이즈 5만 시린지 가정 ② 26년 총 60만 시린지(12배치) 3월부터 및 생산/공급 가정 ③ 표준공수는 준비/정리 시간은 고정, 충전속도는 시간당 7천개로 반영 3. 생산계획 1) 26년: 일별계획 수립 → 25년 생산/공급 현황 및 별도요청 사항 등 상세내용 반영 4. 단가 1) 26년: 현재 상업단가와 동일 적용 (P42도 현재 상업 단가 기준 동일 적용) ※ 셀트리온으로부터 수령한 26년 충전 물량은 협의 되지 않은 개발 제품 및 P42 물량이 반영 되어 있으며, 30만 스케일업에 대한 물량 정보도 없어 실질 계획과의 GAP으로 미 반영 함 | P35: 개발용역 | R35: 1. 케미컬(17억) - 추가되는 개발용역 없음. (내재화_안정성, LCM_L02, L03, 안정성) 2. PFS(169억) - '26년 개발제품 : 충전 기준 P17 40mg S/up, P39 300mg, P41 120mg, P42 2mg, P45 108mg, P52 80mg, P55 75mg/150mg/300mg, P68 100mg/200mg - 이연한 마일스톤은 미반영(총 10.6억) : 충전PV 6.5억 (P55 75mg(3.3억), P55 150mg(3.3억)), 안정성 2.3억 (P43 45mg/90mg), AI PKV 수동라벨링 등 1.8억 (P39 75mg/150mg, P13SC 27G) ※ 매출 적정수준 조정을 위해 이연 마일스톤 중 P41 60mg 충전 PV(16.1억)는 사업계획에 포함함. - 충전 기준 28년 6품목, 29년 4품목, 30년 3품목 반영 (평균적으로 도입되는 제품 수 및 연도별 감소 고려)
D36: AI 조립 | E36: 1. 개발/평가 일정 1) 최신 개발/평가 일정을 반영(총 47.5일 →개발 27일, 평가 20.5일) ① P55 150mg, 300mg, P52 80mg PKV, TBD 5개 제품 PKV 일정 반영 (27일) ② 재적격성 평가, TBD 5개 제품 OPQ, 자재적합성 TEST 평가 일정 반영 (9.5일) ③ Molly SE Set Up, OPQ 평가 일정 반영 (11일) ④ CT-P42 일정 미 반영 (조립/포장 컨셉 미정임에 따라 미반영) 2. 상업물량(상업) 1) 26년: 11월 Fcst 기준 (CT-P42 물량 미 반영, AI 수동 조립 물량 포함) 3. 생산계획 1) 26년: 일별계획 수립 → 충전계획과 align 4. 단가 1) 26년: 현재 상업단가와 동일 적용 | P36: 케미컬 | R36: 1. 상업 물량 1) 25년 8월 Hasten으로부터 수령한 FCST 반영 2. 상업 단가 1) 현재 계약 단가 + 환율 1,420원 반영 3. 기타 1) 로제핀정 (암로젯 녹십자 위임형 제네릭) 반영
D37: 포장 | E37: 1. 개발/상업 물량 및 단가 1) 개발 : P52, P41, P68, P42 PFS-S PKV 일정 반영 2) 상업 ① '25.8월에 수령한 26년 FCST 물량 반영 (from. 패키징 운영) ② 연간 최대 CAPA 720만 시린지의 85% 수준 물량 반영 (약 620만 시린지) 3) 단가 : 기존과 동일하게 반영
B38: L&P | E38: 1. 개발/상업 물량 및 단가 1) 개발 : 반영 無 2) 상업 ① '25.8월에 수령한 26년 FCST 물량 반영 (from. 패키징 운영) 3) 단가 : 기존과 동일하게 반영

Sheet 251230_변경사항요약2
H1: (2026.01.06
B2: ◈ 제조부문 매출 변경사항 요약(P42 포함)
B4: 1. 기존 사업계획 대비 변경사항 요약
B5: 구분 | D5: 연도 | E5: 기존 | F5: 변경 | G5: Gap | H5: 변경 사유
B6: 상업 | C6: 바이오 | D6: 26년 | E6: ='251219_변경사항 요약'!#REF! -> #REF! | F6: ='251219_변경사항 요약'!W12 -> 1151.4873 | G6: =SUM(F6-E6) -> #REF! | H6: - PFS 포장 및 L&P 기존과 동일 - 충전 (-72억) : 11월 Fcst 기준, 현재 상업단가와 동일하게 적용 최신 개발/평가 일정을 반영(+20.5일) → CT-P42 관련 일정(+24일) 포함 - 조립 (-127억) : 11월 Fcst 기준, 현재 상업단가와 동일하게 적용 최신 개발/평가 일정을 반영 → Molly SE 셋업 일정 포함(+11일), CT-P42 관련 일정 미반영
D7: 27년 | E7: ='251219_변경사항 요약'!#REF! -> #REF! | F7: ='251219_변경사항 요약'!AB12 -> 1408.9332 | G7: =SUM(F7-E7) -> #REF!
D8: 28년 | E8: ='251219_변경사항 요약'!#REF! -> #REF! | F8: ='251219_변경사항 요약'!AC12 -> 1728.6441 | G8: =SUM(F8-E8) -> #REF!
D9: 29년 | E9: ='251219_변경사항 요약'!#REF! -> #REF! | F9: ='251219_변경사항 요약'!AD12 -> 1661.4906 | G9: =SUM(F9-E9) -> #REF!
D10: 30년 | E10: ='251219_변경사항 요약'!#REF! -> #REF! | F10: ='251219_변경사항 요약'!AE12 -> 1517.4793 | G10: =SUM(F10-E10) -> #REF!
C11: 케미컬 | D11: 26년 | E11: ='251219_변경사항 요약'!#REF! -> #REF! | F11: ='251219_변경사항 요약'!W17 -> 190.98561 | G11: =SUM(F11-E11) -> #REF! | H11: 환율상승(1,300원->1,420원), 로제핀정(암로젯 위임형 제네릭) 반영
D12: 27년 | E12: ='251219_변경사항 요약'!#REF! -> #REF! | F12: ='251219_변경사항 요약'!AB17 -> 195.57521 | G12: =SUM(F12-E12) -> #REF! | H12: 프랑스제네릭 제외, 환율상승(1,300->1,420원), 로제핀정(암로젯 위임형 제네릭) 반영
D13: 28년 | E13: ='251219_변경사항 요약'!#REF! -> #REF! | F13: ='251219_변경사항 요약'!AC17 -> 190.4701 | G13: =SUM(F13-E13) -> #REF! | H13: 프랑스제네릭 제외, 환율상승(1,300->1,420원), 로제핀정(암로젯 위임형 제네릭) 반영
D14: 29년 | E14: ='251219_변경사항 요약'!#REF! -> #REF! | F14: ='251219_변경사항 요약'!AD17 -> 195.0597 | G14: =SUM(F14-E14) -> #REF! | H14: 프랑스제네릭 제외, 환율상승(1,300->1,420원), 로제핀정(암로젯 위임형 제네릭) 반영
D15: 30년 | E15: ='251219_변경사항 요약'!#REF! -> #REF! | F15: ='251219_변경사항 요약'!AE17 -> 201.17329 | G15: =SUM(F15-E15) -> #REF! | H15: 프랑스제네릭 제외, 환율상승(1,300->1,420원), 로제핀정(암로젯 위임형 제네릭) 반영
B16: 개발용역 | D16: 26년 | E16: ='251219_변경사항 요약'!#REF! -> #REF! | F16: ='251219_변경사항 요약'!W24 -> 186.52325 | G16: =SUM(F16-E16) -> #REF! | H16: - 케미컬(-3억) : 안정성 이연 마일스톤(+1억_M01, M02), CT-L03 PF/PE '25년에 기청구 완료(-3.5억) - 바이오(+49억) : 충전 PV 4제품 추가(+48.3억_P41 60mg, P42 2mg, P52 80mg, P55 300mg) 등
D17: 27년 | E17: ='251219_변경사항 요약'!#REF! -> #REF! | F17: ='251219_변경사항 요약'!AB24 -> 115.64475 | G17: =SUM(F17-E17) -> #REF!
D18: 28년 | E18: ='251219_변경사항 요약'!#REF! -> #REF! | F18: ='251219_변경사항 요약'!AC24 -> 74.3275 | G18: =SUM(F18-E18) -> #REF! | H18: - 바이오 : 28년 충전 기준 6품목 반영
D19: 29년 | E19: ='251219_변경사항 요약'!#REF! -> #REF! | F19: ='251219_변경사항 요약'!AD24 -> 65.0735 | G19: =SUM(F19-E19) -> #REF! | H19: - 바이오 : 29년 충전 기준 4품목 반영
D20: 30년 | E20: ='251219_변경사항 요약'!#REF! -> #REF! | F20: ='251219_변경사항 요약'!AE24 -> 68.0735 | G20: =SUM(F20-E20) -> #REF! | H20: - 바이오 : 30년 충전 기준 3품목 반영 (평균적으로 도입되는 제품 수 및 연도별 감소 고려)

Sheet 전제사항 요약
B2: ◈ 26년 매출 신규 Rolling 전제사항
B3: Update: 2026-01-06
B5: 구분 | C5: 구분2 | D5: 공정 | E5: 전제사항
B6: PFS | C6: Case1 | D6: 충전 | E6: 1. 개발/평가 일정 1) '25.12.21 기준 최신 개발/평가 일정을 반영(+4.5일). 단, CT-P42 관련 일정 미반영 ① 충전기/아이솔레이터 Overall 일정 단축(-2일, 12→10일) → 운영지원 전달 파일에는 9일로 나와 있으나, 생산팀 확인결과 10일 필요 ② CT-P17 40mg S/up 30만 PV 일정 추가(+8일, 13→21일): CV 추가에 따른 #1과 #2사이에 8일 추가 필요 ③ CT-P52 80mg SV 샘플 제작 일정 삭제(-0.5일) :12월말 셧다운기간 수행 예정 ④ NO2 멸균기 정기 PQ 삭제(-1일) 2. 상업물량(상업) 1) 26년: 11월 Fcst 기준(최신) 3. 생산계획 1) 26년: 일별계획 수립 → 25년 생산/공급 현황 및 별도요청 사항 등 상세내용 반영 4. 단가 1) 26년: 현재 상업단가와 동일 적용 | F6: (충전) 개발/평가 일정: 사업계획 대비 7일 감소 & 표준공수 감소(36시간 → 32시간)
D7: AI 조립 | E7: 1. 개발/평가 일정 1) '25.12.21 기준 최신 개발/평가 일정을 반영. 단, CT-P42 관련 일정 미반영 ① Molly SE 셋업 일정 반영(+11일) 2. 상업물량(상업) 1) 26년: 11월 Fcst 기준(최신) 3. 생산계획 1) 26년: 일별계획 수립 → 충전계획과 align 4. 단가 1) 26년: 현재 상업단가와 동일 적용
D8: 수동조립
D9: 포장 | E9: 26년 사업계획과 동일
B10: L&P | D10: -
B11: PFS | C11: Case2 | D11: 충전 | E11: 1. 개발/평가 일정 1) '25.12.21 기준 최신 개발/평가 일정을 반영(+20.5일). CT-P42 관련 일정 반영 ① 충전기/아이솔레이터 Overall 일정 단축(-2일, 12→10일) ② CT-P52 80mg SV 샘플 제작 일정 삭제(-0.5일) :12월말 셧다운기간 수행 예정 ③ NO2 멸균기 정기 PQ 삭제(-1일) ④ CT-P42 관련 일정 반영(+24일) CT-P42 2mg 셋업(feasability & OPQ): +4일 PV(10.5일) + 포멧 파츠 교체(1.5일): +12일 Media fill 상/하반기: +8일(10→18일) 2. 상업물량(상업) 1) 26년: 11월 Fcst 기준(최신) 2) CT-P42 2mg 상업(S/F 정보 없음) ① 배치사이즈 5만 시린지 가정 ② 26년 총 60만 시린지(12배치) 3월부터 및 생산/공급 가정 ③ 표준공수는 준비/정리 시간은 고정, 충전속도는 시간당 7천개로 반영 3. 생산계획 1) 26년: 일별계획 수립 → 25년 생산/공급 현황 및 별도요청 사항 등 상세내용 반영 4. 단가 1) 26년: 현재 상업단가와 동일 적용 2) CT-P42 2mg도 현재 상업단가 기준 동일 단가 적용(5,400원/syr)
D12: AI 조립 | E12: 1. 개발/평가 일정 1) '25.12.21 기준 최신 개발/평가 일정을 반영. 단, CT-P42 일정 미반영 ① CT-P42 조립/포장 관련 컨셉 미정임에 따라 관련일정 미반영 ② Molly SE 셋업 일정 반영(+11일) 2. 상업물량(상업) 1) 26년: 11월 Fcst 기준(최신) 3. 생산계획 1) 26년: 일별계획 수립 → 충전계획과 align 4. 단가 1) 26년: 현재 상업단가와 동일 적용
D13: 수동조립
D14: 포장 | E14: 26년 사업계획과 동일
B15: L&P | D15: -
B16: 케미컬 | E16: 1. 기존 사업계획과 동일 2. 환율 변경 (1,300원 → 1,420원) 3. 로제핀정(암로젯 녹십자 위임형제네릭) 반영
B17: 개발용역 | E17: 1. 케미컬(-3억) - 이연한 마일스톤(+1억) : 안정성 (M01(0.5억), M02(0.5억)) - CT-L03 PF/PE '25년에 청구 완료하여 '26년에서 제외(-3.5억) : 생동 비동 이슈가 있었으나, '25년에 청구로 양사 협의 2. PFS(+49억) - 이연한 마일스톤은 미반영(총 10.6억) : 충전PV 6.5억 (P55 75mg(3.3억), P55 150mg(3.3억)), 안정성 2.3억 (P43 45mg/90mg), AI PKV 수동라벨링 등 1.8억 (P39 75mg/150mg, P13SC 27G) ※ 매출 적정수준 조정을 위해 P41 60mg 충전 PV(16.1억)는 사업계획에 포함함. - '26년 개발제품 추가반영(총 +68.5억) : 충전 PV 48.3억 (P41 60mg(16.1억), P42 2mg(11억), P52 80mg(13.3억), P55 300mg(7.9억)), 임상충전 2억 (P55 300mg), AI/PFS-S PKV 문서 1.2억 (P39 75mg), 안정성 0.7억 (P43 45mg/90mg) PV자재 비용 추가반영 14.2억 (P17 40mg), PV 수행비용 증가 2.1억 (P39 300mg) - '26년 개발제품에서 제외(총 -19.7억) : 임상충전 6억 (P56 300mg 3배치), 충전PV 8억 (P68 200mg), TBD 2품목 제외 4.4억(TBD1 3.1억, TBD2 1.4억), PKV 문서 1.3억 (PP55 150mg) - 충전 기준 28년 6품목, 29년 4품목, 30년 3품목 반영 (평균적으로 도입되는 제품 수 및 연도별 감소 고려)

Sheet 요약
B1: ◈ 청주공장 CDMO 예상 매출_v1(25.08.26) | AE1: (2025.08.26)
B3: 1. 전제사항
AE12: (단위: 억원)
B13: 2. 매출 상세
F14: 2025년 (7/30, +50억) | O14: 2026년 | Z14: 2027년 | AC14: 2028년 | AD14: 2029년 | AE14: 2030년
B15: 구분 | C15: 제품 | D15: 구분 | E15: 공정 | G15: 1월 | H15: 2월 | I15: 3월 | J15: 1분기 | K15: 4월 | L15: 5월 | M15: 6월 | N15: 2분기 | O15: 7월 | P15: 8월 | Q15: 9월 | R15: 3분기 | S15: 10월 | T15: 11월 | U15: 12월 | V15: 4분기 | W15: Total | X15: 1분기 | Y15: 2분기 | Z15: 3분기 | AA15: 4분기 | AB15: Total | AC15: Total | AD15: Total | AE15: Total
F16: =F34+F22+F27 -> 1363.9492 | G16: =SUM(G27,G22,G34) -> 100.91695 | H16: =SUM(H27,H22,H34) -> 107.7245 | I16: =SUM(I27,I22,I34) -> 104.74626 | J16: =SUM(J27,J22,J34) -> 313.38771 | K16: =SUM(K27,K22,K34) -> 106.71881 | L16: =SUM(L27,L22,L34) -> 162.4121 | M16: =SUM(M27,M22,M34) -> 113.39078 | N16: =SUM(N27,N22,N34) -> 382.52169 | ... AE16: =SUM(AE27,AE22,AE34) -> 1786.7261
B17: 사업계획 | C17: 바이오 상업 | D17: PFS상업 | E17: 충전 | F17: 431.56358 | G17: ='2. PFS 충전, 조립 상업매출'!G9 -> 27.258676 | H17: ='2. PFS 충전, 조립 상업매출'!H9 -> 24.13214 | I17: ='2. PFS 충전, 조립 상업매출'!I9 -> 23.07312 | J17: =SUM(G17:I17) -> 74.463936 | K17: ='2. PFS 충전, 조립 상업매출'!J9 -> 29.963304 | L17: ='2. PFS 충전, 조립 상업매출'!K9 -> 45.593388 | M17: ='2. PFS 충전, 조립 상업매출'!L9 -> 29.166786 | N17: =SUM(K17:M17) -> 104.72348 | O17: ='2. PFS 충전, 조립 상업매출'!M9 -> 45.772406 | P17: ='2. PFS 충전, 조립 상업매출'!N9 -> 39.399426 | Q17: ='2. PFS 충전, 조립 상업매출'!O9 -> 18.125316 | R17: =SUM(O17:Q17) -> 103.29715 | S17: ='2. PFS 충전, 조립 상업매출'!P9 -> 33.614154 | T17: ='2. PFS 충전, 조립 상업매출'!Q9 -> 47.059542 | U17: ='2. PFS 충전, 조립 상업매출'!R9 -> 37.631628 | V17: =SUM(S17:U17) -> 118.30532 | W17: =+J17+N17+R17+V17 -> 400.78989 | X17: =SUM('2. PFS 충전, 조립 상업매출'!G18:I18) -> 141 | Y17: =SUM('2. PFS 충전, 조립 상업매출'!J18:L18) -> 156 | Z17: =SUM('2. PFS 충전, 조립 상업매출'!M18:O18) -> 103 | AA17: =SUM('2. PFS 충전, 조립 상업매출'!P18:R18) -> 161 | AB17: =SUM(X17:AA17) -> 561 | AC17: ='2. PFS 충전, 조립 상업매출'!S27 -> 664 | AD17: ='2. PFS 충전, 조립 상업매출'!S36 -> 683 | AE17: ='2. PFS 충전, 조립 상업매출'!S45 -> 615
E18: 조립 | F18: 409.14798 | G18: ='2. PFS 충전, 조립 상업매출'!G12 -> 30.082792 | H18: ='2. PFS 충전, 조립 상업매출'!H12 -> 38.482422 | I18: ='2. PFS 충전, 조립 상업매출'!I12 -> 23.938824 | J18: =SUM(G18:I18) -> 92.504038 | K18: ='2. PFS 충전, 조립 상업매출'!J12 -> 18.515111 | L18: ='2. PFS 충전, 조립 상업매출'!K12 -> 26.490361 | M18: ='2. PFS 충전, 조립 상업매출'!L12 -> 15.563747 | N18: =SUM(K18:M18) -> 60.569218 | O18: ='2. PFS 충전, 조립 상업매출'!M12 -> 35.624332 | P18: ='2. PFS 충전, 조립 상업매출'!N12 -> 35.327342 | Q18: ='2. PFS 충전, 조립 상업매출'!O12 -> 47.045769 | R18: =SUM(O18:Q18) -> 117.99744 | S18: ='2. PFS 충전, 조립 상업매출'!P12 -> 25.34755 | T18: ='2. PFS 충전, 조립 상업매출'!Q12 -> 15.563747 | U18: ='2. PFS 충전, 조립 상업매출'!R12 -> 41.92489 | V18: =SUM(S18:U18) -> 82.836187 | W18: =+J18+N18+R18+V18 -> 353.90689 | X18: =SUM('2. PFS 충전, 조립 상업매출'!G21:I21) -> 109 | Y18: =SUM('2. PFS 충전, 조립 상업매출'!J21:L21) -> 120 | Z18: =SUM('2. PFS 충전, 조립 상업매출'!M21:O21) -> 82 | AA18: =SUM('2. PFS 충전, 조립 상업매출'!P21:R21) -> 109 | AB18: =SUM(X18:AA18) -> 420 | AC18: ='2. PFS 충전, 조립 상업매출'!S30 -> 634 | AD18: ='2. PFS 충전, 조립 상업매출'!S39 -> 545 | AE18: ='2. PFS 충전, 조립 상업매출'!S48 -> 466
E19: 포장 | F19: 185.86048 | G19: ='3. 포장 상업매출'!C6 -> 11.649035 | H19: ='3. 포장 상업매출'!D6 -> 25.462556 | I19: ='3. 포장 상업매출'!E6 -> 34.319693 | J19: =SUM(G19:I19) -> 71.431285 | K19: ='3. 포장 상업매출'!F6 -> 30.871089 | L19: ='3. 포장 상업매출'!G6 -> 29.497247 | M19: ='3. 포장 상업매출'!H6 -> 40.93202 | N19: =SUM(K19:M19) -> 101.30036 | O19: ='3. 포장 상업매출'!I6 -> 26.838239 | P19: ='3. 포장 상업매출'!J6 -> 33.507819 | Q19: ='3. 포장 상업매출'!K6 -> 41.551265 | R19: =SUM(O19:Q19) -> 101.89732 | S19: ='3. 포장 상업매출'!L6 -> 31.666133 | T19: ='3. 포장 상업매출'!M6 -> 38.290916 | U19: ='3. 포장 상업매출'!N6 -> 44.168708 | V19: =SUM(S19:U19) -> 114.12576 | W19: =+J19+N19+R19+V19 -> 388.75472 | X19: ='3. 포장 상업매출'!P6 -> 87.101802 | Y19: ='3. 포장 상업매출'!Q6 -> 90.872804 | Z19: ='3. 포장 상업매출'!R6 -> 91.717377 | AA19: ='3. 포장 상업매출'!S6 -> 104.023 | AB19: =SUM(X19:AA19) -> 373.71498 | AC19: ='3. 포장 상업매출'!U6 -> 373.71498 | AD19: ='3. 포장 상업매출'!V6 -> 373.71498 | AE19: ='3. 포장 상업매출'!W6 -> 373.71498
F20: =SUM(F17:F19) -> 1026.572 | G20: =SUM(G17:G19) -> 68.990503 | H20: =SUM(H17:H19) -> 88.077118 | I20: =SUM(I17:I19) -> 81.331637 | J20: =SUM(G20:I20) -> 238.39926 | K20: =SUM(K17:K19) -> 79.349504 | L20: =SUM(L17:L19) -> 101.581 | M20: =SUM(M17:M19) -> 85.662553 | N20: =SUM(K20:M20) -> 266.59305 | O20: =SUM(O17:O19) -> 108.23498 | P20: =SUM(P17:P19) -> 108.23459 | Q20: =SUM(Q17:Q19) -> 106.72235 | R20: =SUM(O20:Q20) -> 323.19191 | S20: =SUM(S17:S19) -> 90.627837 | T20: =SUM(T17:T19) -> 100.9142 | U20: =SUM(U17:U19) -> 123.72523 | V20: =SUM(S20:U20) -> 315.26727 | W20: =+J20+N20+R20+V20 -> 1143.4515 | X20: =SUM(X17:X19) -> 337.1018 | Y20: =SUM(Y17:Y19) -> 366.8728 | Z20: =SUM(Z17:Z19) -> 276.71738 | AA20: =SUM(AA17:AA19) -> 374.023 | AB20: =SUM(X20:AA20) -> 1354.715 | AC20: =SUM(AC17:AC19) -> 1671.715 | AD20: =SUM(AD17:AD19) -> 1601.715 | AE20: =SUM(AE17:AE19) -> 1454.715
D21: L&P 상업 | F21: 50.005924 | G21: ='4. L&P 상업 매출'!C5 -> 2.652565 | H21: ='4. L&P 상업 매출'!D5 -> 2.7458164 | I21: ='4. L&P 상업 매출'!E5 -> 2.65362 | J21: =SUM(G21:I21) -> 8.0520014 | K21: ='4. L&P 상업 매출'!F5 -> 4.198658 | L21: ='4. L&P 상업 매출'!G5 -> 4.7918944 | M21: ='4. L&P 상업 매출'!H5 -> 3.2201436 | N21: =SUM(K21:M21) -> 12.210696 | O21: ='4. L&P 상업 매출'!I5 -> 5.0285436 | P21: ='4. L&P 상업 매출'!J5 -> 5.6127878 | Q21: ='4. L&P 상업 매출'!K5 -> 2.3312762 | R21: =SUM(O21:Q21) -> 12.972608 | S21: ='4. L&P 상업 매출'!L5 -> 5.2395568 | T21: ='4. L&P 상업 매출'!M5 -> 5.3743936 | U21: ='4. L&P 상업 매출'!N5 -> 3.8248932 | V21: =SUM(S21:U21) -> 14.438844 | W21: =+J21+N21+R21+V21 -> 47.674149 | X21: ='4. L&P 상업 매출'!P5 -> 12.614964 | Y21: ='4. L&P 상업 매출'!Q5 -> 12.821231 | Z21: ='4. L&P 상업 매출'!R5 -> 13.621238 | AA21: ='4. L&P 상업 매출'!S5 -> 15.160786 | AB21: =SUM(X21:AA21) -> 54.218218 | AC21: ='4. L&P 상업 매출'!U5 -> 56.929129 | AD21: ='4. L&P 상업 매출'!V5 -> 59.775586 | AE21: ='4. L&P 상업 매출'!W5 -> 62.764365
F22: =F20+F21 -> 1076.578 | G22: =+G20+G21 -> 71.643068 | H22: =+H20+H21 -> 90.822934 | I22: =+I20+I21 -> 83.985258 | J22: =+J20+J21 -> 246.45126 | K22: =+K20+K21 -> 83.548162 | L22: =+L20+L21 -> 106.37289 | M22: =+M20+M21 -> 88.882697 | N22: =+N20+N21 -> 278.80375 | ... AA22: =+AA20+AA21 -> 389.18378 | AB22: =SUM(X22:AA22) -> 1408.9332 | AC22: =+AC20+AC21 -> 1728.6441 | AD22: =+AD20+AD21 -> 1661.4906 | AE22: =+AE20+AE21 -> 1517.4793
C23: 내재화 상업 | D23: APAC | E23: 네시나F | G23: ='5. 케미컬상업'!E7 -> 1.2854877 | H23: ='5. 케미컬상업'!F7 -> 11.632487 | I23: ='5. 케미컬상업'!G7 -> 0.245376 | J23: =SUM(G23:I23) -> 13.16335 | K23: ='5. 케미컬상업'!H7 -> 0.214704 | L23: ='5. 케미컬상업'!I7 -> 10.496214 | M23: ='5. 케미컬상업'!J7 -> 1.685682 | N23: =SUM(K23:M23) -> 12.3966 | O23: ='5. 케미컬상업'!K7 -> 10.318572 | P23: ='5. 케미컬상업'!L7 -> 1.932336 | Q23: ='5. 케미컬상업'!M7 -> 2.302956 | R23: =SUM(O23:Q23) -> 14.553864 | S23: ='5. 케미컬상업'!N7 -> 2.302956 | T23: ='5. 케미컬상업'!O7 -> 11.107098 | U23: ='5. 케미컬상업'!P7 -> 4.851288 | V23: =SUM(S23:U23) -> 18.261342 | W23: =+J23+N23+R23+V23 -> 58.375156 | X23: ='5. 케미컬상업'!R7 -> 16.14824 | Y23: ='5. 케미컬상업'!S7 -> 16.02328 | Z23: ='5. 케미컬상업'!T7 -> 21.5272 | AA23: ='5. 케미컬상업'!U7 -> 16.89942 | AB23: =SUM(X23:AA23) -> 70.59814 | AC23: ='5. 케미컬상업'!V7 -> 70.59814 | AD23: ='5. 케미컬상업'!W7 -> 70.59814 | AE23: ='5. 케미컬상업'!X7 -> 70.59814
E24: 이달비F | G24: ='5. 케미컬상업'!E8 -> 1.8146918 | H24: ='5. 케미컬상업'!F8 -> 0.451134 | I24: ='5. 케미컬상업'!G8 -> 9.193932 | J24: =SUM(G24:I24) -> 11.459758 | K24: ='5. 케미컬상업'!H8 -> 11.946744 | L24: ='5. 케미컬상업'!I8 -> 7.4763 | M24: ='5. 케미컬상업'!J8 -> 1.3984515 | N24: =SUM(K24:M24) -> 20.821496 | O24: ='5. 케미컬상업'!K8 -> 22.996332 | P24: ='5. 케미컬상업'!L8 -> 0 | Q24: ='5. 케미컬상업'!M8 -> 7.717842 | R24: =SUM(O24:Q24) -> 30.714174 | S24: ='5. 케미컬상업'!N8 -> 16.286832 | T24: ='5. 케미컬상업'!O8 -> 7.717842 | U24: ='5. 케미컬상업'!P8 -> 23.5791 | V24: =SUM(S24:U24) -> 47.583774 | W24: =+J24+N24+R24+V24 -> 110.5792 | X24: ='5. 케미컬상업'!R8 -> 23.76938 | Y24: ='5. 케미컬상업'!S8 -> 32.68201 | Z24: ='5. 케미컬상업'!T8 -> 26.48442 | AA24: ='5. 케미컬상업'!U8 -> 35.40628 | AB24: =SUM(X24:AA24) -> 118.34209 | AC24: ='5. 케미컬상업'!V8 -> 118.34209 | AD24: ='5. 케미컬상업'!W8 -> 118.34209 | AE24: ='5. 케미컬상업'!X8 -> 118.34209
G25: =SUM(G23:G24) -> 3.1001795 | H25: =SUM(H23:H24) -> 12.083621 | I25: =SUM(I23:I24) -> 9.439308 | J25: =SUM(J23:J24) -> 24.623108 | K25: =SUM(K23:K24) -> 12.161448 | L25: =SUM(L23:L24) -> 17.972514 | M25: =SUM(M23:M24) -> 3.0841335 | N25: =SUM(N23:N24) -> 33.218096 | ... AE25: =SUM(AE23:AE24) -> 188.94023
D26: CMO상업_위임형 | G26: ='5. 케미컬상업'!E10 -> 0.17044833 | H26: ='5. 케미컬상업'!F10 -> 0.17044833 | I26: ='5. 케미컬상업'!G10 -> 0.17044833 | J26: =SUM(G26:I26) -> 0.511345 | K26: ='5. 케미컬상업'!H10 -> 0.17044833 | L26: ='5. 케미컬상업'!I10 -> 0.17044833 | M26: ='5. 케미컬상업'!J10 -> 0.17044833 | N26: =SUM(K26:M26) -> 0.511345 | O26: ='5. 케미컬상업'!K10 -> 0.17044833 | P26: ='5. 케미컬상업'!L10 -> 0.17044833 | Q26: ='5. 케미컬상업'!M10 -> 0.17044833 | R26: =SUM(O26:Q26) -> 0.511345 | S26: ='5. 케미컬상업'!N10 -> 0.17044833 | T26: ='5. 케미컬상업'!O10 -> 0.17044833 | U26: ='5. 케미컬상업'!P10 -> 0.17044833 | V26: =SUM(S26:U26) -> 0.511345 | W26: =+J26+N26+R26+V26 -> 2.04538 | X26: ='5. 케미컬상업'!R10 -> 2.04538 | Y26: ='5. 케미컬상업'!S10 -> 1.5298675 | Z26: ='5. 케미컬상업'!T10 -> 1.5298675 | AA26: ='5. 케미컬상업'!U10 -> 1.5298675 | AB26: =SUM(X26:AA26) -> 6.6349825 | AC26: ='5. 케미컬상업'!V10 -> 1.5298675 | AD26: ='5. 케미컬상업'!W10 -> 6.11947 | AE26: ='5. 케미컬상업'!X10 -> 12.233065
F27: 141.72946 | G27: =SUM(G25:G26) -> 3.2706278 | H27: =SUM(H25:H26) -> 12.254069 | I27: =SUM(I25:I26) -> 9.6097563 | J27: =SUM(J25:J26) -> 25.134453 | K27: =SUM(K25:K26) -> 12.331896 | L27: =SUM(L25:L26) -> 18.142962 | M27: =SUM(M25:M26) -> 3.2545818 | N27: =SUM(N25:N26) -> 33.729441 | ... AE27: =SUM(AE25:AE26) -> 201.17329
C28: 개발용역 | D28: 케미컬 | E28: CMO용역 | F28: 0.67 | G28: =SUMIF('1. 26-30년 개발용역'!$B$8:$B$14,요약!$E28,'1. 26-30년 개발용역'!D$8:D$14)/10^8 -> 0 | H28: =SUMIF('1. 26-30년 개발용역'!$B$8:$B$14,요약!$E28,'1. 26-30년 개발용역'!E$8:E$14)/10^8 -> 0 | I28: =SUMIF('1. 26-30년 개발용역'!$B$8:$B$14,요약!$E28,'1. 26-30년 개발용역'!F$8:F$14)/10^8 -> 0 | J28: =SUM(G28:I28) -> 0 | K28: =SUMIF('1. 26-30년 개발용역'!$B$8:$B$14,요약!$E28,'1. 26-30년 개발용역'!G$8:G$14)/10^8 -> 0 | L28: =SUMIF('1. 26-30년 개발용역'!$B$8:$B$14,요약!$E28,'1. 26-30년 개발용역'!H$8:H$14)/10^8 -> 0 | M28: =SUMIF('1. 26-30년 개발용역'!$B$8:$B$14,요약!$E28,'1. 26-30년 개발용역'!I$8:I$14)/10^8 -> 0 | N28: =SUM(K28:M28) -> 0 | O28: =SUMIF('1. 26-30년 개발용역'!$B$8:$B$14,요약!$E28,'1. 26-30년 개발용역'!J$8:J$14)/10^8 -> 0 | P28: =SUMIF('1. 26-30년 개발용역'!$B$8:$B$14,요약!$E28,'1. 26-30년 개발용역'!K$8:K$14)/10^8 -> 0 | Q28: =SUMIF('1. 26-30년 개발용역'!$B$8:$B$14,요약!$E28,'1. 26-30년 개발용역'!L$8:L$14)/10^8 -> 0 | R28: =SUM(O28:Q28) -> 0 | S28: =SUMIF('1. 26-30년 개발용역'!$B$8:$B$14,요약!$E28,'1. 26-30년 개발용역'!M$8:M$14)/10^8 -> 0 | T28: =SUMIF('1. 26-30년 개발용역'!$B$8:$B$14,요약!$E28,'1. 26-30년 개발용역'!N$8:N$14)/10^8 -> 0 | U28: =SUMIF('1. 26-30년 개발용역'!$B$8:$B$14,요약!$E28,'1. 26-30년 개발용역'!O$8:O$14)/10^8 -> 0 | V28: =SUM(S28:U28) -> 0 | W28: =+J28+N28+R28+V28 -> 0 | X28: =SUMIF('1. 26-30년 개발용역'!$B$24:$B$30,요약!$E28,'1. 26-30년 개발용역'!R$24:R$30)/10^8 -> 0 | Y28: =SUMIF('1. 26-30년 개발용역'!$B$24:$B$30,요약!$E28,'1. 26-30년 개발용역'!S$24:S$30)/10^8 -> 0 | Z28: =SUMIF('1. 26-30년 개발용역'!$B$24:$B$30,요약!$E28,'1. 26-30년 개발용역'!T$24:T$30)/10^8 -> 0 | AA28: =SUMIF('1. 26-30년 개발용역'!$B$24:$B$30,요약!$E28,'1. 26-30년 개발용역'!U$24:U$30)/10^8 -> 0 | AB28: =SUM(X28:AA28) -> 0 | AC28: =SUMIF('1. 26-30년 개발용역'!$B$40:$B$46,요약!$E28,'1. 26-30년 개발용역'!P$40:P$46)/10^8 -> 0 | AD28: =SUMIF('1. 26-30년 개발용역'!$B$56:$B$62,요약!$E28,'1. 26-30년 개발용역'!P$56:P$62)/10^8 -> 0 | AE28: =SUMIF('1. 26-30년 개발용역'!$B$72:$B$78,요약!$E28,'1. 26-30년 개발용역'!P$56:P$62)/10^8 -> 0
E29: 내재화용역 | F29: 12.8925 | G29: =SUMIF('1. 26-30년 개발용역'!$B$8:$B$14,요약!$E29,'1. 26-30년 개발용역'!D$8:D$14)/10^8 -> 1.40625 | H29: =SUMIF('1. 26-30년 개발용역'!$B$8:$B$14,요약!$E29,'1. 26-30년 개발용역'!E$8:E$14)/10^8 -> 0.46875 | I29: =SUMIF('1. 26-30년 개발용역'!$B$8:$B$14,요약!$E29,'1. 26-30년 개발용역'!F$8:F$14)/10^8 -> 2.8125 | J29: =SUM(G29:I29) -> 4.6875 | K29: =SUMIF('1. 26-30년 개발용역'!$B$8:$B$14,요약!$E29,'1. 26-30년 개발용역'!G$8:G$14)/10^8 -> 0.46875 | L29: =SUMIF('1. 26-30년 개발용역'!$B$8:$B$14,요약!$E29,'1. 26-30년 개발용역'!H$8:H$14)/10^8 -> 0 | M29: =SUMIF('1. 26-30년 개발용역'!$B$8:$B$14,요약!$E29,'1. 26-30년 개발용역'!I$8:I$14)/10^8 -> 0 | N29: =SUM(K29:M29) -> 0.46875 | O29: =SUMIF('1. 26-30년 개발용역'!$B$8:$B$14,요약!$E29,'1. 26-30년 개발용역'!J$8:J$14)/10^8 -> 0 | P29: =SUMIF('1. 26-30년 개발용역'!$B$8:$B$14,요약!$E29,'1. 26-30년 개발용역'!K$8:K$14)/10^8 -> 0 | Q29: =SUMIF('1. 26-30년 개발용역'!$B$8:$B$14,요약!$E29,'1. 26-30년 개발용역'!L$8:L$14)/10^8 -> 0 | R29: =SUM(O29:Q29) -> 0 | S29: =SUMIF('1. 26-30년 개발용역'!$B$8:$B$14,요약!$E29,'1. 26-30년 개발용역'!M$8:M$14)/10^8 -> 0.9375 | T29: =SUMIF('1. 26-30년 개발용역'!$B$8:$B$14,요약!$E29,'1. 26-30년 개발용역'!N$8:N$14)/10^8 -> 0 | U29: =SUMIF('1. 26-30년 개발용역'!$B$8:$B$14,요약!$E29,'1. 26-30년 개발용역'!O$8:O$14)/10^8 -> 0 | V29: =SUM(S29:U29) -> 0.9375 | W29: =+J29+N29+R29+V29 -> 6.09375 | X29: =SUMIF('1. 26-30년 개발용역'!$B$24:$B$30,요약!$E29,'1. 26-30년 개발용역'!R$24:R$30)/10^8 -> 0 | Y29: =SUMIF('1. 26-30년 개발용역'!$B$24:$B$30,요약!$E29,'1. 26-30년 개발용역'!S$24:S$30)/10^8 -> 0 | Z29: =SUMIF('1. 26-30년 개발용역'!$B$24:$B$30,요약!$E29,'1. 26-30년 개발용역'!T$24:T$30)/10^8 -> 0.46875 | AA29: =SUMIF('1. 26-30년 개발용역'!$B$24:$B$30,요약!$E29,'1. 26-30년 개발용역'!U$24:U$30)/10^8 -> 0.46875 | AB29: =SUM(X29:AA29) -> 0.9375 | AC29: =SUMIF('1. 26-30년 개발용역'!$B$40:$B$46,요약!$E29,'1. 26-30년 개발용역'!P$40:P$46)/10^8 -> 0 | AD29: =SUMIF('1. 26-30년 개발용역'!$B$56:$B$62,요약!$E29,'1. 26-30년 개발용역'!P$56:P$62)/10^8 -> 0 | AE29: =SUMIF('1. 26-30년 개발용역'!$B$72:$B$78,요약!$E29,'1. 26-30년 개발용역'!P$56:P$62)/10^8 -> 0
E30: LCM용역 | F30: 13.248125 | G30: =SUMIF('1. 26-30년 개발용역'!$B$8:$B$14,요약!$E30,'1. 26-30년 개발용역'!D$8:D$14)/10^8 -> 0 | H30: =SUMIF('1. 26-30년 개발용역'!$B$8:$B$14,요약!$E30,'1. 26-30년 개발용역'!E$8:E$14)/10^8 -> 0.46875 | I30: =SUMIF('1. 26-30년 개발용역'!$B$8:$B$14,요약!$E30,'1. 26-30년 개발용역'!F$8:F$14)/10^8 -> 1.31875 | J30: =SUM(G30:I30) -> 1.7875 | K30: =SUMIF('1. 26-30년 개발용역'!$B$8:$B$14,요약!$E30,'1. 26-30년 개발용역'!G$8:G$14)/10^8 -> 2.03 | L30: =SUMIF('1. 26-30년 개발용역'!$B$8:$B$14,요약!$E30,'1. 26-30년 개발용역'!H$8:H$14)/10^8 -> 1.71875 | M30: =SUMIF('1. 26-30년 개발용역'!$B$8:$B$14,요약!$E30,'1. 26-30년 개발용역'!I$8:I$14)/10^8 -> 1.7375 | N30: =SUM(K30:M30) -> 5.48625 | O30: =SUMIF('1. 26-30년 개발용역'!$B$8:$B$14,요약!$E30,'1. 26-30년 개발용역'!J$8:J$14)/10^8 -> 0.85 | P30: =SUMIF('1. 26-30년 개발용역'!$B$8:$B$14,요약!$E30,'1. 26-30년 개발용역'!K$8:K$14)/10^8 -> 0.46875 | Q30: =SUMIF('1. 26-30년 개발용역'!$B$8:$B$14,요약!$E30,'1. 26-30년 개발용역'!L$8:L$14)/10^8 -> 0.46875 | R30: =SUM(O30:Q30) -> 1.7875 | S30: =SUMIF('1. 26-30년 개발용역'!$B$8:$B$14,요약!$E30,'1. 26-30년 개발용역'!M$8:M$14)/10^8 -> 0.85 | T30: =SUMIF('1. 26-30년 개발용역'!$B$8:$B$14,요약!$E30,'1. 26-30년 개발용역'!N$8:N$14)/10^8 -> 1.31875 | U30: =SUMIF('1. 26-30년 개발용역'!$B$8:$B$14,요약!$E30,'1. 26-30년 개발용역'!O$8:O$14)/10^8 -> 0 | V30: =SUM(S30:U30) -> 2.16875 | W30: =+J30+N30+R30+V30 -> 11.23 | X30: =SUMIF('1. 26-30년 개발용역'!$B$24:$B$30,요약!$E30,'1. 26-30년 개발용역'!R$24:R$30)/10^8 -> 0.9375 | Y30: =SUMIF('1. 26-30년 개발용역'!$B$24:$B$30,요약!$E30,'1. 26-30년 개발용역'!S$24:S$30)/10^8 -> 0.9375 | Z30: =SUMIF('1. 26-30년 개발용역'!$B$24:$B$30,요약!$E30,'1. 26-30년 개발용역'!T$24:T$30)/10^8 -> 0.9375 | AA30: =SUMIF('1. 26-30년 개발용역'!$B$24:$B$30,요약!$E30,'1. 26-30년 개발용역'!U$24:U$30)/10^8 -> 0.46875 | AB30: =SUM(X30:AA30) -> 3.28125 | AC30: =SUMIF('1. 26-30년 개발용역'!$B$40:$B$46,요약!$E30,'1. 26-30년 개발용역'!P$40:P$46)/10^8 -> 0.9375 | AD30: =SUMIF('1. 26-30년 개발용역'!$B$56:$B$62,요약!$E30,'1. 26-30년 개발용역'!P$56:P$62)/10^8 -> 0.9375 | AE30: =SUMIF('1. 26-30년 개발용역'!$B$72:$B$78,요약!$E30,'1. 26-30년 개발용역'!P$56:P$62)/10^8 -> 0.9375
E31: 기타 | F31: 1.319006 | G31: =SUMIF('1. 26-30년 개발용역'!$B$8:$B$14,요약!$E31,'1. 26-30년 개발용역'!D$8:D$14)/10^8 -> 0 | H31: =SUMIF('1. 26-30년 개발용역'!$B$8:$B$14,요약!$E31,'1. 26-30년 개발용역'!E$8:E$14)/10^8 -> 0 | I31: =SUMIF('1. 26-30년 개발용역'!$B$8:$B$14,요약!$E31,'1. 26-30년 개발용역'!F$8:F$14)/10^8 -> 0 | K31: =SUMIF('1. 26-30년 개발용역'!$B$8:$B$14,요약!$E31,'1. 26-30년 개발용역'!G$8:G$14)/10^8 -> 0 | L31: =SUMIF('1. 26-30년 개발용역'!$B$8:$B$14,요약!$E31,'1. 26-30년 개발용역'!H$8:H$14)/10^8 -> 0 | M31: =SUMIF('1. 26-30년 개발용역'!$B$8:$B$14,요약!$E31,'1. 26-30년 개발용역'!I$8:I$14)/10^8 -> 0 | O31: =SUMIF('1. 26-30년 개발용역'!$B$8:$B$14,요약!$E31,'1. 26-30년 개발용역'!J$8:J$14)/10^8 -> 0 | P31: =SUMIF('1. 26-30년 개발용역'!$B$8:$B$14,요약!$E31,'1. 26-30년 개발용역'!K$8:K$14)/10^8 -> 0 | Q31: =SUMIF('1. 26-30년 개발용역'!$B$8:$B$14,요약!$E31,'1. 26-30년 개발용역'!L$8:L$14)/10^8 -> 0 | S31: =SUMIF('1. 26-30년 개발용역'!$B$8:$B$14,요약!$E31,'1. 26-30년 개발용역'!M$8:M$14)/10^8 -> 0 | T31: =SUMIF('1. 26-30년 개발용역'!$B$8:$B$14,요약!$E31,'1. 26-30년 개발용역'!N$8:N$14)/10^8 -> 0 | U31: =SUMIF('1. 26-30년 개발용역'!$B$8:$B$14,요약!$E31,'1. 26-30년 개발용역'!O$8:O$14)/10^8 -> 0 | X31: =SUMIF('1. 26-30년 개발용역'!$B$24:$B$30,요약!$E31,'1. 26-30년 개발용역'!R$24:R$30)/10^8 -> 0 | Y31: =SUMIF('1. 26-30년 개발용역'!$B$24:$B$30,요약!$E31,'1. 26-30년 개발용역'!S$24:S$30)/10^8 -> 0 | Z31: =SUMIF('1. 26-30년 개발용역'!$B$24:$B$30,요약!$E31,'1. 26-30년 개발용역'!T$24:T$30)/10^8 -> 0 | AA31: =SUMIF('1. 26-30년 개발용역'!$B$24:$B$30,요약!$E31,'1. 26-30년 개발용역'!U$24:U$30)/10^8 -> 0 | AC31: =SUMIF('1. 26-30년 개발용역'!$B$40:$B$46,요약!$E31,'1. 26-30년 개발용역'!P$40:P$46)/10^8 -> 0 | AD31: =SUMIF('1. 26-30년 개발용역'!$B$56:$B$62,요약!$E31,'1. 26-30년 개발용역'!P$56:P$62)/10^8 -> 0 | AE31: =SUMIF('1. 26-30년 개발용역'!$B$72:$B$78,요약!$E31,'1. 26-30년 개발용역'!P$56:P$62)/10^8 -> 0
F32: =SUM(F28:F31) -> 28.129631 | G32: =SUM(G28:G31) -> 1.40625 | H32: =SUM(H28:H31) -> 0.9375 | I32: =SUM(I28:I31) -> 4.13125 | J32: =SUM(J28:J31) -> 6.475 | K32: =SUM(K28:K31) -> 2.49875 | L32: =SUM(L28:L31) -> 1.71875 | M32: =SUM(M28:M31) -> 1.7375 | ... AE32: =SUM(AE28:AE31) -> 0.9375
D33: 바이오 | E33: PFS용역 | F33: 117.51212 | G33: =SUMIF('1. 26-30년 개발용역'!$B$8:$B$14,요약!$E33,'1. 26-30년 개발용역'!D$8:D$14)/10^8 -> 24.597 | H33: =SUMIF('1. 26-30년 개발용역'!$B$8:$B$14,요약!$E33,'1. 26-30년 개발용역'!E$8:E$14)/10^8 -> 3.71 | I33: =SUMIF('1. 26-30년 개발용역'!$B$8:$B$14,요약!$E33,'1. 26-30년 개발용역'!F$8:F$14)/10^8 -> 7.02 | J33: =SUM(G33:I33) -> 35.327 | K33: =SUMIF('1. 26-30년 개발용역'!$B$8:$B$14,요약!$E33,'1. 26-30년 개발용역'!G$8:G$14)/10^8 -> 8.34 | L33: =SUMIF('1. 26-30년 개발용역'!$B$8:$B$14,요약!$E33,'1. 26-30년 개발용역'!H$8:H$14)/10^8 -> 36.1775 | M33: =SUMIF('1. 26-30년 개발용역'!$B$8:$B$14,요약!$E33,'1. 26-30년 개발용역'!I$8:I$14)/10^8 -> 19.516 | N33: =SUM(K33:M33) -> 64.0335 | O33: =SUMIF('1. 26-30년 개발용역'!$B$8:$B$14,요약!$E33,'1. 26-30년 개발용역'!J$8:J$14)/10^8 -> 2.72 | P33: =SUMIF('1. 26-30년 개발용역'!$B$8:$B$14,요약!$E33,'1. 26-30년 개발용역'!K$8:K$14)/10^8 -> 4.44 | Q33: =SUMIF('1. 26-30년 개발용역'!$B$8:$B$14,요약!$E33,'1. 26-30년 개발용역'!L$8:L$14)/10^8 -> 21.07 | R33: =SUM(O33:Q33) -> 28.23 | S33: =SUMIF('1. 26-30년 개발용역'!$B$8:$B$14,요약!$E33,'1. 26-30년 개발용역'!M$8:M$14)/10^8 -> 3 | T33: =SUMIF('1. 26-30년 개발용역'!$B$8:$B$14,요약!$E33,'1. 26-30년 개발용역'!N$8:N$14)/10^8 -> 26.166 | U33: =SUMIF('1. 26-30년 개발용역'!$B$8:$B$14,요약!$E33,'1. 26-30년 개발용역'!O$8:O$14)/10^8 -> 23.02 | V33: =SUM(S33:U33) -> 52.186 | W33: =+J33+N33+R33+V33 -> 179.7765 | X33: =SUMIF('1. 26-30년 개발용역'!$B$24:$B$30,요약!$E33,'1. 26-30년 개발용역'!R$24:R$30)/10^8 -> 35.262 | Y33: =SUMIF('1. 26-30년 개발용역'!$B$24:$B$30,요약!$E33,'1. 26-30년 개발용역'!S$24:S$30)/10^8 -> 31.198 | Z33: =SUMIF('1. 26-30년 개발용역'!$B$24:$B$30,요약!$E33,'1. 26-30년 개발용역'!T$24:T$30)/10^8 -> 20.786 | AA33: =SUMIF('1. 26-30년 개발용역'!$B$24:$B$30,요약!$E33,'1. 26-30년 개발용역'!U$24:U$30)/10^8 -> 24.18 | AB33: =SUM(X33:AA33) -> 111.426 | AC33: =SUMIF('1. 26-30년 개발용역'!$B$40:$B$46,요약!$E33,'1. 26-30년 개발용역'!P$40:P$46)/10^8 -> 73.39 | AD33: =SUMIF('1. 26-30년 개발용역'!$B$56:$B$62,요약!$E33,'1. 26-30년 개발용역'!P$56:P$62)/10^8 -> 64.136 | AE33: =SUMIF('1. 26-30년 개발용역'!$B$72:$B$78,요약!$E33,'1. 26-30년 개발용역'!P$72:P$78)/10^8 -> 67.136
F34: =F32+F33 -> 145.64176 | G34: =SUM(G32,G33) -> 26.00325 | H34: =SUM(H32,H33) -> 4.6475 | I34: =SUM(I32,I33) -> 11.15125 | J34: =SUM(J32,J33) -> 41.802 | K34: =SUM(K32,K33) -> 10.83875 | L34: =SUM(L32,L33) -> 37.89625 | M34: =SUM(M32,M33) -> 21.2535 | N34: =SUM(N32,N33) -> 69.9885 | ... AE34: =SUM(AE32,AE33) -> 68.0735
H36: =SUM(H23:H24) -> 12.083621
C45: 제조부문 CMO 매출 | H45: 2024년 | M45: 2025년 | R45: GAP
C46: 제품 | D46: 구분 | E46: 공정 | F46: 1Q | G46: 2Q | H46: 3Q | I46: 4Q | J46: 합계 | K46: 1Q | L46: 2Q | M46: 3Q | N46: 4Q | O46: 합계 | P46: 1Q | Q46: 2Q | R46: 3Q | S46: 4Q | T46: 합계
C47: 개발용역 | D47: 케미컬 | E47: CMO용역 | F47: 0.4 | G47: 1.94 | H47: 0.3 | I47: 1.34 | J47: =SUM(F47:I47) -> 3.98 | K47: =J28 -> 0 | L47: =N28 -> 0 | M47: =R28 -> 0 | N47: =V28 -> 0 | O47: =SUM(K47:N47) -> 0 | P47: =K47-F47 -> -0.4 | Q47: =L47-G47 -> -1.94 | R47: =M47-H47 -> -0.3 | S47: =N47-I47 -> -1.34 | T47: =SUM(P47:S47) -> -3.98
E48: LCM용역 | F48: 5.20375 | G48: 21.71625 | H48: 3.73875 | I48: 1.79125 | J48: =SUM(F48:I48) -> 32.45 | K48: =J29 -> 4.6875 | L48: =N29 -> 0.46875 | M48: =R29 -> 0 | N48: =V29 -> 0.9375 | O48: =SUM(K48:N48) -> 6.09375 | P48: =K48-F48 -> -0.51625 | Q48: =L48-G48 -> -21.2475 | R48: =M48-H48 -> -3.73875 | S48: =N48-I48 -> -0.85375 | T48: =SUM(P48:S48) -> -26.35625
E49: 내재화용역 | F49: 2.116 | G49: 14.728625 | H49: 10.910625 | I49: 3.760625 | J49: =SUM(F49:I49) -> 31.515875 | K49: =J30 -> 1.7875 | L49: =N30 -> 5.48625 | M49: =R30 -> 1.7875 | N49: =V30 -> 2.16875 | O49: =SUM(K49:N49) -> 11.23 | P49: =K49-F49 -> -0.3285 | Q49: =L49-G49 -> -9.242375 | R49: =M49-H49 -> -9.123125 | S49: =N49-I49 -> -1.591875 | T49: =SUM(P49:S49) -> -20.285875
E50: 기타(QA위임등) | F50: 1.128306 | G50: 1.1552287 | H50: 1.227102 | I50: 0 | J50: =SUM(F50:I50) -> 3.5106367 | K50: =J31 -> 0 | L50: =N31 -> 0 | M50: =R31 -> 0 | N50: =V31 -> 0 | O50: =SUM(K50:N50) -> 0 | P50: =K50-F50 -> -1.128306 | Q50: =L50-G50 -> -1.1552287 | R50: =M50-H50 -> -1.227102 | S50: =N50-I50 -> 0 | T50: =SUM(P50:S50) -> -3.5106367
F51: =SUM(F47:F50) -> 8.848056 | G51: =SUM(G47:G50) -> 39.540104 | H51: =SUM(H47:H50) -> 16.176477 | I51: =SUM(I47:I50) -> 6.891875 | J51: =SUM(F51:I51) -> 71.456512 | K51: =SUM(K47:K50) -> 6.475 | L51: =SUM(L47:L50) -> 5.955 | M51: =SUM(M47:M50) -> 1.7875 | N51: =SUM(N47:N50) -> 3.10625 | O51: =SUM(K51:N51) -> 17.32375 | P51: =K51-F51 -> -2.373056 | Q51: =L51-G51 -> -33.585104 | R51: =M51-H51 -> -14.388977 | S51: =N51-I51 -> -3.785625 | T51: =SUM(P51:S51) -> -54.132762
D52: 바이오 | E52: PFS용역 | F52: 8.7447869 | G52: 5.1884943 | H52: 8.7501329 | I52: 9.3280829 | J52: =SUM(F52:I52) -> 32.011497 | K52: =J33 -> 35.327 | L52: =N33 -> 64.0335 | M52: =R33 -> 28.23 | N52: =V33 -> 52.186 | O52: =SUM(K52:N52) -> 179.7765 | P52: =K52-F52 -> 26.582213 | Q52: =L52-G52 -> 58.845006 | R52: =M52-H52 -> 19.479867 | S52: =N52-I52 -> 42.857917 | T52: =SUM(P52:S52) -> 147.765
F53: =F51+F52 -> 17.592843 | G53: =G51+G52 -> 44.728598 | H53: =H51+H52 -> 24.92661 | I53: =I51+I52 -> 16.219958 | J53: =SUM(F53:I53) -> 103.46801 | K53: =K51+K52 -> 41.802 | L53: =L51+L52 -> 69.9885 | M53: =M51+M52 -> 30.0175 | N53: =N51+N52 -> 55.29225 | O53: =SUM(K53:N53) -> 197.10025 | P53: =K53-F53 -> 24.209157 | Q53: =L53-G53 -> 25.259902 | R53: =M53-H53 -> 5.0908901 | S53: =N53-I53 -> 39.072292 | T53: =SUM(P53:S53) -> 93.632241
C54: 바이오 상업 | D54: PFS상업 | F54: 138.16276 | G54: 186.24836 | H54: 347.37641 | I54: 245.3255 | J54: =SUM(F54:I54) -> 917.11303 | K54: =J20 -> 238.39926 | L54: =N20 -> 266.59305 | M54: =R20 -> 323.19191 | N54: =V20 -> 315.26727 | O54: =SUM(K54:N54) -> 1143.4515 | P54: =K54-F54 -> 100.2365 | Q54: =L54-G54 -> 80.344689 | R54: =M54-H54 -> -24.184501 | S54: =N54-I54 -> 69.941772 | T54: =SUM(P54:S54) -> 226.33846
D55: L&P상업 | F55: 27.461327 | G55: 28.875831 | H55: 7.1843648 | I55: 8.3474836 | J55: =SUM(F55:I55) -> 71.869007 | K55: =J21 -> 8.0520014 | L55: =N21 -> 12.210696 | M55: =R21 -> 12.972608 | N55: =V21 -> 14.438844 | O55: =SUM(K55:N55) -> 47.674149 | P55: =K55-F55 -> -19.409326 | Q55: =L55-G55 -> -16.665135 | R55: =M55-H55 -> 5.7882428 | S55: =N55-I55 -> 6.09136 | T55: =SUM(P55:S55) -> -24.194859
F56: =F54+F55 -> 165.62409 | G56: =G54+G55 -> 215.12419 | H56: =H54+H55 -> 354.56078 | I56: =I54+I55 -> 253.67298 | J56: =SUM(F56:I56) -> 988.98204 | K56: =K54+K55 -> 246.45126 | L56: =L54+L55 -> 278.80375 | M56: =M54+M55 -> 336.16452 | N56: =N54+N55 -> 329.70611 | O56: =SUM(K56:N56) -> 1191.1256 | P56: =K56-F56 -> 80.827173 | Q56: =L56-G56 -> 63.679553 | R56: =M56-H56 -> -18.396258 | S56: =N56-I56 -> 76.033132 | T56: =SUM(P56:S56) -> 202.1436
C57: 케미컬 상업 | D57: GCP상업 | E57: G07 | F57: 86.421012 | G57: 11.514547 | H57: 6.02 | I57: 8.9736444 | J57: =SUM(F57:I57) -> 112.9292 | K57: 0 | L57: 0 | M57: 0 | N57: 0 | O57: =SUM(K57:N57) -> 0 | P57: =K57-F57 -> -86.421012 | Q57: =L57-G57 -> -11.514547 | R57: =M57-H57 -> -6.02 | S57: =N57-I57 -> -8.9736444 | T57: =SUM(P57:S57) -> -112.9292
D58: 내재화상업 | F58: 0 | G58: 4.9091658 | H58: 24.206044 | I58: 59.3974 | J58: =SUM(F58:I58) -> 88.51261 | K58: =J27 -> 25.134453 | L58: =N27 -> 33.729441 | M58: =R27 -> 45.779383 | N58: =V27 -> 66.356461 | O58: =SUM(K58:N58) -> 170.99974 | P58: =K58-F58 -> 25.134453 | Q58: =L58-G58 -> 28.820275 | R58: =M58-H58 -> 21.573339 | S58: =N58-I58 -> 6.9590605 | T58: =SUM(P58:S58) -> 82.487127
F59: =F57+F58 -> 86.421012 | G59: =G57+G58 -> 16.423713 | H59: =H57+H58 -> 30.226044 | I59: =I57+I58 -> 68.371045 | J59: =SUM(F59:I59) -> 201.44181 | K59: =K57+K58 -> 25.134453 | L59: =L57+L58 -> 33.729441 | M59: =M57+M58 -> 45.779383 | N59: =N57+N58 -> 66.356461 | O59: =SUM(K59:N59) -> 170.99974 | P59: =K59-F59 -> -61.286559 | Q59: =L59-G59 -> 17.305728 | R59: =M59-H59 -> 15.553339 | S59: =N59-I59 -> -2.0145839 | T59: =SUM(P59:S59) -> -30.442076
C60: Total | F60: =F53+F56+F59 -> 269.63794 | G60: =G53+G56+G59 -> 276.27651 | H60: =H53+H56+H59 -> 409.71343 | I60: =I53+I56+I59 -> 338.26398 | J60: =SUM(F60:I60) -> 1293.8919 | K60: =K53+K56+K59 -> 313.38771 | L60: =L53+L56+L59 -> 382.52169 | M60: =M53+M56+M59 -> 411.9614 | N60: =N53+N56+N59 -> 451.35482 | O60: =SUM(K60:N60) -> 1559.2256 | P60: =K60-F60 -> 43.749771 | Q60: =L60-G60 -> 106.24518 | R60: =M60-H60 -> 2.2479709 | S60: =N60-I60 -> 113.09084 | T60: =SUM(P60:S60) -> 265.33376
E61: ▣ 제약 매출 | L61: 276 | M61: =L60-L61 -> 106.52169
E64: 매출 | F64: 970 | G64: 1172 | H64: 1281 | I64: 1486 | J64: 4908 | K64: =SUM(K65:K68) -> 1099 | L64: =SUM(L65:L68) -> 1298 | M64: =SUM(M65:M68) -> 1367 | N64: =SUM(N65:N68) -> 1501 | O64: =SUM(O65:O68) -> 5265 | P64: =K64-F64 -> 129 | Q64: =L64-G64 -> 126 | R64: =M64-H64 -> 86 | S64: =N64-I64 -> 15 | T64: =O64-J64 -> 357
E65: 케미컬 | F65: 405 | G65: 567 | H65: 531 | I65: 577 | J65: 2080 | K65: 507 | L65: 527 | M65: 547 | N65: 630 | O65: =SUM(K65:N65) -> 2211 | P65: =K65-F65 -> 102 | Q65: =L65-G65 -> -40 | R65: =M65-H65 -> 16 | S65: =N65-I65 -> 53 | T65: =O65-J65 -> 131
E66: 바이오 | F66: 182 | G66: 206 | H66: 217 | I66: 394 | J66: 1000 | K66: 210 | L66: 290 | M66: 323 | N66: 403 | O66: =SUM(K66:N66) -> 1226 | P66: =K66-F66 -> 28 | Q66: =L66-G66 -> 84 | R66: =M66-H66 -> 106 | S66: =N66-I66 -> 9 | T66: =O66-J66 -> 226
E67: APAC | F67: 112 | G67: 123 | H67: 123 | I67: 176 | J67: 534 | K67: 112 | L67: 123 | M67: 130 | N67: 155 | O67: =SUM(K67:N67) -> 520 | P67: =K67-F67 -> 0 | Q67: =L67-G67 -> 0 | R67: =M67-H67 -> 7 | S67: =N67-I67 -> -21 | T67: =O67-J67 -> -14
E68: 제약용역 | F68: 270 | G68: 276 | H68: 410 | I68: 338 | J68: 1294 | K68: 270 | L68: 358 | M68: 367 | N68: 313 | O68: =SUM(K68:N68) -> 1308 | P68: =K68-F68 -> 0 | Q68: =L68-G68 -> 82 | R68: =M68-H68 -> -43 | S68: =N68-I68 -> -25 | T68: =O68-J68 -> 14
E69: 매출원가 | F69: 730 | G69: 875 | H69: 940 | I69: 1126 | J69: 3672 | K69: 819 | L69: 946 | M69: 965 | N69: 1029 | O69: 3759 | P69: =K69-F69 -> 89 | Q69: =L69-G69 -> 71 | R69: =M69-H69 -> 25 | S69: =N69-I69 -> -97 | T69: =O69-J69 -> 87
E70: 매출총이익 | F70: 239 | G70: 296 | H70: 341 | I70: 360 | J70: 1236 | K70: =K64-K69 -> 280 | L70: =L64-L69 -> 352 | M70: =M64-M69 -> 402 | N70: =N64-N69 -> 472 | O70: =O64-O69 -> 1506 | P70: =K70-F70 -> 41 | Q70: =L70-G70 -> 56 | R70: =M70-H70 -> 61 | S70: =N70-I70 -> 112 | T70: =O70-J70 -> 270
E71: 판관비 | F71: 202 | G71: 202 | H71: 205 | I71: 247 | J71: 856 | K71: 268 | L71: 338 | M71: 313 | N71: 332 | O71: =SUM(K71:N71) -> 1251 | P71: =K71-F71 -> 66 | Q71: =L71-G71 -> 136 | R71: =M71-H71 -> 108 | S71: =N71-I71 -> 85 | T71: =O71-J71 -> 395
E72: 영업이익 | F72: 37 | G72: 94 | H72: 136 | I72: 112 | J72: 380 | K72: =K70-K71 -> 12 | L72: =L70-L71 -> 14 | M72: =M70-M71 -> 89 | N72: =N70-N71 -> 140 | O72: =O70-O71 -> 255 | P72: =K72-F72 -> -25 | Q72: =L72-G72 -> -80 | R72: =M72-H72 -> -47 | S72: =N72-I72 -> 28 | T72: =O72-J72 -> -125

Sheet 1. 26-30년 개발용역
B2: ■ '26년 용역 마스터보드
D3: 예정 | E3: 예정 | F3: 예정 | G3: 예정 | H3: 예정 | I3: 예정 | J3: 예정 | K3: 예정 | L3: 예정 | M3: 예정 | N3: 예정 | O3: 예정
B4: 용역구분 | D4: 1분기 | G4: 2분기 | J4: 3분기 | M4: 4분기 | P4: '26년 계
D5: 1월 | E5: 2월 | F5: 3월 | G5: 4월 | H5: 5월 | I5: 6월 | J5: 7월 | K5: 8월 | L5: 9월 | M5: 10월 | N5: 11월 | O5: 12월
B7: 사업계획
B8: CMO용역 | D8: 0 | E8: 0 | F8: 0 | G8: 0 | H8: 0 | I8: 0 | J8: 0 | K8: 0 | L8: 0 | M8: 0 | N8: 0 | O8: 0 | P8: 0
B9: 내재화용역 | D9: 140625000 | E9: 46875000 | F9: 281250000 | G9: 46875000 | H9: 0 | I9: 0 | J9: 0 | K9: 0 | L9: 0 | M9: 93750000 | N9: 0 | O9: 0 | P9: 609375000
B10: LCM용역 | D10: 0 | E10: 46875000 | F10: 131875000 | G10: 203000000 | H10: 171875000 | I10: 173750000 | J10: 85000000 | K10: 46875000 | L10: 46875000 | M10: 85000000 | N10: 131875000 | O10: 0 | P10: 1123000000
B11: 마리나 개발용역 소계 | D11: 140625000 | E11: 93750000 | F11: 413125000 | G11: 249875000 | H11: 171875000 | I11: 173750000 | J11: 85000000 | K11: 46875000 | L11: 46875000 | M11: 178750000 | N11: 131875000 | O11: 0 | P11: 1732375000
B12: PFS용역 | D12: 2459700000 | E12: 371000000 | F12: 702000000 | G12: 834000000 | H12: 3617750000 | I12: 1951600000 | J12: 272000000 | K12: 444000000 | L12: 2107000000 | M12: 300000000 | N12: 2616600000 | O12: 2302000000 | P12: 17977650000
B13: 5. 개량신약 플랫폼 | D13: 0 | E13: 0 | F13: 0 | G13: 0 | H13: 0 | I13: 0 | J13: 0 | K13: 0 | L13: 0 | M13: 0 | N13: 0 | O13: 0 | P13: 0
B14: 기타 | D14: 0 | E14: 0 | F14: 0 | G14: 0 | H14: 0 | I14: 0 | J14: 0 | K14: 0 | L14: 0 | M14: 0 | N14: 0 | O14: 0 | P14: 0
B15: 청주공장 용역 매출 총계 | D15: 2600325000 | E15: 464750000 | F15: 1115125000 | G15: 1083875000 | H15: 3789625000 | I15: 2125350000 | J15: 357000000 | K15: 490875000 | L15: 2153875000 | M15: 478750000 | N15: 2748475000 | O15: 2302000000 | P15: 19710025000
B18: ■ '27년 용역 마스터보드
D19: 예정 | E19: 예정 | F19: 예정 | G19: 예정 | H19: 예정 | I19: 예정 | J19: 예정 | K19: 예정 | L19: 예정 | M19: 예정 | N19: 예정 | O19: 예정
B20: 용역구분 | D20: 1분기 | G20: 2분기 | J20: 3분기 | M20: 4분기 | P20: '27년 계
D21: 1월 | E21: 2월 | F21: 3월 | G21: 4월 | H21: 5월 | I21: 6월 | J21: 7월 | K21: 8월 | L21: 9월 | M21: 10월 | N21: 11월 | O21: 12월 | R21: 1분기 | S21: 2분기 | T21: 3분기 | U21: 4분기
B23: 사업계획
B24: CMO용역 | D24: 0 | E24: 0 | F24: 0 | G24: 0 | H24: 0 | I24: 0 | J24: 0 | K24: 0 | L24: 0 | M24: 0 | N24: 0 | O24: 0 | P24: 0 | R24: =SUM(D24:F24) -> 0 | S24: =SUM(G24:I24) -> 0 | T24: =SUM(J24:L24) -> 0 | U24: =SUM(M24:O24) -> 0
B25: 내재화용역 | D25: 0 | E25: 0 | F25: 0 | G25: 0 | H25: 0 | I25: 0 | J25: 46875000 | K25: 0 | L25: 0 | M25: 46875000 | N25: 0 | O25: 0 | P25: 93750000 | R25: =SUM(D25:F25) -> 0 | S25: =SUM(G25:I25) -> 0 | T25: =SUM(J25:L25) -> 46875000 | U25: =SUM(M25:O25) -> 46875000
B26: LCM용역 | D26: 0 | E26: 93750000 | F26: 0 | G26: 0 | H26: 46875000 | I26: 46875000 | J26: 0 | K26: 46875000 | L26: 46875000 | M26: 0 | N26: 46875000 | O26: 0 | P26: 328125000 | R26: =SUM(D26:F26) -> 93750000 | S26: =SUM(G26:I26) -> 93750000 | T26: =SUM(J26:L26) -> 93750000 | U26: =SUM(M26:O26) -> 46875000
B27: 마리나 개발용역 소계 | D27: 0 | E27: 93750000 | F27: 0 | G27: 0 | H27: 46875000 | I27: 46875000 | J27: 46875000 | K27: 46875000 | L27: 46875000 | M27: 46875000 | N27: 46875000 | O27: 0 | P27: 421875000 | R27: =SUM(D27:F27) -> 93750000 | S27: =SUM(G27:I27) -> 93750000 | T27: =SUM(J27:L27) -> 140625000 | U27: =SUM(M27:O27) -> 93750000
B28: PFS용역 | D28: 838000000 | E28: 622000000 | F28: 2066200000 | G28: 2476000000 | H28: 643800000 | I28: 0 | J28: 1400000000 | K28: 72000000 | L28: 606600000 | M28: 1138000000 | N28: 480000000 | O28: 800000000 | P28: 11142600000 | R28: =SUM(D28:F28) -> 3526200000 | S28: =SUM(G28:I28) -> 3119800000 | T28: =SUM(J28:L28) -> 2078600000 | U28: =SUM(M28:O28) -> 2418000000
B29: 5. 개량신약 플랫폼 | D29: 0 | E29: 0 | F29: 0 | G29: 0 | H29: 0 | I29: 0 | J29: 0 | K29: 0 | L29: 0 | M29: 0 | N29: 0 | O29: 0 | P29: 0 | R29: =SUM(D29:F29) -> 0 | S29: =SUM(G29:I29) -> 0 | T29: =SUM(J29:L29) -> 0 | U29: =SUM(M29:O29) -> 0
B30: 기타 | D30: 0 | E30: 0 | F30: 0 | G30: 0 | H30: 0 | I30: 0 | J30: 0 | K30: 0 | L30: 0 | M30: 0 | N30: 0 | O30: 0 | P30: 0
B31: 청주공장 용역 매출 총계 | D31: 838000000 | E31: 715750000 | F31: 2066200000 | G31: 2476000000 | H31: 690675000 | I31: 46875000 | J31: 1446875000 | K31: 118875000 | L31: 653475000 | M31: 1184875000 | N31: 526875000 | O31: 800000000 | P31: 11564475000
B34: ■ '28년 용역 마스터보드
D35: 예정 | E35: 예정 | F35: 예정 | G35: 예정 | H35: 예정 | I35: 예정 | J35: 예정 | K35: 예정 | L35: 예정 | M35: 예정 | N35: 예정 | O35: 예정
B36: 용역구분 | D36: 1분기 | G36: 2분기 | J36: 3분기 | M36: 4분기 | P36: '28년 계
D37: 1월 | E37: 2월 | F37: 3월 | G37: 4월 | H37: 5월 | I37: 6월 | J37: 7월 | K37: 8월 | L37: 9월 | M37: 10월 | N37: 11월 | O37: 12월
B39: 사업계획
B40: CMO용역 | D40: 0 | E40: 0 | F40: 0 | G40: 0 | H40: 0 | I40: 0 | J40: 0 | K40: 0 | L40: 0 | M40: 0 | N40: 0 | O40: 0 | P40: 0
B41: 내재화용역 | D41: 0 | E41: 0 | F41: 0 | G41: 0 | H41: 0 | I41: 0 | J41: 0 | K41: 0 | L41: 0 | M41: 0 | N41: 0 | O41: 0 | P41: 0
B42: LCM용역 | D42: 0 | E42: 46875000 | F42: 0 | G42: 0 | H42: 46875000 | I42: 0 | J42: 0 | K42: 0 | L42: 0 | M42: 0 | N42: 0 | O42: 0 | P42: 93750000
B43: 마리나 개발용역 소계 | D43: 0 | E43: 46875000 | F43: 0 | G43: 0 | H43: 46875000 | I43: 0 | J43: 0 | K43: 0 | L43: 0 | M43: 0 | N43: 0 | O43: 0 | P43: 93750000
B44: PFS용역 | D44: 606600000 | E44: 938000000 | F44: 0 | G44: 1106600000 | H44: 300000000 | I44: 0 | J44: 300000000 | K44: 1136600000 | L44: 606600000 | M44: 800000000 | N44: 606600000 | O44: 938000000 | P44: 7339000000
B45: 5. 개량신약 플랫폼 | D45: 0 | E45: 0 | F45: 0 | G45: 0 | H45: 0 | I45: 0 | J45: 0 | K45: 0 | L45: 0 | M45: 0 | N45: 0 | O45: 0 | P45: 0
B46: 기타 | D46: 0 | E46: 0 | F46: 0 | G46: 0 | H46: 0 | I46: 0 | J46: 0 | K46: 0 | L46: 0 | M46: 0 | N46: 0 | O46: 0 | P46: 0
B47: 청주공장 용역 매출 총계 | D47: 606600000 | E47: 984875000 | F47: 0 | G47: 1106600000 | H47: 346875000 | I47: 0 | J47: 300000000 | K47: 1136600000 | L47: 606600000 | M47: 800000000 | N47: 606600000 | O47: 938000000 | P47: 7432750000
B50: ■ '29년 용역 마스터보드
D51: 예정 | E51: 예정 | F51: 예정 | G51: 예정 | H51: 예정 | I51: 예정 | J51: 예정 | K51: 예정 | L51: 예정 | M51: 예정 | N51: 예정 | O51: 예정
B52: 용역구분 | D52: 1분기 | G52: 2분기 | J52: 3분기 | M52: 4분기 | P52: '29년 계
D53: 1월 | E53: 2월 | F53: 3월 | G53: 4월 | H53: 5월 | I53: 6월 | J53: 7월 | K53: 8월 | L53: 9월 | M53: 10월 | N53: 11월 | O53: 12월
B55: 사업계획
B56: CMO용역 | D56: 0 | E56: 0 | F56: 0 | G56: 0 | H56: 0 | I56: 0 | J56: 0 | K56: 0 | L56: 0 | M56: 0 | N56: 0 | O56: 0 | P56: 0
B57: 내재화용역 | D57: 0 | E57: 0 | F57: 0 | G57: 0 | H57: 0 | I57: 0 | J57: 0 | K57: 0 | L57: 0 | M57: 0 | N57: 0 | O57: 0 | P57: 0
B58: LCM용역 | D58: 0 | E58: 46875000 | F58: 0 | G58: 0 | H58: 46875000 | I58: 0 | J58: 0 | K58: 0 | L58: 0 | M58: 0 | N58: 0 | O58: 0 | P58: 93750000
B59: 마리나 개발용역 소계 | D59: 0 | E59: 46875000 | F59: 0 | G59: 0 | H59: 46875000 | I59: 0 | J59: 0 | K59: 0 | L59: 0 | M59: 0 | N59: 0 | O59: 0 | P59: 93750000
B60: PFS용역 | D60: 468600000 | E60: 938000000 | F60: 306600000 | G60: 1106600000 | H60: 300000000 | I60: 0 | J60: 300000000 | K60: 1142600000 | L60: 306600000 | M60: 800000000 | N60: 606600000 | O60: 138000000 | P60: 6413600000
B61: 5. 개량신약 플랫폼 | D61: 0 | E61: 0 | F61: 0 | G61: 0 | H61: 0 | I61: 0 | J61: 0 | K61: 0 | L61: 0 | M61: 0 | N61: 0 | O61: 0 | P61: 0
B62: 기타 | D62: 0 | E62: 0 | F62: 0 | G62: 0 | H62: 0 | I62: 0 | J62: 0 | K62: 0 | L62: 0 | M62: 0 | N62: 0 | O62: 0 | P62: 0
B63: 청주공장 용역 매출 총계 | D63: 468600000 | E63: 984875000 | F63: 306600000 | G63: 1106600000 | H63: 346875000 | I63: 0 | J63: 300000000 | K63: 1142600000 | L63: 306600000 | M63: 800000000 | N63: 606600000 | O63: 138000000 | P63: 6507350000
B66: ■ '30년 용역 마스터보드
D67: 예정 | E67: 예정 | F67: 예정 | G67: 예정 | H67: 예정 | I67: 예정 | J67: 예정 | K67: 예정 | L67: 예정 | M67: 예정 | N67: 예정 | O67: 예정
B68: 용역구분 | D68: 1분기 | G68: 2분기 | J68: 3분기 | M68: 4분기 | P68: '30년 계
D69: 1월 | E69: 2월 | F69: 3월 | G69: 4월 | H69: 5월 | I69: 6월 | J69: 7월 | K69: 8월 | L69: 9월 | M69: 10월 | N69: 11월 | O69: 12월
B71: 30년 사업계획
B72: CMO용역 | D72: 0 | E72: 0 | F72: 0 | G72: 0 | H72: 0 | I72: 0 | J72: 0 | K72: 0 | L72: 0 | M72: 0 | N72: 0 | O72: 0 | P72: 0
B73: 내재화용역 | D73: 0 | E73: 0 | F73: 0 | G73: 0 | H73: 0 | I73: 0 | J73: 0 | K73: 0 | L73: 0 | M73: 0 | N73: 0 | O73: 0 | P73: 0
B74: LCM용역 | D74: 0 | E74: 0 | F74: 0 | G74: 0 | H74: 0 | I74: 0 | J74: 0 | K74: 0 | L74: 0 | M74: 0 | N74: 0 | O74: 0 | P74: 0
B75: 마리나 개발용역 소계 | D75: 0 | E75: 0 | F75: 0 | G75: 0 | H75: 0 | I75: 0 | J75: 0 | K75: 0 | L75: 0 | M75: 0 | N75: 0 | O75: 0 | P75: 0
B76: PFS용역 | D76: 468600000 | E76: 974000000 | F76: 306600000 | G76: 1106600000 | H76: 300000000 | I76: 300000000 | J76: 0 | K76: 1106600000 | L76: 1106600000 | M76: 0 | N76: 606600000 | O76: 438000000 | P76: 6713600000
B77: 5. 개량신약 플랫폼 | D77: 0 | E77: 0 | F77: 0 | G77: 0 | H77: 0 | I77: 0 | J77: 0 | K77: 0 | L77: 0 | M77: 0 | N77: 0 | O77: 0 | P77: 0
B78: 기타 | D78: 0 | E78: 0 | F78: 0 | G78: 0 | H78: 0 | I78: 0 | J78: 0 | K78: 0 | L78: 0 | M78: 0 | N78: 0 | O78: 0 | P78: 0
B79: 청주공장 용역 매출 총계 | D79: 468600000 | E79: 974000000 | F79: 306600000 | G79: 1106600000 | H79: 300000000 | I79: 300000000 | J79: 0 | K79: 1106600000 | L79: 1106600000 | M79: 0 | N79: 606600000 | O79: 438000000 | P79: 6713600000

Sheet 2. PFS 충전, 조립 상업매출
B2: ◈ 26년 PFS 충전/조립 사업계획 예상 매출
B3: 1. 충전/조립 8월 Fcst 및 별도 개발/평가 일정 요청 사항 반영
A4: 2. (26년 매출인식) 충전: 이물검사 완료 +21일 / 조립: 생산월 +15일 | L4: =10^8 -> 100000000
S6: (단위: 억원)
M7: 2026년
B8: 구분 | C8: 적용단가 | D8: 사업부 | E8: 공정 | F8: 공정 | G8: 1월 | H8: 2월 | I8: 3월 | J8: 4월 | K8: 5월 | L8: 6월 | M8: 7월 | N8: 8월 | O8: 9월 | P8: 10월 | Q8: 11월 | R8: 12월 | S8: Total
B9: 사업계획 | C9: 협의단가 | D9: PFS상업 | E9: 충전 | F9: 충전 | G9: =U11 -> 27.258676 | H9: =V11 -> 24.13214 | I9: =W11 -> 23.07312 | J9: =X11 -> 29.963304 | K9: =Y11 -> 45.593388 | L9: =Z11 -> 29.166786 | M9: =AA11 -> 45.772406 | N9: =AB11 -> 39.399426 | ... R9: =AF11 -> 37.631628 | S9: 386.83829 | U9: 2725867600 | V9: 2413214000 | W9: 2307312000 | X9: 2996330400 | Y9: 4559338800 | Z9: 2916678600 | AA9: 4577240600 | AB9: 3939942600 | AC9: 1.8125316e+09 | AD9: 3361415400 | AE9: 4705954200 | AF9: 3763162800 | AG9: 38683829000
B10: Ver1.0_250823 | E10: 조립 | F10: 조립 | G10: =U12 -> 30.082792 | H10: =V12 -> 38.482422 | I10: =W12 -> 23.938824 | J10: =X12 -> 18.515111 | K10: =Y12 -> 26.490361 | L10: =Z12 -> 15.563747 | M10: =AA12 -> 35.624332 | N10: =AB12 -> 35.327342 | ... R10: =AF12 -> 41.92489 | S10: 339.29763 | U10: 3008279200 | V10: 3848242200 | W10: 2393882400 | X10: 1.8515111e+09 | Y10: 2649036050 | Z10: 1.5563747e+09 | AA10: 3.5624332e+09 | AB10: 3.5327342e+09 | AC10: 4704576880 | AD10: 2534755016 | AE10: 1.5563747e+09 | AF10: 4.192489e+09 | AG10: 3.3929763e+10
F11: 수동조립 | U11: =U9/10^8 -> 27.258676 | V11: =V9/10^8 -> 24.13214 | W11: =W9/10^8 -> 23.07312 | X11: =X9/10^8 -> 29.963304 | Y11: =Y9/10^8 -> 45.593388 | Z11: =Z9/10^8 -> 29.166786 | AA11: =AA9/10^8 -> 45.772406 | AB11: =AB9/10^8 -> 39.399426 | ... AG11: =AG9/10^8 -> 386.83829
F12: Ttl | G12: =SUM(G10:G11) -> 30.082792 | H12: =SUM(H10:H11) -> 38.482422 | I12: =SUM(I10:I11) -> 23.938824 | J12: =SUM(J10:J11) -> 18.515111 | K12: =SUM(K10:K11) -> 26.490361 | L12: =SUM(L10:L11) -> 15.563747 | M12: =SUM(M10:M11) -> 35.624332 | N12: =SUM(N10:N11) -> 35.327342 | ... S12: =SUM(S10:S11) -> 339.29763 | U12: =U10/10^8 -> 30.082792 | V12: =V10/10^8 -> 38.482422 | W12: =W10/10^8 -> 23.938824 | X12: =X10/10^8 -> 18.515111 | Y12: =Y10/10^8 -> 26.490361 | Z12: =Z10/10^8 -> 15.563747 | AA12: =AA10/10^8 -> 35.624332 | AB12: =AB10/10^8 -> 35.327342 | ... AG12: =AG10/10^8 -> 339.29763
G13: =SUM(G12,G9) -> 57.341468 | H13: =SUM(H12,H9) -> 62.614562 | I13: =SUM(I12,I9) -> 47.011944 | J13: =SUM(J12,J9) -> 48.478415 | K13: =SUM(K12,K9) -> 72.083748 | L13: =SUM(L12,L9) -> 44.730533 | M13: =SUM(M12,M9) -> 81.396738 | N13: =SUM(N12,N9) -> 74.726768 | ... S13: =SUM(S12,S9) -> 726.13592
S15: (단위: 억원)
M16: 2027년
B17: 구분 | C17: 적용단가 | D17: 사업부 | E17: 공정 | F17: 공정 | G17: 1월 | H17: 2월 | I17: 3월 | J17: 4월 | K17: 5월 | L17: 6월 | M17: 7월 | N17: 8월 | O17: 9월 | P17: 10월 | Q17: 11월 | R17: 12월 | S17: Total
B18: 사업계획 | C18: 협의단가 | D18: PFS상업 | E18: 충전 | F18: 충전 | G18: 48 | H18: 32 | I18: 61 | J18: 82 | K18: 12 | L18: 62 | M18: 17 | N18: 67 | O18: 19 | P18: 50 | Q18: 41 | R18: 70 | S18: 561
B19: Ver1.0_250823 | E19: 조립 | F19: 조립 | G19: 34 | H19: 31 | I19: 44 | J19: 49 | K19: 31 | L19: 40 | M19: 34 | N19: 23 | O19: 25 | P19: 28 | Q19: 43 | R19: 36 | S19: 419
F20: 수동조립 | P20: 1 | S20: 1
F21: Ttl | G21: 34 | H21: 31 | I21: 44 | J21: 49 | K21: 31 | L21: 40 | M21: 34 | N21: 23 | O21: 25 | P21: 30 | Q21: 43 | R21: 36 | S21: 420
G22: 82 | H22: 63 | I22: 105 | J22: 131 | K22: 43 | L22: 102 | M22: 51 | N22: 90 | O22: 44 | P22: 79 | Q22: 84 | R22: 107 | S22: 981
S24: (단위: 억원)
M25: 2028년
B26: 구분 | C26: 적용단가 | D26: 사업부 | E26: 공정 | F26: 공정 | G26: 1월 | H26: 2월 | I26: 3월 | J26: 4월 | K26: 5월 | L26: 6월 | M26: 7월 | N26: 8월 | O26: 9월 | P26: 10월 | Q26: 11월 | R26: 12월 | S26: Total
B27: 사업계획 | C27: 협의단가 | D27: PFS상업 | E27: 충전 | F27: 충전 | G27: 36 | H27: 55 | I27: 86 | J27: 57 | K27: 46 | L27: 84 | M27: 18 | N27: 75 | O27: 10 | P27: 56 | Q27: 48 | R27: 93 | S27: 664
B28: Ver1.0_250823 | E28: 조립 | F28: 조립 | G28: 49 | H28: 52 | I28: 57 | J28: 45 | K28: 56 | L28: 57 | M28: 51 | N28: 23 | O28: 56 | P28: 35 | Q28: 55 | R28: 45 | S28: 582
F29: 수동조립 | G29: 1 | H29: 1 | I29: 7 | J29: 1 | K29: 6 | L29: 3 | M29: 6 | N29: 7 | O29: 1 | P29: 3 | Q29: 6 | R29: 7 | S29: 51
F30: Ttl | G30: 51 | H30: 53 | I30: 65 | J30: 47 | K30: 62 | L30: 60 | M30: 57 | N30: 31 | O30: 57 | P30: 38 | Q30: 61 | R30: 53 | S30: 634
G31: 87 | H31: 109 | I31: 151 | J31: 104 | K31: 108 | L31: 144 | M31: 75 | N31: 105 | O31: 68 | P31: 94 | Q31: 108 | R31: 145 | S31: 1297
S33: (단위: 억원)
M34: 2029년
B35: 구분 | C35: 적용단가 | D35: 사업부 | E35: 공정 | F35: 공정 | G35: 1월 | H35: 2월 | I35: 3월 | J35: 4월 | K35: 5월 | L35: 6월 | M35: 7월 | N35: 8월 | O35: 9월 | P35: 10월 | Q35: 11월 | R35: 12월 | S35: Total
B36: 사업계획 | C36: 협의단가 | D36: PFS상업 | E36: 충전 | F36: 충전 | G36: 37 | H36: 44 | I36: 76 | J36: 56 | K36: 42 | L36: 76 | M36: 22 | N36: 79 | O36: 26 | P36: 58 | Q36: 81 | R36: 85 | S36: 683
B37: Ver1.0_250823 | E37: 조립 | F37: 조립 | G37: 50 | H37: 33 | I37: 43 | J37: 38 | K37: 54 | L37: 43 | M37: 40 | N37: 18 | O37: 42 | P37: 39 | Q37: 51 | R37: 39 | S37: 489
F38: 수동조립 | G38: 1 | H38: 7 | I38: 7 | J38: 3 | K38: 6 | L38: 3 | M38: 3 | N38: 7 | O38: 1 | P38: 3 | Q38: 7 | R38: 6 | S38: 56
F39: Ttl | G39: 51 | H39: 40 | I39: 51 | J39: 41 | K39: 60 | L39: 46 | M39: 43 | N39: 26 | O39: 43 | P39: 41 | Q39: 59 | R39: 45 | S39: 545
G40: 88 | H40: 84 | I40: 127 | J40: 97 | K40: 101 | L40: 122 | M40: 65 | N40: 104 | O40: 70 | P40: 100 | Q40: 140 | R40: 130 | S40: 1228
S42: (단위: 억원)
M43: 2030년
B44: 구분 | C44: 적용단가 | D44: 사업부 | E44: 공정 | F44: 공정 | G44: 1월 | H44: 2월 | I44: 3월 | J44: 4월 | K44: 5월 | L44: 6월 | M44: 7월 | N44: 8월 | O44: 9월 | P44: 10월 | Q44: 11월 | R44: 12월 | S44: Total | V44: 2차보고 30년 수정
B45: 사업계획 | C45: 협의단가 | D45: PFS상업 | E45: 충전 | F45: 충전 | G45: 32 | H45: 41 | I45: 69 | J45: 43 | K45: 41 | L45: 80 | M45: 9 | N45: 68 | O45: 29 | P45: 54 | Q45: 74 | R45: 76 | S45: 615 | V45: 67853662600 | W45: =V45/10^8 -> 678.53663
B46: Ver1.0_250823 | E46: 조립 | F46: 조립 | G46: 43 | H46: 30 | I46: 41 | J46: 21 | K46: 38 | L46: 26 | M46: 28 | O46: 25 | P46: 30 | Q46: 40 | R46: 53 | S46: 376 | V46: 4.9857273e+10 | W46: =V46/10^8 -> 498.57273
F47: 수동조립 | G47: 3 | H47: 6 | I47: 10 | J47: 7 | K47: 7 | L47: 10 | M47: 4 | N47: 10 | O47: 10 | P47: 7 | Q47: 7 | R47: 7 | S47: 91 | V47: 8.3387233e+09 | W47: =V47/10^8 -> 83.387233
F48: Ttl | G48: 46 | H48: 36 | I48: 51 | J48: 28 | K48: 45 | L48: 37 | M48: 33 | N48: 10 | O48: 36 | P48: 37 | Q48: 47 | R48: 61 | S48: 466 | V48: =SUM(V46:V47) -> 5.8195997e+10 | W48: =V48/10^8 -> 581.95997
G49: 78 | H49: 77 | I49: 120 | J49: 71 | K49: 86 | L49: 116 | M49: 41 | N49: 78 | O49: 65 | P49: 91 | Q49: 122 | R49: 137 | S49: 1081

Sheet 3. 포장 상업매출
O3: (단위 : 물량-만 시린지(바이알), 매출-억원)
B4: PFS 포장 | C4: 26년 1월 | D4: 26년 2월 | E4: 26년 3월 | F4: 26년 4월 | G4: 26년 5월 | H4: 26년 6월 | I4: 26년 7월 | J4: 26년 8월 | K4: 26년 9월 | L4: 26년 10월 | M4: 26년 11월 | N4: 26년 12월 | O4: 26년 합계 | P4: 27년 1분기 | Q4: 27년 2분기 | R4: 27년 3분기 | S4: 27년 4분기 | T4: 27년 합계 | U4: 28년 | V4: 29년 | W4: 30년
B5: 물량 | C5: 49.9295 | D5: 45.6822 | E5: 53.4117 | F5: 47.9289 | G5: 52.1626 | H5: 52.447 | I5: 52.1246 | J5: 50.8468 | K5: 52.7907 | L5: 53.4288 | M5: 52.8579 | N5: 53.6622 | O5: =SUM(C5:N5) -> 617.2729 | P5: 149.0234 | Q5: 152.5385 | R5: 155.7621 | S5: 159.9489 | T5: =SUM(P5:R5) -> 457.324 | U5: =T5 -> 457.324 | V5: =U5 -> 457.324 | W5: =V5 -> 457.324
B6: 매출 | C6: =C9/10^8 -> 11.649035 | D6: =D9/10^8 -> 25.462556 | E6: =E9/10^8 -> 34.319693 | F6: 30.871089 | G6: 29.497247 | H6: =30.504468+H9 -> 40.93202 | I6: 26.838239 | J6: 33.507819 | K6: =31.371319+K9 -> 41.551265 | L6: 31.666133 | M6: 38.290916 | N6: =34.065948+N9 -> 44.168708 | O6: =SUM(C6:N6) -> 388.75472 | P6: 87.101802 | Q6: 90.872804 | R6: 91.717377 | S6: 104.023 | T6: =SUM(P6:S6) -> 373.71498 | U6: =T6 -> 373.71498 | V6: =U6 -> 373.71498 | W6: =V6 -> 373.71498
C9: 1164903500 | D9: 2546255600 | E9: 3431969350 | H9: =H10/10^8 -> 10.427552 | K9: =K10/10^8 -> 10.179946 | L9: =L10/10^8 -> 0 | M9: =M10/10^8 -> 0 | N9: =N10/10^8 -> 10.10276
H10: 1042755200 | K10: 1017994600 | N10: 1010276000
H13: =H6*10^8 -> 4093202000 | K13: =K6*10^8 -> 4155126500 | N13: =N6*10^8 -> 4.4168708e+09

Sheet 4. L&P 상업 매출
B3: LnP | C3: 26년 1월 | D3: 26년 2월 | E3: 26년 3월 | F3: 26년 4월 | G3: 26년 5월 | H3: 26년 6월 | I3: 26년 7월 | J3: 26년 8월 | K3: 26년 9월 | L3: 26년 10월 | M3: 26년 11월 | N3: 26년 12월 | O3: 26년 합계 | P3: 27년 1분기 | Q3: 27년 2분기 | R3: 27년 3분기 | S3: 27년 4분기 | T3: 27년 합계 | U3: 28년 | V3: 29년 | W3: 30년
B4: 물량 | C4: 17.599 | D4: 17.309 | E4: 11.1698 | F4: 16.233 | G4: 18.2461 | H4: 12.2149 | I4: 19.4038 | J4: 21.2417 | K4: 8.7312 | L4: 20.2538 | M4: 20.5818 | N4: 14.3037 | O4: =SUM(C4:N4) -> 197.2878 | P4: 48.38169 | Q4: 49.0287 | R4: 51.845535 | S4: 57.896265 | T4: 207.15219 | U4: 217.5098 | V4: 228.38529 | W4: 239.80455
B5: 매출 | C5: =C8/10^8 -> 2.652565 | D5: =D8/10^8 -> 2.7458164 | E5: =E8/10^8 -> 2.65362 | F5: 4.198658 | G5: 4.7918944 | H5: 3.2201436 | I5: 5.0285436 | J5: 5.6127878 | K5: 2.3312762 | L5: 5.2395568 | M5: 5.3743936 | N5: 3.8248932 | O5: =SUM(C5:N5) -> 47.674149 | P5: 12.614964 | Q5: 12.821231 | R5: 13.621238 | S5: 15.160786 | T5: 54.218218 | U5: 56.929129 | V5: 59.775586 | W5: 62.764365
C8: 265256500 | D8: 274581640 | E8: 265362000

Sheet 5. 케미컬상업
E4: 26년 | R4: 27년 분기 | V4: 28년 | W4: 29년 | X4: 30년
D5: 구분 | E5: 1월 | F5: 2월 | G5: 3월 | H5: 4월 | I5: 5월 | J5: 6월 | K5: 7월 | L5: 8월 | M5: 9월 | N5: 10월 | O5: 11월 | P5: 12월 | Q5: 합계 | R5: 1Q | S5: 2Q | T5: 3Q | U5: 4Q
D6: 합 | E6: =E23 -> 3.1001795 | F6: =F23 -> 12.083621 | G6: =G23 -> 9.439308 | H6: =H23 -> 12.161448 | I6: =I23 -> 17.972514 | J6: =J23 -> 3.0841335 | K6: =K23 -> 33.314904 | L6: =L23 -> 1.932336 | ... P6: =P23 -> 28.430388 | Q6: =SUM(E6:P6) -> 168.95436 | R6: =R23 -> 39.91762 | S6: =S23 -> 48.70529 | T6: =T23 -> 48.01162 | U6: =U23 -> 52.3057 | V6: =W23 -> 188.94023 | W6: =X23 -> 188.94023 | X6: =Y23 -> 188.94023
D7: 네시나F | E7: =E21 -> 1.2854877 | F7: =F21 -> 11.632487 | G7: =G21 -> 0.245376 | H7: =H21 -> 0.214704 | I7: =I21 -> 10.496214 | J7: =J21 -> 1.685682 | K7: =K21 -> 10.318572 | L7: =L21 -> 1.932336 | ... P7: =P21 -> 4.851288 | Q7: =SUM(E7:P7) -> 58.375156 | R7: =R21 -> 16.14824 | S7: =S21 -> 16.02328 | T7: =T21 -> 21.5272 | U7: =U21 -> 16.89942 | V7: =W21 -> 70.59814 | W7: =X21 -> 70.59814 | X7: =Y21 -> 70.59814
D8: 이달비F | E8: =E22 -> 1.8146918 | F8: =F22 -> 0.451134 | G8: =G22 -> 9.193932 | H8: =H22 -> 11.946744 | I8: =I22 -> 7.4763 | J8: =J22 -> 1.3984515 | K8: =K22 -> 22.996332 | L8: =L22 -> 0 | ... P8: =P22 -> 23.5791 | Q8: =SUM(E8:P8) -> 110.5792 | R8: =R22 -> 23.76938 | S8: =S22 -> 32.68201 | T8: =T22 -> 26.48442 | U8: =U22 -> 35.40628 | V8: =W22 -> 118.34209 | W8: =X22 -> 118.34209 | X8: =Y22 -> 118.34209
Q9: =SUM(E9:P9) -> 0
D10: CMO상업_위임형 | E10: =E24 -> 0.17044833 | F10: =F24 -> 0.17044833 | G10: =G24 -> 0.17044833 | H10: =H24 -> 0.17044833 | I10: =I24 -> 0.17044833 | J10: =J24 -> 0.17044833 | K10: =K24 -> 0.17044833 | L10: =L24 -> 0.17044833 | ... P10: =P24 -> 0.17044833 | Q10: =SUM(E10:P10) -> 2.04538 | R10: =Q24 -> 2.04538 | S10: =R24 -> 1.5298675 | T10: =S24 -> 1.5298675 | U10: =T24 -> 1.5298675 | V10: =U24 -> 1.5298675 | W10: =V24 -> 6.11947 | X10: =W24 -> 12.233065
E13: 2026.01 | F13: 2026.02 | G13: 2026.03 | H13: 2026.04 | I13: 2026.05 | J13: 2026.06 | K13: 2026.07 | L13: 2026.08 | M13: 2026.09 | N13: 2026.10 | O13: 2026.11 | P13: 2026.12 | Q13: 2026년 합계 | R13: 2027.1Q | S13: 2027.2Q | T13: 2027.3Q | U13: 2027.4Q | V13: 2027년 합계 | W13: 2028년 합계 | X13: 2029년 합계 | Y13: 2030년 합계
D14: 네시나 | E14: 1.2854877e+08 | F14: 1.1632487e+09 | G14: 24537600 | H14: 21470400 | I14: 1.0496214e+09 | J14: 168568200 | K14: 1.0318572e+09 | L14: 193233600 | M14: 2.302956e+08 | N14: 2.302956e+08 | O14: 1110709800 | P14: 4.851288e+08 | Q14: =SUM(E14:P14) -> 5837515630 | R14: 1614824000 | S14: 1602328000 | T14: 2152720000 | U14: 1689942000 | V14: 7059814000 | W14: 7059814000 | X14: 7059814000 | Y14: 7059814000
D15: 이달비 | E15: 181469184 | F15: 45113400 | G15: 919393200 | H15: 1194674400 | I15: 747630000 | J15: 139845150 | K15: 2299633200 | L15: 0 | M15: 771784200 | N15: 1628683200 | O15: 771784200 | P15: 2357910000 | Q15: =SUM(E15:P15) -> 11057920134 | R15: 2376938000 | S15: 3268201000 | T15: 2648442000 | U15: 3540628000 | V15: 11834209000 | W15: 11834209000 | X15: 11834209000 | Y15: 11834209000
D16: 내재화상업 | E16: 310017950 | F16: 1.2083621e+09 | G16: 943930800 | H16: 1216144800 | I16: 1797251400 | J16: 308413350 | K16: 3331490400 | L16: 193233600 | M16: 1002079800 | N16: 1858978800 | O16: 1882494000 | P16: 2843038800 | Q16: =SUM(E16:P16) -> 16895435764 | R16: 3991762000 | S16: 4870529000 | T16: 4801162000 | U16: 5230570000 | V16: 18894023000 | W16: 18894023000 | X16: 18894023000 | Y16: 18894023000
E17: TRUE | F17: TRUE | G17: TRUE | H17: TRUE | I17: TRUE | J17: TRUE | K17: TRUE | L17: TRUE | M17: TRUE | N17: TRUE | O17: TRUE | P17: TRUE | Q17: TRUE | R17: TRUE | S17: TRUE | T17: TRUE | U17: TRUE | V17: TRUE | W17: TRUE | X17: TRUE | Y17: TRUE
D18: CMO상업_위임형 | E18: 17044833 | F18: 17044833 | G18: 17044833 | H18: 17044833 | I18: 17044833 | J18: 17044833 | K18: 17044833 | L18: 17044833 | M18: 17044833 | N18: 17044833 | O18: 17044833 | P18: 17044833 | Q18: 204538000 | R18: 152986750 | S18: 152986750 | T18: 152986750 | U18: 152986750 | V18: 611947000 | W18: 1223306500 | X18: 1427257000 | Y18: 1630715500
D20: =D13 -> 0 | E20: =E13 -> 2026.01 | F20: =F13 -> 2026.02 | G20: =G13 -> 2026.03 | H20: =H13 -> 2026.04 | I20: =I13 -> 2026.05 | J20: =J13 -> 2026.06 | K20: =K13 -> 2026.07 | ... Y20: =Y13 -> 2030년 합계
D21: =D14 -> 네시나 | E21: =E14/10^8 -> 1.2854877 | F21: =F14/10^8 -> 11.632487 | G21: =G14/10^8 -> 0.245376 | H21: =H14/10^8 -> 0.214704 | I21: =I14/10^8 -> 10.496214 | J21: =J14/10^8 -> 1.685682 | K21: =K14/10^8 -> 10.318572 | L21: =L14/10^8 -> 1.932336 | ... Y21: =Y14/10^8 -> 70.59814
D22: =D15 -> 이달비 | E22: =E15/10^8 -> 1.8146918 | F22: =F15/10^8 -> 0.451134 | G22: =G15/10^8 -> 9.193932 | H22: =H15/10^8 -> 11.946744 | I22: =I15/10^8 -> 7.4763 | J22: =J15/10^8 -> 1.3984515 | K22: =K15/10^8 -> 22.996332 | L22: =L15/10^8 -> 0 | ... Y22: =Y15/10^8 -> 118.34209
D23: =D16 -> 내재화상업 | E23: =E16/10^8 -> 3.1001795 | F23: =F16/10^8 -> 12.083621 | G23: =G16/10^8 -> 9.439308 | H23: =H16/10^8 -> 12.161448 | I23: =I16/10^8 -> 17.972514 | J23: =J16/10^8 -> 3.0841335 | K23: =K16/10^8 -> 33.314904 | L23: =L16/10^8 -> 1.932336 | ... Y23: =Y16/10^8 -> 188.94023
D24: CMO상업_위임형 | E24: =E18/10^8 -> 0.17044833 | F24: =F18/10^8 -> 0.17044833 | G24: =G18/10^8 -> 0.17044833 | H24: =H18/10^8 -> 0.17044833 | I24: =I18/10^8 -> 0.17044833 | J24: =J18/10^8 -> 0.17044833 | K24: =K18/10^8 -> 0.17044833 | L24: =L18/10^8 -> 0.17044833 | ... Y24: =Y18/10^8 -> 16.307155

Sheet 생관보고_포장 바뀌기 전
B2: ◈ 26년 사업계획 CMO 상업 매출 전제 사항
B4: No. | C4: 구분 1 | D4: 구분 2 | E4: 반영 년도 | F4: 상세 1 | G4: 상세 2 | L4: 자료 수령 | M4: 비고
B5: 1 | C5: PFS 충전 | D5: 개발/평가 일정 | E5: 26년 | F5: 188.6일 | G5: 1-1) 충전기/아이솔레이터 Overall 일정 반영 (FS팀 shut down일정 포함) | L5: 바생1, FS, VAL, 운지
G6: 1-2) Premiumcoat Stopper 장비 셋업 일정 반영
G7: 1-3) 500L 도입에 따른 Mixing Study / Smoke Study 일정 반영
G8: 1-4) 그 외 정기 메디아필, 정기 VHP/Auto Clave PQ 등 일정 반영
G9: 1-5) P17, P13 30만 S/up 개발 반영 (ENG, PV)
G10: 1-6) P39, P55, P68 등 8개 제품 개발 반영 (2.25ml 제품 포함)
E11: 27년 | F11: 114.1일 | G11: 1-7) FS팀 Shut down, 정기 메디아필, 정기 VHP/Auto Clave PQ 등 일정 반영 | L11: 바생1, FS, VAL, 운지
G12: 1-8) P41, P47 30만 S/up 개발 반영 (ENG, PV)
G13: 1-9) TBD 개발 제품 3개 반영 (ENG, PV)
E14: 28년-30년 | F14: 110.5일(평균) | G14: 1-10) FS팀 Shut down, 정기 메디아필, 정기 VHP/Auto Clave PQ 등 일정 반영 | L14: 바생1, FS, VAL, 운지
G15: 1-11) TBD 개발 제품 5개 반영 (ENG, PV)
B16: 2 | C16: PFS 충전 | D16: 상업 물량 | E16: 26년 | F16: 176.4일 | G16: 2-1) 25년 8월 FCST 기준으로 반영 (8/14일 수령) → 충전 기준, 31 배치 공급 불가 예상 | L16: (CLT) CMO운영
E17: 27년 | F17: 250.9일 | G17: 2-2) 5개년 중장기 물량 기준으로 반영 (8/13일 수령) | L17: (CLT) CMO운영
G18: 2-3) P17, P13 30만 S/up 물량 반영 (P17은 5개년 중장기 물량 계획 有, 그 외 제품은 없으나 S/up PV 6개월 후 상업 가정) | M18: P17 30만 물량 증가 비율과 동일하게 P13 반영
E19: 28년 | F19: 254.5일(평균) | G19: 2-4) 5개년 중장기 물량 기준으로 반영 (8/13일 수령) | L19: (CLT) CMO운영
G20: 2-5) P41, P47 30만 S/up 물량 (PV 6개월 후 가정)
G21: 2-6) 외부 CMO 물량 반영 (잉여 슬랏 90%로 반영) → 잉여슬랏 없어 외부 CMO 물량 반영 X | L21: 구매수출입관리팀 | M21: 수주 목표량 : 연간 212만, AI유플라이마 공수/단가 가정 (from. 구매)
E22: 29년-30년 | F22: 254.5일(평균) | G22: 2-7) 5개년 중장기 물량 기준으로 반영 (8/13일 수령) | L22: (CLT) CMO운영 | M22: PFS 증설 물량은 반영 X
G23: 2-8) 외부 CMO 물량 반영 (잉여 슬랏 90%로 반영) → 잉여슬랏 없어 외부 CMO 물량 반영 X
B24: 3 | C24: PFS 충전 | D24: 생산 계획 | E24: 26년 | F24: - | G24: 3-1) 일(日)별로 생산 계획 수립 (3조 2교대 기준) → 여름 하계 휴가 반영 X | L24: -
E25: 27년-30년 | F25: - | G25: 3-2) 제품별 표준 공수를 기반, 연간 보유 공수로 월(月)별 계획 수립 | L25: -
B26: 4 | C26: PFS 충전 | D26: 상업 단가 | E26: 26년 | F26: - | G26: 4-1) 현재 상업 단가와 동일 적용 | L26: -
E27: 27년-30년 | F27: - | G27: 4-2) 계약 미체결 제품/신제품 → 현재 상업 단가와 동일 적용 (배치사이즈별) | L27: -
G28: 4-3) 30만 배치사이즈 제품 신규 단가 적용 → 가공비(PFS Library 재무기획 사장님 보고) + 재료비(생관 산출)+이익가산 10% | L28: - | M28: CT-P17: 3,700원/CT-P13: 3,800원/CT-P41 & CT-P47: 3,900원
G29: 4-4) 외부 CMO 물량 단가 → 구매수출입관리팀으로부터 단가 수령 (유플라이마가정 5400원) | L29: 구매수출입관리팀
B30: 4-별첨 | C30: PFS 충전 | D30: 매출인식 로직 | E30: 26년 | F30: - | G30: *4-5) 이물검사 +21일 이후, 매출인식 가능시점으로 적용 | L30: -
E31: 27년-30년 | F31: - | G31: *4-6) 충전 +1개월 이후, 매출인식 가능시점으로 적용 | L31: -
G32: *4-7) 충전/이물검사 목표 수율 적용(충전 : 제품별 목표 수율 수령, 이물검사 : 95% 일괄 반영) | L32: 바이오생산1팀, 4팀
B33: 5 | C33: AI 조립 | D33: 개발/평가 일정 | E33: 26년 | F33: 57일 | G33: 5-1) AI 자동 조립 & 라벨러 Overall / 재 적격성 평가 | L33: 바생2, VAL, 운지
G34: 5-2) P52, P45, P55 AI PKV, 자재적합성 테스트 등 일정 반영
G35: 5-3) TBD 개발 제품 5개 반영 (AI 자재적합성 테스트, OPQ, PKV)
G36: 5-4) P55 300mg 2.25ml 수동 조립 일정 반영 (자재적합성테스트, OPQ, PKV)
E37: 27년-30년 | F37: 35일(평균) | G37: 5-5) AI 자동 조립 & 라벨러 Overall
G38: 5-6) TBD 개발 제품 7개 반영 (AI 자재 적합성 테스트, OPQ, PKV)
B39: 6 | C39: AI 조립 | D39: 상업 물량 | E39: 26년 | F39: 308일 | G39: 6-1) 26년 충전 물량과 연동해서 반영 | L39: -
E40: 27년-30년 | F40: 330일(평균) | G40: 6-2) 충전 생산계획 기준에서 AI / PFS-S 비율 산출하여 반영→ 26년 포장 공급요청 물량 기준으로 제품별 비율 산출하여 적용 | L40: -
B41: 7 | C41: AI 조립 | D41: 생산 계획 | E41: 26년 | F41: 308일 | G41: 7-1) 일(日)별로 생산 계획 수립 (2조 2교대 기준) → 여름 하계 휴가 반영 X | L41: -
E42: 27년-30년 | F42: 330일(평균) | G42: 7-2) 표준 공수 기반, 연간 보유 공수로 월(月)별 계획 수립 (전량 소화 전제, 월별 CAPA 초과 물량 even 배분) | L42: -
B43: 8 | C43: AI 조립 | D43: 상업 단가 | E43: 26년-30년 | F43: - | G43: 8-1) 현재 상업 단가와 동일하게 적용 | L43: -
G44: 8-2) 계약 미체결 제품/신제품 → 오리지널 의약품 검색하여 제형 확인 후 단가 적용 (케심타, 누칼라 등) | L44: -
G45: 8-3) 2.25ml 수동 조립 신규 단가 적용 → 가공비(PFS Library 재무기획 사장님 보고) + 재료비(생관 산출)+이익가산 10% | M45: 수동조립 단가: 38,300원, 수동조립 물량 → 26년: 13만, 27년: 0.5만, 28년: 16만, 29년: 16만, 30년: 30만
B46: 8-별첨 | C46: AI 조립 | D46: 매출인식 로직 | E46: 26년 | F46: - | G46: *8-4) 조립 +15일 이후, 매출인식 가능시점으로 적용 | L46: -
E47: 27년-30년 | F47: - | G47: *8-5) 조립 생산 당월, 매출인식 가능시점으로 적용 | L47: -
G48: *8-6) 제품별 목표 수율 적용 | L48: 바이오생산2팀
B49: 9 | C49: PFS/AI 포장 | D49: 개발/평가 일정 | E49: 26년 | F49: 23일 | G49: 9-1) PFS 조립/카토너 Overall | L49: 바생3,VAL
G50: 9-2) P52, P42 카토닝 PKV
E51: 27년 | F51: 7일(평균) | G51: 9-3) PFS 조립/카토너 Overall
B52: 10 | C52: PFS/AI 포장 | D52: 상업 물량 | E52: 26년 | F52: - | G52: 10-1) 26년 월별 물량 수령 (8/21일) → 25년 8월 판매계획 기반 현실 물량 → 연간 최대 CAPA 초과 예상 (720만) | L52: (CLT) 패키징운영팀
E53: 27년-30년 | F53: - | G53: 10-2) 26년 물량에서 PFS는 15%, L&P는 5% 비율 만큼 증가 의견 수령 (25년 5월, CLT 중장기 판매계획 보고 기반) | L53: (CLT) 패키징운영팀 | M53: 1년 최대 720만 시린지(1shift, 배치사이즈 1만 기준, 3조 2교대, 30일 기준)
B54: 11 | C54: PFS/AI 포장 | D54: 생산 계획 | E54: 26년-30년 | F54: - | G54: 11-1) 26년 월별 계획 수립 → 전량 소화 전제, 월별 물량 even 임의 배분 (3조 2교대 기준) → 여름 하계 휴가 반영 X | L54: -
G55: 11-2) 27년 - 30년 생산계획은 분기별/년별 입력 | L55: -
B56: 12 | C56: PFS/AI 포장 | D56: 상업 단가 | E56: 26년-30년 | F56: - | G56: 12-1) 현재 상업 단가와 동일하게 적용 (제품별, 팩단위별 현재 단가 적용) | L56: - | M56: 팩 단위 가정 X
B57: 13 | C57: L&P 포장 | D57: 개발/평가 일정 | E57: 26년 | F57: (검토 중) | G57: 13-1) 자동/수동 바이알라인 재 적격성 평가 | L57: 바생3,VAL
E58: 29년 | F58: (검토 중) | G58: 13-2) 자동/수동 바이알라인 재 적격성 평가
B59: 14 | C59: L&P 포장 | D59: 상업 물량 | E59: 26년 | F59: - | G59: 14-1) 26년 월별 물량 수령 (8/21일) → 25년 8월 판매계획 기반 현실 물량 | L59: (CLT) 패키징운영팀
E60: 27년-30년 | F60: - | G60: 14-2) 26년 물량에서 PFS는 15%, L&P는 5% 비율 만큼 증가 의견 수령 (25년 5월, CLT 중장기 판매계획 보고 기반) | L60: (CLT) 패키징운영팀 | M60: 1년 최대 360만 바이알 (1shift, 배치사이즈 1만 5천, 주간 근무, 20일 기준)
B61: 15 | C61: L&P 포장 | D61: 생산 계획 | E61: 26년-30년 | F61: - | G61: 15-1) 26년 월별 계획 수립 → 전량 소화 전제 | L61: - | M61: 주간 근무 기준
G62: 15-2) 27년 - 30년 생산계획은 분기별/년별 입력
B63: 16 | C63: L&P 포장 | D63: 상업 단가 | E63: 26년-30년 | F63: - | G63: 16-1) 현재 상업 단가와 동일하게 적용 (제품별, 팩단위별 현재 단가 적용) | L63: - | M63: 팩 단위 가정 X
B66: 17 | C66: 케미컬 (Hasten) | D66: 상업 물량 | E66: 26년 | F66: - | G66: 17-1) 25년 8월 Fcst 반영 (8/22일 수령) | L66: Hasten, 공급망관리팀
E67: 27년-30년 | F67: - | G67: 17-2) 특허 만료 고려한 보수적 반영 → 26년 매출 규모 유지 가정 | L67: - | M67: Hasten) 연간 성장률 5% 의견 제시
B68: 18 | C68: 케미컬 (Hasten) | D68: 상업 단가 | E68: 26년-30년 | F68: - | G68: 18-1) 현재 상업 단가 적용 (미화로 계약) → 환율 1,300원 반영 (from. 재무기획) | L68: -
B69: 19 | C69: 케미컬 (프랑스) | D69: 상업 물량 | E69: 27년-30년 | F69: - | G69: 19-1) 27년~30년 예상 물량 수령 (8/20일, 제품기획팀) | L69: 제품기획팀
F70: - | G70: 19-2) 27년 물량은 하반기에 반영 (3분기 : 1/4, 4분기 : 3/4) | L70: -
B71: 20 | C71: 케미컬 (프랑스) | D71: 상업 단가 | E71: 27년-30년 | F71: - | G71: 20-1) 예상 단가 수령 (8/20일, 제품 기획팀) → 유로화로 계약, 환율 1,400원 반영 (from. 재무기획) | L71: 제품기획팀 | M71: 공장도 출하가 20%반영
B74: ◈ 26년 사업계획 CMO 상업 매출 요약
B76: [매출 기준] | K76: 단위 : 억원
B77: 구분 | D77: 25년 계획 | E77: 25년 롤링 | F77: 26년 | G77: 27년 | H77: 28년 | I77: 29년 | J77: 30년 | K77: 비고
B78: PFS | C78: 매출 | D78: 464.13097 | E78: 431.56358 | F78: 458.41006 | G78: 576.538 | H78: 703.62202 | I78: 680.69457 | J78: 562.79919
B79: 충전 | C79: 성장률 | E79: =+E78/D78-1 -> -0.070168537 | F79: =+F78/E78-1 -> 0.06220746 | G79: =+G78/F78-1 -> 0.25769055 | H79: =+H78/G78-1 -> 0.22042611 | I79: =+I78/H78-1 -> -0.032584898 | J79: =+J78/I78-1 -> -0.17319865
B80: PFS | C80: 매출 | D80: 394.2424 | E80: 409.14798 | F80: 466.43078 | G80: 458.16443 | H80: 724.01634 | I80: 601.28387 | J80: 453.81613
B81: 조립 | C81: 성장률 | E81: =+E80/D80-1 -> 0.037808152 | F81: =+F80/E80-1 -> 0.1400051 | G81: =+G80/F80-1 -> -0.017722561 | H81: =+H80/G80-1 -> 0.58025434 | I81: =+I80/H80-1 -> -0.16951616 | J81: =+J80/I80-1 -> -0.24525476
B82: PFS/AI | C82: 매출 | D82: 142 | E82: 192 | F82: 467.67044 | G82: 537.82102 | H82: 618.49421 | I82: 711.26836 | J82: 817.95859
B83: 포장 | C83: 성장률 | E83: =+E82/D82-1 -> 0.35211268 | F83: =+F82/E82-1 -> 1.4357835 | G83: =+G82/F82-1 -> 0.15000004 | H83: =+H82/G82-1 -> 0.15000006 | I83: =+I82/H82-1 -> 0.15000004 | J83: =+J82/I82-1 -> 0.14999996
B84: L&P | C84: 매출 | D84: 53 | E84: 48.610423 | F84: 51.636398 | G84: 54.218218 | H84: 56.929129 | I84: 59.775586 | J84: 62.764365
B85: 포장 | C85: 성장률 | E85: =+E84/D84-1 -> -0.082822205 | F85: =+F84/E84-1 -> 0.062249515 | G85: =+G84/F84-1 -> 0.05 | H85: =+H84/G84-1 -> 0.05 | I85: =+I84/H84-1 -> 0.05 | J85: =+J84/I84-1 -> 0.05
B86: 바이오 | C86: 매출 | D86: =D78+D80+D82+D84 -> 1053.3734 | E86: =E78+E80+E82+E84 -> 1081.322 | F86: =F78+F80+F82+F84 -> 1444.1477 | G86: =G78+G80+G82+G84 -> 1626.7417 | H86: =H78+H80+H82+H84 -> 2103.0617 | I86: =I78+I80+I82+I84 -> 2053.0224 | J86: =J78+J80+J82+J84 -> 1897.3383
B87: 소계 | C87: 성장률 | E87: =+E86/D86-1 -> 0.02653248 | F87: =+F86/E86-1 -> 0.335539 | G87: =+G86/F86-1 -> 0.12643721 | H87: =+H86/G86-1 -> 0.29280619 | I87: =+I86/H86-1 -> -0.023793554 | J87: =+J86/I86-1 -> -0.075831665
B88: 케미컬 | C88: 매출 | D88: 156 | E88: 142 | F88: 173.21915 | G88: 173.21915 | H88: 173.21915 | I88: 173.21915 | J88: 173.21915
B89: Hasten | C89: 성장률 | E89: =+E88/D88-1 -> -0.08974359 | F89: =+F88/E88-1 -> 0.21985317 | G89: =+G88/F88-1 -> 0 | H89: =+H88/G88-1 -> 0 | I89: =+I88/H88-1 -> 0 | J89: =+J88/I88-1 -> 0
B90: 케미컬 | C90: 매출 | F90: 0 | G90: 9.5275411 | H90: 73.710007 | I90: 87.694916 | J90: 103.05848
B91: 프랑스 | C91: 성장률 | E91: =+E90/D90-1 -> #DIV/0! | F91: =+F90/E90-1 -> #DIV/0! | G91: =+G90/F90-1 -> #DIV/0! | H91: =+H90/G90-1 -> 6.7365194 | I91: =+I90/H90-1 -> 0.18972878 | J91: =+J90/I90-1 -> 0.1751933
B92: 총 | C92: 매출 | D92: =D86+D88+D90 -> 1209.3734 | E92: =E86+E88+E90 -> 1223.322 | F92: =F86+F88+F90 -> 1617.3668 | G92: =G86+G88+G90 -> 1809.4884 | H92: =H86+H88+H90 -> 2349.9909 | I92: =I86+I88+I90 -> 2313.9365 | J92: =J86+J88+J90 -> 2173.6159
B93: 합계 | C93: 성장률 | E93: =+E92/D92-1 -> 0.011533748 | F93: =+F92/E92-1 -> 0.32211049 | G93: =+G92/F92-1 -> 0.11878662 | H93: =+H92/G92-1 -> 0.2987046 | I93: =+I92/H92-1 -> -0.015342359 | J93: =+J92/I92-1 -> -0.060641486
B96: [수량 기준] | K96: 단위 : 만 시린지, 만 바이알, 백만정
B97: 구분 | D97: 25년 계획 | E97: 25년 롤링 | F97: 26년 | G97: 27년 | H97: 28년 | I97: 29년 | J97: 30년 | K97: 비고
B98: PFS | C98: 수량 | D98: 1025.5 | E98: 1015.9 | F98: 1247 | G98: 1473.2 | H98: 1705.9 | I98: 1596 | J98: 1264
B99: 충전 | C99: 성장률 | E99: =+E98/D98-1 -> -0.0093612872 | F99: =+F98/E98-1 -> 0.22748302 | G99: =+G98/F98-1 -> 0.18139535 | H99: =+H98/G98-1 -> 0.15795547 | I99: =+I98/H98-1 -> -0.064423471 | J99: =+J98/I98-1 -> -0.20802005
B100: PFS | C100: 수량 | D100: 742.7 | E100: 764.9112 | F100: 883.1 | G100: 881.72933 | H100: 1333.8475 | I100: 1044.0688 | J100: 683.76409
B101: 조립 | C101: 성장률 | E101: =+E100/D100-1 -> 0.029906019 | F101: =+F100/E100-1 -> 0.1545131 | G101: =+G100/F100-1 -> -0.0015521127 | H101: =+H100/G100-1 -> 0.51276305 | I101: =+I100/H100-1 -> -0.21725026 | J101: =+J100/I100-1 -> -0.34509672
B102: PFS/AI | C102: 수량 | D102: 354 | E102: 361 | F102: 778.7844 | G102: 895.60209 | H102: 1029.9424 | I102: 1184.4339 | J102: 1362.0989 | K102: 연간 최대 CAPA 720만 시린지
B103: 포장 | C103: 성장률 | E103: =+E102/D102-1 -> 0.019774011 | F103: =+F102/E102-1 -> 1.1572975 | G103: =+G102/F102-1 -> 0.15000004 | H103: =+H102/G102-1 -> 0.15000005 | I103: =+I102/H102-1 -> 0.15000004 | J103: =+J102/I102-1 -> 0.14999997
B104: L&P | C104: 수량 | D104: 201 | E104: 170 | F104: 197.2878 | G104: 207.15219 | H104: 217.5098 | I104: 228.38529 | J104: 239.80455 | K104: 연간 최대 CAPA 360만 바이알
B105: 포장 | C105: 성장률 | E105: =+E104/D104-1 -> -0.15422886 | F105: =+F104/E104-1 -> 0.16051647 | G105: =+G104/F104-1 -> 0.05 | H105: =+H104/G104-1 -> 0.05 | I105: =+I104/H104-1 -> 0.05 | J105: =+J104/I104-1 -> 0.05
B106: 바이오 | C106: 수량 | D106: =D98+D100+D102+D104 -> 2323.2 | E106: =E98+E100+E102+E104 -> 2311.8112 | F106: =F98+F100+F102+F104 -> 3106.1722 | G106: =G98+G100+G102+G104 -> 3457.6836 | H106: =H98+H100+H102+H104 -> 4287.1998 | I106: =I98+I100+I102+I104 -> 4052.888 | J106: =J98+J100+J102+J104 -> 3549.6675
B107: 소계 | C107: 성장률 | E107: =+E106/D106-1 -> -0.0049022039 | F107: =+F106/E106-1 -> 0.34360981 | G107: =+G106/F106-1 -> 0.11316546 | H107: =+H106/G106-1 -> 0.23990517 | I107: =+I106/H106-1 -> -0.054653815 | J107: =+J106/I106-1 -> -0.12416342
B108: 케미컬 | C108: 수량 (백만정) | D108: 83.2815 | E108: 79.39131 | F108: 95.214 | G108: 95.214 | H108: 95.214 | I108: 95.214 | J108: 95.214
B109: Hasten | C109: 성장률 | E109: =+E108/D108-1 -> -0.046711334 | F109: =+F108/E108-1 -> 0.19930002 | G109: =+G108/F108-1 -> 0 | H109: =+H108/G108-1 -> 0 | I109: =+I108/H108-1 -> 0 | J109: =+J108/I108-1 -> 0
...

Sheet 참고) 25년제조_개발용역 계획
B3: □ 제조부문 개발용역 매출 계획 (2025-2027년) | AU3: =SUBTOTAL(9,AU7:AU208) -> 1773000000 | AV3: =SUBTOTAL(9,AV7:AV208) -> 1354375000 | AW3: =SUBTOTAL(9,AW7:AW208) -> 1438875000 | AX3: =SUBTOTAL(9,AX7:AX208) -> 1808000000 | AY3: =SUBTOTAL(9,AY7:AY208) -> 0 | AZ3: =SUBTOTAL(9,AZ7:AZ208) -> 0 | BA3: =SUBTOTAL(9,BA7:BA208) -> 755875000 | BB3: =SUBTOTAL(9,BB7:BB208) -> 413875000 | ... BM3: =SUBTOTAL(9,BM7:BM208) -> 3019875000
AU4: =SUM(AU7:AU208) -> 1773000000 | AV4: =SUM(AV7:AV208) -> 1354375000 | AW4: =SUM(AW7:AW208) -> 1438875000 | AX4: =SUM(AX7:AX208) -> 1808000000 | AY4: =SUM(AY7:AY208) -> 0 | AZ4: =SUM(AZ7:AZ208) -> 0 | BA4: =SUM(BA7:BA208) -> 755875000 | BB4: =SUM(BB7:BB208) -> 413875000 | ... BM4: =SUM(BM7:BM208) -> 3019875000
B5: 구분 | K5: 수량 | AD5: 단가 | AU5: 매출액
B6: 사업부 구분코드 | C6: 품목코드 | D6: 품목명 | E6: 브랜드 | F6: 사업부 | G6: 세부내역 (마일스톤) | K6: 2025.01 | L6: 2025.02 | M6: 2025.03 | N6: 2025.04 | O6: 2025.05 | P6: 2025.06 | Q6: 2025.07 | R6: 2025.08 | S6: 2025.09 | T6: 2025.10 | U6: 2025.11 | V6: 2025.12 | W6: 2025년 합계 | X6: 2026.1Q | Y6: 2026.2Q | Z6: 2026.3Q | AA6: 2026.4Q | AB6: 2026년 합계 | AC6: 2027년 합계 | AD6: 2025.01 | AE6: 2025.02 | AF6: 2025.03 | AG6: 2025.04 | AH6: 2025.05 | AI6: 2025.06 | AJ6: 2025.07 | AK6: 2025.08 | AL6: 2025.09 | AM6: 2025.10 | AN6: 2025.11 | AO6: 2025.12 | AP6: 2026.1Q | AQ6: 2026.2Q | AR6: 2026.3Q | AS6: 2026.4Q | AT6: 2027년 | AU6: 2025.01 | AV6: 2025.02 | AW6: 2025.03 | AX6: 2025.04 | AY6: 2025.05 | AZ6: 2025.06 | BA6: 2025.07 | BB6: 2025.08 | BC6: 2025.09 | BD6: 2025.10 | BE6: 2025.11 | BF6: 2025.12 | BG6: 2025년 합계 | BH6: 2026.1Q | BI6: 2026.2Q | BJ6: 2026.3Q | BK6: 2026.4Q | BL6: 2026년 합계 | BM6: 2027년 합계
B7: =F7&C7 -> CMO용역CT-G07 | C7: =D7 -> CT-G07 | D7: CT-G07 | E7: =D7 -> CT-G07 | F7: CMO용역 | G7: 2차 안정성 36M / 48M | W7: =SUM(K7:V7) -> 0 | AB7: =SUM(X7:AA7) -> 0 | BA7: 30000000 | BG7: =SUM(AU7:BF7) -> 30000000 | BI7: 30000000 | BL7: =SUM(BH7:BK7) -> 30000000 | BM7: 0
B8: =F8&C8 -> CMO용역CT-G29 | C8: =D8 -> CT-G29 | D8: CT-G29 | E8: =D8 -> CT-G29 | F8: CMO용역 | G8: 안정성 (Nirmatrelvir) 36M | W8: =SUM(K8:V8) -> 0 | AB8: =SUM(X8:AA8) -> 0 | BE8: 67000000 | BG8: =SUM(AU8:BF8) -> 67000000 | BL8: =SUM(BH8:BK8) -> 0 | BM8: 0
B9: =F9&C9 -> CMO용역CT-G29 | C9: =D9 -> CT-G29 | D9: CT-G29 | E9: =D9 -> CT-G29 | F9: CMO용역 | G9: 안정성 (Ritonavir Bulk) 36M | W9: =SUM(K9:V9) -> 0 | AB9: =SUM(X9:AA9) -> 0 | BF9: 67000000 | BG9: =SUM(AU9:BF9) -> 67000000 | BL9: =SUM(BH9:BK9) -> 0
B10: =F10&C10 -> 내재화용역CT-M01 | C10: =D10 -> CT-M01 | D10: CT-M01 | E10: =D10 -> CT-M01 | F10: 내재화용역 | G10: 1차 안정성 / 36M | W10: =SUM(K10:V10) -> 0 | AB10: =SUM(X10:AA10) -> 0 | BE10: 46875000 | BG10: =SUM(AU10:BF10) -> 46875000 | BL10: =SUM(BH10:BK10) -> 0
B11: =F11&C11 -> 내재화용역CT-M01 | C11: =D11 -> CT-M01 | D11: CT-M01 | E11: =D11 -> CT-M01 | F11: 내재화용역 | G11: 2차 안정성 / 36M | W11: =SUM(K11:V11) -> 0 | AB11: =SUM(X11:AA11) -> 0 | BF11: 46875000 | BG11: =SUM(AU11:BF11) -> 46875000 | BL11: =SUM(BH11:BK11) -> 0
B12: =F12&C12 -> 내재화용역CT-M02 | C12: =D12 -> CT-M02 | D12: CT-M02 | E12: =D12 -> CT-M02 | F12: 내재화용역 | G12: 1차 안정성 / 36M | W12: =SUM(K12:V12) -> 0 | AB12: =SUM(X12:AA12) -> 0 | BF12: 46875000 | BG12: =SUM(AU12:BF12) -> 46875000 | BL12: =SUM(BH12:BK12) -> 0
B13: =F13&C13 -> 내재화용역CT-M02 | C13: =D13 -> CT-M02 | D13: CT-M02 | E13: =D13 -> CT-M02 | F13: 내재화용역 | G13: 2차 안정성 / 24M, 36M | W13: =SUM(K13:V13) -> 0 | AB13: =SUM(X13:AA13) -> 0 | AV13: 46875000 | BG13: =SUM(AU13:BF13) -> 46875000 | BH13: 46875000 | BL13: =SUM(BH13:BK13) -> 46875000
B14: =F14&C14 -> 내재화용역CT-M03 | C14: =D14 -> CT-M03 | D14: CT-M03 | E14: =D14 -> CT-M03 | F14: 내재화용역 | G14: 1차 안정성 / 36M | W14: =SUM(K14:V14) -> 0 | AB14: =SUM(X14:AA14) -> 0 | BG14: =SUM(AU14:BF14) -> 0 | BH14: 46875000 | BL14: =SUM(BH14:BK14) -> 46875000
B15: =F15&C15 -> 내재화용역CT-M03 | C15: =D15 -> CT-M03 | D15: CT-M03 | E15: =D15 -> CT-M03 | F15: 내재화용역 | G15: 2차 안정성 / 24M, 36M | W15: =SUM(K15:V15) -> 0 | AB15: =SUM(X15:AA15) -> 0 | AW15: 46875000 | BG15: =SUM(AU15:BF15) -> 46875000 | BH15: 46875000 | BL15: =SUM(BH15:BK15) -> 46875000
B16: =F16&C16 -> 내재화용역CT-M04 | C16: =D16 -> CT-M04 | D16: CT-M04 | E16: =D16 -> CT-M04 | F16: 내재화용역 | G16: 1차 안정성 / 24M, 36M | W16: =SUM(K16:V16) -> 0 | AB16: =SUM(X16:AA16) -> 0 | AW16: 46875000 | BG16: =SUM(AU16:BF16) -> 46875000 | BH16: 46875000 | BL16: =SUM(BH16:BK16) -> 46875000
B17: =F17&C17 -> 내재화용역CT-M04 | C17: =D17 -> CT-M04 | D17: CT-M04 | E17: =D17 -> CT-M04 | F17: 내재화용역 | G17: 2차 안정성 / 24M, 36M | W17: =SUM(K17:V17) -> 0 | AB17: =SUM(X17:AA17) -> 0 | BA17: 46875000 | BG17: =SUM(AU17:BF17) -> 46875000 | BI17: 46875000 | BL17: =SUM(BH17:BK17) -> 46875000
B18: =F18&C18 -> 내재화용역CT-M05 | C18: =D18 -> CT-M05 | D18: CT-M05 | E18: =D18 -> CT-M05 | F18: 내재화용역 | G18: 1차 안정성 / 24M, 36M | W18: =SUM(K18:V18) -> 0 | AB18: =SUM(X18:AA18) -> 0 | BA18: 46875000 | BG18: =SUM(AU18:BF18) -> 46875000 | BI18: 46875000 | BL18: =SUM(BH18:BK18) -> 46875000
B19: =F19&C19 -> 내재화용역CT-M05 | C19: =D19 -> CT-M05 | D19: CT-M05 | E19: =D19 -> CT-M05 | F19: 내재화용역 | G19: 2차 안정성 / 24M, 36M | W19: =SUM(K19:V19) -> 0 | AB19: =SUM(X19:AA19) -> 0 | BA19: 46875000 | BG19: =SUM(AU19:BF19) -> 46875000 | BI19: 46875000 | BL19: =SUM(BH19:BK19) -> 46875000
B20: =F20&C20 -> 내재화용역CT-M06 | C20: =D20 -> CT-M06 | D20: CT-M06 | E20: =D20 -> CT-M06 | F20: 내재화용역 | G20: 안정성 / 9M, 12M, 18M, 24M, 36M | W20: =SUM(K20:V20) -> 0 | AB20: =SUM(X20:AA20) -> 0 | AW20: 46875000 | BA20: 46875000 | BF20: 46875000 | BG20: =SUM(AU20:BF20) -> 140625000 | BI20: 46875000 | BL20: =SUM(BH20:BK20) -> 46875000 | BM20: 46875000
B21: =F21&C21 -> 내재화용역CT-M08 | C21: =D21 -> CT-M08 | D21: CT-M08 | E21: =D21 -> CT-M08 | F21: 내재화용역 | G21: 안정성 / 9M, 12M, 18M, 24M, 36M | W21: =SUM(K21:V21) -> 0 | AB21: =SUM(X21:AA21) -> 0 | BA21: 46875000 | BB21: 46875000 | BG21: =SUM(AU21:BF21) -> 93750000 | BH21: 46875000 | BJ21: 46875000 | BL21: =SUM(BH21:BK21) -> 93750000 | BM21: 46875000
B22: =F22&C22 -> LCM용역CT-L01 | C22: =D22 -> CT-L01 | D22: CT-L01 | E22: =D22 -> CT-L01 | F22: LCM용역 | G22: 안정성 / 36M | W22: =SUM(K22:V22) -> 0 | AB22: =SUM(X22:AA22) -> 0 | BA22: 46875000 | BG22: =SUM(AU22:BF22) -> 46875000 | BL22: =SUM(BH22:BK22) -> 0
B23: =F23&C23 -> LCM용역CT-L04 | C23: =D23 -> CT-L04 | D23: CT-L04 | E23: =D23 -> CT-L04 | F23: LCM용역 | G23: 안정성 / 24M, 36M | W23: =SUM(K23:V23) -> 0 | AB23: =SUM(X23:AA23) -> 0 | BA23: 46875000 | BG23: =SUM(AU23:BF23) -> 46875000 | BI23: 46875000 | BL23: =SUM(BH23:BK23) -> 46875000
B24: =F24&C24 -> LCM용역CT-L05 | C24: =D24 -> CT-L05 | D24: CT-L05 | E24: =D24 -> CT-L05 | F24: LCM용역 | G24: 안정성 / 9M, 12M, 18M, 24M, 36M | W24: =SUM(K24:V24) -> 0 | AB24: =SUM(X24:AA24) -> 0 | AW24: 46875000 | BA24: 46875000 | BF24: 46875000 | BG24: =SUM(AU24:BF24) -> 140625000 | BI24: 46875000 | BL24: =SUM(BH24:BK24) -> 46875000 | BM24: 46875000
B25: =F25&C25 -> LCM용역CT-L06 | C25: =D25 -> CT-L06 | D25: CT-L06 | E25: =D25 -> CT-L06 | F25: LCM용역 | G25: 안정성 / 6M, 9M, 12M, 18M, 24M, 36M | W25: =SUM(K25:V25) -> 0 | AB25: =SUM(X25:AA25) -> 0 | AW25: 46875000 | BA25: 46875000 | BC25: 46875000 | BG25: =SUM(AU25:BF25) -> 140625000 | BH25: 46875000 | BJ25: 46875000 | BL25: =SUM(BH25:BK25) -> 93750000 | BM25: 46875000
B26: =F26&C26 -> LCM용역CT-L02 | C26: =D26 -> CT-L02 | D26: CT-L02 | E26: =D26 -> CT-L02 | F26: LCM용역 | G26: IMP CoA | W26: =SUM(K26:V26) -> 0 | AB26: =SUM(X26:AA26) -> 0 | AV26: 80000000 | BG26: =SUM(AU26:BF26) -> 80000000 | BL26: =SUM(BH26:BK26) -> 0
B27: =F27&C27 -> LCM용역CT-L02 | C27: =D27 -> CT-L02 | D27: CT-L02 | E27: =D27 -> CT-L02 | F27: LCM용역 | G27: EB Protocol | W27: =SUM(K27:V27) -> 0 | AB27: =SUM(X27:AA27) -> 0 | BC27: 85000000 | BG27: =SUM(AU27:BF27) -> 85000000 | BL27: =SUM(BH27:BK27) -> 0
B28: =F28&C28 -> LCM용역CT-L02 | C28: =D28 -> CT-L02 | D28: CT-L02 | E28: =D28 -> CT-L02 | F28: LCM용역 | G28: EB 수행 | W28: =SUM(K28:V28) -> 0 | AB28: =SUM(X28:AA28) -> 0 | BD28: 85000000 | BG28: =SUM(AU28:BF28) -> 85000000 | BL28: =SUM(BH28:BK28) -> 0
B29: =F29&C29 -> LCM용역CT-L02 | C29: =D29 -> CT-L02 | D29: CT-L02 | E29: =D29 -> CT-L02 | F29: LCM용역 | G29: EB Report | W29: =SUM(K29:V29) -> 0 | AB29: =SUM(X29:AA29) -> 0 | BE29: 85000000 | BG29: =SUM(AU29:BF29) -> 85000000 | BL29: =SUM(BH29:BK29) -> 0
B30: =F30&C30 -> LCM용역CT-L02 | C30: =D30 -> CT-L02 | D30: CT-L02 | E30: =D30 -> CT-L02 | F30: LCM용역 | G30: 안정성 / Protocol, 6M, 9M, 12M, 18M, 24M | W30: =SUM(K30:V30) -> 0 | AB30: =SUM(X30:AA30) -> 0 | BE30: 46875000 | BG30: =SUM(AU30:BF30) -> 46875000 | BI30: 46875000 | BJ30: 46875000 | BK30: 46875000 | BL30: =SUM(BH30:BK30) -> 140625000 | BM30: =46875000+46875000 -> 93750000
B31: =F31&C31 -> LCM용역CT-L02 | C31: =D31 -> CT-L02 | D31: CT-L02 | E31: =D31 -> CT-L02 | F31: LCM용역 | G31: L02-301 위약 제조 (1차) | W31: =SUM(K31:V31) -> 0 | AB31: =SUM(X31:AA31) -> 0 | AW31: 129000000 | BG31: =SUM(AU31:BF31) -> 129000000 | BL31: =SUM(BH31:BK31) -> 0
B32: =F32&C32 -> LCM용역CT-L02 | C32: =D32 -> CT-L02 | D32: CT-L02 | E32: =D32 -> CT-L02 | F32: LCM용역 | G32: L02-301 임상의약품 포장 (1차) | W32: =SUM(K32:V32) -> 0 | AB32: =SUM(X32:AA32) -> 0 | BA32: 145000000 | BG32: =SUM(AU32:BF32) -> 145000000 | BL32: =SUM(BH32:BK32) -> 0
B33: =F33&C33 -> LCM용역CT-L02 | C33: =D33 -> CT-L02 | D33: CT-L02 | E33: =D33 -> CT-L02 | F33: LCM용역 | G33: L02-301 위약 제조 (2차) | W33: =SUM(K33:V33) -> 0 | AB33: =SUM(X33:AA33) -> 0 | BG33: =SUM(AU33:BF33) -> 0 | BH33: 129000000 | BL33: =SUM(BH33:BK33) -> 129000000
B34: =F34&C34 -> LCM용역CT-L02 | C34: =D34 -> CT-L02 | D34: CT-L02 | E34: =D34 -> CT-L02 | F34: LCM용역 | G34: L02-301 임상의약품 포장 (2차) | W34: =SUM(K34:V34) -> 0 | AB34: =SUM(X34:AA34) -> 0 | BG34: =SUM(AU34:BF34) -> 0 | BI34: 118000000 | BL34: =SUM(BH34:BK34) -> 118000000
B35: =F35&C35 -> LCM용역CT-L03 | C35: =D35 -> CT-L03 | D35: CT-L03 | E35: =D35 -> CT-L03 | F35: LCM용역 | G35: PE 수행 | W35: =SUM(K35:V35) -> 0 | AB35: =SUM(X35:AA35) -> 0 | AV35: 85000000 | BG35: =SUM(AU35:BF35) -> 85000000 | BL35: =SUM(BH35:BK35) -> 0
B36: =F36&C36 -> LCM용역CT-L03 | C36: =D36 -> CT-L03 | D36: CT-L03 | E36: =D36 -> CT-L03 | F36: LCM용역 | G36: PE Report | W36: =SUM(K36:V36) -> 0 | AB36: =SUM(X36:AA36) -> 0 | AW36: 85000000 | BG36: =SUM(AU36:BF36) -> 85000000 | BL36: =SUM(BH36:BK36) -> 0
B37: =F37&C37 -> LCM용역CT-L03 | C37: =D37 -> CT-L03 | D37: CT-L03 | E37: =D37 -> CT-L03 | F37: LCM용역 | G37: DP MV 수행 | W37: =SUM(K37:V37) -> 0 | AB37: =SUM(X37:AA37) -> 0 | AV37: 42500000 | BG37: =SUM(AU37:BF37) -> 42500000 | BL37: =SUM(BH37:BK37) -> 0
B38: =F38&C38 -> LCM용역CT-L03 | C38: =D38 -> CT-L03 | D38: CT-L03 | E38: =D38 -> CT-L03 | F38: LCM용역 | G38: DP MV Report | W38: =SUM(K38:V38) -> 0 | AB38: =SUM(X38:AA38) -> 0 | AW38: 42500000 | BG38: =SUM(AU38:BF38) -> 42500000 | BL38: =SUM(BH38:BK38) -> 0
B39: =F39&C39 -> LCM용역CT-L03 | C39: =D39 -> CT-L03 | D39: CT-L03 | E39: =D39 -> CT-L03 | F39: LCM용역 | G39: IMP 수행 | W39: =SUM(K39:V39) -> 0 | AB39: =SUM(X39:AA39) -> 0 | BA39: 40000000 | BG39: =SUM(AU39:BF39) -> 40000000 | BL39: =SUM(BH39:BK39) -> 0
B40: =F40&C40 -> LCM용역CT-L03 | C40: =D40 -> CT-L03 | D40: CT-L03 | E40: =D40 -> CT-L03 | F40: LCM용역 | G40: IMP CoA | W40: =SUM(K40:V40) -> 0 | AB40: =SUM(X40:AA40) -> 0 | BB40: 80000000 | BG40: =SUM(AU40:BF40) -> 80000000 | BL40: =SUM(BH40:BK40) -> 0
B41: =F41&C41 -> LCM용역CT-L03 | C41: =D41 -> CT-L03 | D41: CT-L03 | E41: =D41 -> CT-L03 | F41: LCM용역 | G41: EB Protocol | W41: =SUM(K41:V41) -> 0 | AB41: =SUM(X41:AA41) -> 0 | BG41: =SUM(AU41:BF41) -> 0 | BH41: 85000000 | BL41: =SUM(BH41:BK41) -> 85000000
B42: =F42&C42 -> LCM용역CT-L03 | C42: =D42 -> CT-L03 | D42: CT-L03 | E42: =D42 -> CT-L03 | F42: LCM용역 | G42: EB 수행 | W42: =SUM(K42:V42) -> 0 | AB42: =SUM(X42:AA42) -> 0 | BG42: =SUM(AU42:BF42) -> 0 | BH42: 85000000 | BL42: =SUM(BH42:BK42) -> 85000000
B43: =F43&C43 -> LCM용역CT-L03 | C43: =D43 -> CT-L03 | D43: CT-L03 | E43: =D43 -> CT-L03 | F43: LCM용역 | G43: EB Report | W43: =SUM(K43:V43) -> 0 | AB43: =SUM(X43:AA43) -> 0 | BG43: =SUM(AU43:BF43) -> 0 | BI43: 85000000 | BL43: =SUM(BH43:BK43) -> 85000000
B44: =F44&C44 -> LCM용역CT-L03 | C44: =D44 -> CT-L03 | D44: CT-L03 | E44: =D44 -> CT-L03 | F44: LCM용역 | G44: 안정성 / Protocol, 6M, 9M, 12M, 18M | W44: =SUM(K44:V44) -> 0 | AB44: =SUM(X44:AA44) -> 0 | BG44: =SUM(AU44:BF44) -> 0 | BI44: 46875000 | BK44: 46875000 | BL44: =SUM(BH44:BK44) -> 93750000 | BM44: =46875000+46875000+46875000 -> 140625000
B45: =F45&C45 -> LCM용역CT-L03 | C45: =D45 -> CT-L03 | D45: CT-L03 | E45: =D45 -> CT-L03 | F45: LCM용역 | G45: L03-301 위약 제조 (2차) | W45: =SUM(K45:V45) -> 0 | AB45: =SUM(X45:AA45) -> 0 | BG45: =SUM(AU45:BF45) -> 0 | BL45: =SUM(BH45:BK45) -> 0
B46: =F46&C46 -> LCM용역CT-L03 | C46: =D46 -> CT-L03 | D46: CT-L03 | E46: =D46 -> CT-L03 | F46: LCM용역 | G46: L03-301 임상의약품 포장 (2차) | W46: =SUM(K46:V46) -> 0 | AB46: =SUM(X46:AA46) -> 0 | BB46: 118000000 | BG46: =SUM(AU46:BF46) -> 118000000 | BL46: =SUM(BH46:BK46) -> 0
B47: =F47&C47 -> PFS용역CT-P13SC 29G | C47: =D47 -> CT-P13SC 29G | D47: CT-P13SC 29G | E47: =D47 -> CT-P13SC 29G | F47: PFS용역 | G47: 안정성(UDP) / 48M | W47: =SUM(K47:V47) -> 0 | AB47: =SUM(X47:AA47) -> 0 | AV47: 21000000 | BG47: =SUM(AU47:BF47) -> 21000000 | BL47: =SUM(BH47:BK47) -> 0
B48: =F48&C48 -> PFS용역CT-P13SC 29G | C48: =D48 -> CT-P13SC 29G | D48: CT-P13SC 29G | E48: =D48 -> CT-P13SC 29G | F48: PFS용역 | G48: 안정성(AI) / 48M | W48: =SUM(K48:V48) -> 0 | AB48: =SUM(X48:AA48) -> 0 | AV48: 11000000 | BG48: =SUM(AU48:BF48) -> 11000000 | BL48: =SUM(BH48:BK48) -> 0
B49: =F49&C49 -> PFS용역CT-P13SC 29G | C49: =D49 -> CT-P13SC 29G | D49: CT-P13SC 29G | E49: =D49 -> CT-P13SC 29G | F49: PFS용역 | G49: 2nd TI 안정성(uDP) / ~3M, 6M, 9M, 12M, 18M, 24M, 36M, 39M | W49: =SUM(K49:V49) -> 0 | AB49: =SUM(X49:AA49) -> 0 | AU49: 140000000 | AW49: 37000000 | BA49: 16000000 | BB49: 21000000 | BG49: =SUM(AU49:BF49) -> 214000000 | BH49: 16000000 | BJ49: 21000000 | BL49: =SUM(BH49:BK49) -> 37000000 | BM49: 42000000
B50: =F50&C50 -> PFS용역CT-P13SC 29G | C50: =D50 -> CT-P13SC 29G | D50: CT-P13SC 29G | E50: =D50 -> CT-P13SC 29G | F50: PFS용역 | G50: 2nd TI 안정성(AI) / ~3M, 6M, 9M, 12M, 18M, 24M, 36M, 39M | W50: =SUM(K50:V50) -> 0 | AB50: =SUM(X50:AA50) -> 0 | AU50: 101000000 | AW50: 37000000 | BA50: 16000000 | BB50: 21000000 | BG50: =SUM(AU50:BF50) -> 175000000 | BH50: 16000000 | BJ50: 21000000 | BL50: =SUM(BH50:BK50) -> 37000000 | BM50: 42000000
B51: =F51&C51 -> PFS용역CT-P17 10mg | C51: =D51 -> CT-P17 10mg | D51: CT-P17 10mg | E51: =D51 -> CT-P17 10mg | F51: PFS용역 | G51: 충전PV Protocol | W51: =SUM(K51:V51) -> 0 | AB51: =SUM(X51:AA51) -> 0 | AU51: 399000000 | BG51: =SUM(AU51:BF51) -> 399000000 | BL51: =SUM(BH51:BK51) -> 0
B52: =F52&C52 -> PFS용역CT-P17 10mg | C52: =D52 -> CT-P17 10mg | D52: CT-P17 10mg | E52: =D52 -> CT-P17 10mg | F52: PFS용역 | G52: 충전PV 수행/Report | W52: =SUM(K52:V52) -> 0 | AB52: =SUM(X52:AA52) -> 0 | AX52: 931000000 | BG52: =SUM(AU52:BF52) -> 931000000 | BL52: =SUM(BH52:BK52) -> 0
B53: =F53&C53 -> PFS용역CT-P17 10mg | C53: =D53 -> CT-P17 10mg | D53: CT-P17 10mg | E53: =D53 -> CT-P17 10mg | F53: PFS용역 | G53: PKV (PFS 수동 조립 및 수동 2P 포장) | W53: =SUM(K53:V53) -> 0 | AB53: =SUM(X53:AA53) -> 0 | AU53: 0 | AV53: 0 | AW53: 0 | AX53: 127000000 | AZ53: 0 | BA53: 0 | BB53: 0 | BD53: 0 | BE53: 0 | BF53: 0 | BG53: =SUM(AU53:BF53) -> 127000000 | BL53: =SUM(BH53:BK53) -> 0
B54: =F54&C54 -> PFS용역CT-P17 20mg | C54: =D54 -> CT-P17 20mg | D54: CT-P17 20mg | E54: =D54 -> CT-P17 20mg | F54: PFS용역 | G54: 안정성(uDP) / 36M, 42M | W54: =SUM(K54:V54) -> 0 | AB54: =SUM(X54:AA54) -> 0 | AU54: 20000000 | BA54: 21000000 | BG54: =SUM(AU54:BF54) -> 41000000 | BL54: =SUM(BH54:BK54) -> 0
B55: =F55&C55 -> PFS용역CT-P17 20mg | C55: =D55 -> CT-P17 20mg | D55: CT-P17 20mg | E55: =D55 -> CT-P17 20mg | F55: PFS용역 | G55: 안정성(PFS) / 36M, 42M | W55: =SUM(K55:V55) -> 0 | AB55: =SUM(X55:AA55) -> 0 | AU55: 2000000 | BA55: 2000000 | BG55: =SUM(AU55:BF55) -> 4000000 | BL55: =SUM(BH55:BK55) -> 0
B56: =F56&C56 -> PFS용역CT-P17 40mg | C56: =D56 -> CT-P17 40mg | D56: CT-P17 40mg | E56: =D56 -> CT-P17 40mg | F56: PFS용역 | G56: 안정성(uDP) / 42M | W56: =SUM(K56:V56) -> 0 | AB56: =SUM(X56:AA56) -> 0 | AU56: 21000000 | BG56: =SUM(AU56:BF56) -> 21000000 | BL56: =SUM(BH56:BK56) -> 0
B57: =F57&C57 -> PFS용역CT-P17 40mg | C57: =D57 -> CT-P17 40mg | D57: CT-P17 40mg | E57: =D57 -> CT-P17 40mg | F57: PFS용역 | G57: 안정성(PFS) / 42M | W57: =SUM(K57:V57) -> 0 | AB57: =SUM(X57:AA57) -> 0 | AU57: 2000000 | BG57: =SUM(AU57:BF57) -> 2000000 | BL57: =SUM(BH57:BK57) -> 0
B58: =F58&C58 -> PFS용역CT-P17 40mg | C58: =D58 -> CT-P17 40mg | D58: CT-P17 40mg | E58: =D58 -> CT-P17 40mg | F58: PFS용역 | G58: 안정성(PFS-S) / 42M | W58: =SUM(K58:V58) -> 0 | AB58: =SUM(X58:AA58) -> 0 | AU58: 2000000 | BG58: =SUM(AU58:BF58) -> 2000000 | BL58: =SUM(BH58:BK58) -> 0
B59: =F59&C59 -> PFS용역CT-P17 40mg | C59: =D59 -> CT-P17 40mg | D59: CT-P17 40mg | E59: =D59 -> CT-P17 40mg | F59: PFS용역 | G59: 안정성(AI) / 42M | W59: =SUM(K59:V59) -> 0 | AB59: =SUM(X59:AA59) -> 0 | AU59: 15000000 | BG59: =SUM(AU59:BF59) -> 15000000 | BL59: =SUM(BH59:BK59) -> 0
B60: =F60&C60 -> PFS용역CT-P17 40mg | C60: =D60 -> CT-P17 40mg | D60: CT-P17 40mg | E60: =D60 -> CT-P17 40mg | F60: PFS용역 | G60: In-use 25도 안정성 / 42M(PFS) | W60: =SUM(K60:V60) -> 0 | AB60: =SUM(X60:AA60) -> 0 | AU60: 31000000 | BG60: =SUM(AU60:BF60) -> 31000000 | BL60: =SUM(BH60:BK60) -> 0
B61: =F61&C61 -> PFS용역CT-P17 40mg | C61: =D61 -> CT-P17 40mg | D61: CT-P17 40mg | E61: =D61 -> CT-P17 40mg | F61: PFS용역 | G61: In-use 30도 안정성 / 42M(PFS) | W61: =SUM(K61:V61) -> 0 | AB61: =SUM(X61:AA61) -> 0 | AU61: 31000000 | AV61: 0 | AW61: 0 | AX61: 0 | AY61: 0 | BA61: 0 | BB61: 0 | BC61: 0 | BD61: 0 | BE61: 0 | BF61: 0 | BG61: =SUM(AU61:BF61) -> 31000000 | BL61: =SUM(BH61:BK61) -> 0
B62: =F62&C62 -> PFS용역CT-P39 75mg | C62: =D62 -> CT-P39 75mg | D62: CT-P39 75mg | E62: =D62 -> CT-P39 75mg | F62: PFS용역 | G62: 안정성(AI) / 18M, 24M, 30M, 36M | W62: =SUM(K62:V62) -> 0 | AB62: =SUM(X62:AA62) -> 0 | AW62: 10000000 | BC62: 12000000 | BG62: =SUM(AU62:BF62) -> 22000000 | BH62: 12000000 | BJ62: 12000000 | BL62: =SUM(BH62:BK62) -> 24000000
B63: =F63&C63 -> PFS용역CT-P39 75mg | C63: =D63 -> CT-P39 75mg | D63: CT-P39 75mg | E63: =D63 -> CT-P39 75mg | F63: PFS용역 | G63: PFS-S PKV(자동 1P 포장) | W63: =SUM(K63:V63) -> 0 | AB63: =SUM(X63:AA63) -> 0 | BG63: =SUM(AU63:BF63) -> 0 | BL63: =SUM(BH63:BK63) -> 0
B64: =F64&C64 -> PFS용역CT-P39 150mg | C64: =D64 -> CT-P39 150mg | D64: CT-P39 150mg | E64: =D64 -> CT-P39 150mg | F64: PFS용역 | G64: 안정성(AI) / 18M, 24M, 30M, 36M | W64: =SUM(K64:V64) -> 0 | AB64: =SUM(X64:AA64) -> 0 | AW64: 10000000 | BC64: 12000000 | BG64: =SUM(AU64:BF64) -> 22000000 | BH64: 12000000 | BJ64: 12000000 | BL64: =SUM(BH64:BK64) -> 24000000
B65: =F65&C65 -> PFS용역CT-P39 150mg | C65: =D65 -> CT-P39 150mg | D65: CT-P39 150mg | E65: =D65 -> CT-P39 150mg | F65: PFS용역 | G65: 충전PV Scale-up 수행/Report | W65: =SUM(K65:V65) -> 0 | AB65: =SUM(X65:AA65) -> 0 | AW65: 833000000 | BG65: =SUM(AU65:BF65) -> 833000000 | BL65: =SUM(BH65:BK65) -> 0
B66: =F66&C66 -> PFS용역CT-P39 300mg | C66: =D66 -> CT-P39 300mg | D66: CT-P39 300mg | E66: =D66 -> CT-P39 300mg | F66: PFS용역 | G66: AI PKV(수동 조립/라벨링) | W66: =SUM(K66:V66) -> 0 | AB66: =SUM(X66:AA66) -> 0 | BB66: 127000000 | BG66: =SUM(AU66:BF66) -> 127000000 | BL66: =SUM(BH66:BK66) -> 0
B67: =F67&C67 -> PFS용역CT-P39 300mg | C67: =D67 -> CT-P39 300mg | D67: CT-P39 300mg | E67: =D67 -> CT-P39 300mg | F67: PFS용역 | G67: 충전PV Protocol | BI67: 339000000 | BL67: =SUM(BH67:BK67) -> 339000000
B68: =F68&C68 -> PFS용역CT-P39 300mg | C68: =D68 -> CT-P39 300mg | D68: CT-P39 300mg | E68: =D68 -> CT-P39 300mg | F68: PFS용역 | G68: 충전PV 수행/Report | BJ68: 791000000 | BL68: =SUM(BH68:BK68) -> 791000000
B69: =F69&C69 -> PFS용역CT-P42 2mg | C69: =D69 -> CT-P42 2mg | D69: CT-P42 2mg | E69: =D69 -> CT-P42 2mg | F69: PFS용역 | G69: PD | W69: =SUM(K69:V69) -> 0 | AB69: =SUM(X69:AA69) -> 0 | AV69: 59000000 | BG69: =SUM(AU69:BF69) -> 59000000 | BL69: =SUM(BH69:BK69) -> 0
B70: =F70&C70 -> PFS용역CT-P42 2mg | C70: =D70 -> CT-P42 2mg | D70: CT-P42 2mg | E70: =D70 -> CT-P42 2mg | F70: PFS용역 | G70: PQ | W70: =SUM(K70:V70) -> 0 | AB70: =SUM(X70:AA70) -> 0 | AW70: 21000000 | BG70: =SUM(AU70:BF70) -> 21000000 | BL70: =SUM(BH70:BK70) -> 0
B71: =F71&C71 -> PFS용역CT-P42 2mg | C71: =D71 -> CT-P42 2mg | D71: CT-P42 2mg | E71: =D71 -> CT-P42 2mg | F71: PFS용역 | G71: 멸균PV | W71: =SUM(K71:V71) -> 0 | AB71: =SUM(X71:AA71) -> 0 | AX71: 63000000 | BG71: =SUM(AU71:BF71) -> 63000000 | BL71: =SUM(BH71:BK71) -> 0
B72: =F72&C72 -> PFS용역CT-P43 45mg | C72: =D72 -> CT-P43 45mg | D72: CT-P43 45mg | E72: =D72 -> CT-P43 45mg | F72: PFS용역 | G72: 안정성(uDP) / 36M, 48M | W72: =SUM(K72:V72) -> 0 | AB72: =SUM(X72:AA72) -> 0 | BA72: 16000000 | BG72: =SUM(AU72:BF72) -> 16000000 | BJ72: 18000000 | BL72: =SUM(BH72:BK72) -> 18000000
B73: =F73&C73 -> PFS용역CT-P43 45mg | C73: =D73 -> CT-P43 45mg | D73: CT-P43 45mg | E73: =D73 -> CT-P43 45mg | F73: PFS용역 | G73: 안정성(PFS-S) / 36M, 48M | W73: =SUM(K73:V73) -> 0 | AB73: =SUM(X73:AA73) -> 0 | BA73: 16000000 | BG73: =SUM(AU73:BF73) -> 16000000 | BJ73: 18000000 | BL73: =SUM(BH73:BK73) -> 18000000
B74: =F74&C74 -> PFS용역CT-P43 45mg | C74: =D74 -> CT-P43 45mg | D74: CT-P43 45mg | E74: =D74 -> CT-P43 45mg | F74: PFS용역 | G74: 충전PV 수행/Report (BD Syringe) | W74: =SUM(K74:V74) -> 0 | AB74: =SUM(X74:AA74) -> 0 | AV74: 882000000 | BG74: =SUM(AU74:BF74) -> 882000000 | BL74: =SUM(BH74:BK74) -> 0
B75: =F75&C75 -> PFS용역CT-P43 45mg | C75: =D75 -> CT-P43 45mg | D75: CT-P43 45mg | E75: =D75 -> CT-P43 45mg | F75: PFS용역 | G75: AI PKV(자동 조립 및 자동1P 포장) | W75: =SUM(K75:V75) -> 0 | AB75: =SUM(X75:AA75) -> 0 | AV75: 127000000 | BG75: =SUM(AU75:BF75) -> 127000000 | BL75: =SUM(BH75:BK75) -> 0
B76: =F76&C76 -> PFS용역CT-P43 90mg | C76: =D76 -> CT-P43 90mg | D76: CT-P43 90mg | E76: =D76 -> CT-P43 90mg | F76: PFS용역 | G76: 안정성(uDP) / 36M, 48M | W76: =SUM(K76:V76) -> 0 | AB76: =SUM(X76:AA76) -> 0 | BA76: 16000000 | BG76: =SUM(AU76:BF76) -> 16000000 | BJ76: 18000000 | BL76: =SUM(BH76:BK76) -> 18000000
B77: =F77&C77 -> PFS용역CT-P43 90mg | C77: =D77 -> CT-P43 90mg | D77: CT-P43 90mg | E77: =D77 -> CT-P43 90mg | F77: PFS용역 | G77: 안정성(PFS-S) / 36M, 48M | W77: =SUM(K77:V77) -> 0 | AB77: =SUM(X77:AA77) -> 0 | BA77: 16000000 | BG77: =SUM(AU77:BF77) -> 16000000 | BJ77: 18000000 | BL77: =SUM(BH77:BK77) -> 18000000
B78: =F78&C78 -> PFS용역CT-P43 90mg | C78: =D78 -> CT-P43 90mg | D78: CT-P43 90mg | E78: =D78 -> CT-P43 90mg | F78: PFS용역 | G78: 충전PV 수행/Report (BD Syringe) | W78: =SUM(K78:V78) -> 0 | AB78: =SUM(X78:AA78) -> 0 | AU78: 882000000 | BG78: =SUM(AU78:BF78) -> 882000000 | BL78: =SUM(BH78:BK78) -> 0
B79: =F79&C79 -> PFS용역CT-P43 90mg | C79: =D79 -> CT-P43 90mg | D79: CT-P43 90mg | E79: =D79 -> CT-P43 90mg | F79: PFS용역 | G79: AI PKV(자동 조립 및 자동1P 포장) | W79: =SUM(K79:V79) -> 0 | AB79: =SUM(X79:AA79) -> 0 | AU79: 127000000 | BG79: =SUM(AU79:BF79) -> 127000000 | BL79: =SUM(BH79:BK79) -> 0
B80: =F80&C80 -> PFS용역CT-P52 80mg | C80: =D80 -> CT-P52 80mg | D80: CT-P52 80mg | E80: =D80 -> CT-P52 80mg | F80: PFS용역 | G80: 임상 충전 (3배치) | W80: =SUM(K80:V80) -> 0 | AB80: =SUM(X80:AA80) -> 0 | AX80: 687000000 | BG80: =SUM(AU80:BF80) -> 687000000 | BL80: =SUM(BH80:BK80) -> 0
B81: =F81&C81 -> PFS용역CT-P52 80mg | C81: =D81 -> CT-P52 80mg | D81: CT-P52 80mg | E81: =D81 -> CT-P52 80mg | F81: PFS용역 | G81: 임상 충전 (1배치) | W81: =SUM(K81:V81) -> 0 | AB81: =SUM(X81:AA81) -> 0 | BC81: 288000000 | BG81: =SUM(AU81:BF81) -> 288000000 | BL81: =SUM(BH81:BK81) -> 0
B82: =F82&C82 -> PFS용역CT-P55 75mg | C82: =D82 -> CT-P55 75mg | D82: CT-P55 75mg | E82: =D82 -> CT-P55 75mg | F82: PFS용역 | G82: 충전PV Protocol | W82: =SUM(K82:V82) -> 0 | AB82: =SUM(X82:AA82) -> 0 | BE82: 327000000 | BG82: =SUM(AU82:BF82) -> 327000000 | BL82: =SUM(BH82:BK82) -> 0
B83: =F83&C83 -> PFS용역CT-P55 75mg | C83: =D83 -> CT-P55 75mg | D83: CT-P55 75mg | E83: =D83 -> CT-P55 75mg | F83: PFS용역 | G83: 충전PV 수행/Report | W83: =SUM(K83:V83) -> 0 | AB83: =SUM(X83:AA83) -> 0 | BG83: =SUM(AU83:BF83) -> 0 | BL83: =SUM(BH83:BK83) -> 0
B84: =F84&C84 -> PFS용역CT-P55 75mg | C84: =D84 -> CT-P55 75mg | D84: CT-P55 75mg | E84: =D84 -> CT-P55 75mg | F84: PFS용역 | G84: PFS-S PKV(조립 및 포장) | BH84: 127000000 | BL84: =SUM(BH84:BK84) -> 127000000
B85: =F85&C85 -> PFS용역CT-P55 75mg | C85: =D85 -> CT-P55 75mg | D85: CT-P55 75mg | E85: =D85 -> CT-P55 75mg | F85: PFS용역 | G85: AI PKV(조립) | BJ85: 127000000 | BL85: =SUM(BH85:BK85) -> 127000000
B86: =F86&C86 -> PFS용역CT-P55 150mg | C86: =D86 -> CT-P55 150mg | D86: CT-P55 150mg | E86: =D86 -> CT-P55 150mg | F86: PFS용역 | G86: 충전PV Protocol | W86: =SUM(K86:V86) -> 0 | AB86: =SUM(X86:AA86) -> 0 | BE86: 327000000 | BG86: =SUM(AU86:BF86) -> 327000000 | BL86: =SUM(BH86:BK86) -> 0
B87: =F87&C87 -> PFS용역CT-P55 150mg | C87: =D87 -> CT-P55 150mg | D87: CT-P55 150mg | E87: =D87 -> CT-P55 150mg | F87: PFS용역 | G87: 충전PV 수행/Report | W87: =SUM(K87:V87) -> 0 | AB87: =SUM(X87:AA87) -> 0 | BG87: =SUM(AU87:BF87) -> 0 | BH87: 763000000 | BL87: =SUM(BH87:BK87) -> 763000000
B88: =F88&C88 -> PFS용역CT-P55 150mg | C88: =D88 -> CT-P55 150mg | D88: CT-P55 150mg | E88: =D88 -> CT-P55 150mg | F88: PFS용역 | G88: PFS-S PKV(조립 및 포장) | BH88: 127000000 | BL88: =SUM(BH88:BK88) -> 127000000
B89: =F89&C89 -> PFS용역CT-P55 150mg | C89: =D89 -> CT-P55 150mg | D89: CT-P55 150mg | E89: =D89 -> CT-P55 150mg | F89: PFS용역 | G89: AI PKV(조립) | BJ89: 127000000 | BL89: =SUM(BH89:BK89) -> 127000000
B90: =F90&C90 -> PFS용역CT-P55 300mg | C90: =D90 -> CT-P55 300mg | D90: CT-P55 300mg | E90: =D90 -> CT-P55 300mg | F90: PFS용역 | G90: 충전PV Protocol | W90: =SUM(K90:V90) -> 0 | AB90: =SUM(X90:AA90) -> 0 | BG90: =SUM(AU90:BF90) -> 0 | BL90: =SUM(BH90:BK90) -> 0
B91: =F91&C91 -> PFS용역CT-P55 300mg | C91: =D91 -> CT-P55 300mg | D91: CT-P55 300mg | E91: =D91 -> CT-P55 300mg | F91: PFS용역 | G91: 충전PV 수행/Report | W91: =SUM(K91:V91) -> 0 | AB91: =SUM(X91:AA91) -> 0 | BG91: =SUM(AU91:BF91) -> 0 | BH91: 791000000 | BL91: =SUM(BH91:BK91) -> 791000000
B92: =F92&C92 -> PFS용역CT-P55 300mg | C92: =D92 -> CT-P55 300mg | D92: CT-P55 300mg | E92: =D92 -> CT-P55 300mg | F92: PFS용역 | G92: PFS-S PKV(조립 및 포장) | BH92: 127000000 | BL92: =SUM(BH92:BK92) -> 127000000
B93: =F93&C93 -> PFS용역CT-P41 60mg | C93: =D93 -> CT-P41 60mg | D93: CT-P41 60mg | E93: =D93 -> CT-P41 60mg | F93: PFS용역 | G93: 충전PV Scale-up Protocol | W93: =SUM(K93:V93) -> 0 | AB93: =SUM(X93:AA93) -> 0 | BG93: =SUM(AU93:BF93) -> 0 | BH93: 240720000 | BL93: =SUM(BH93:BK93) -> 240720000
B94: =F94&C94 -> PFS용역CT-P41 60mg | C94: =D94 -> CT-P41 60mg | D94: CT-P41 60mg | E94: =D94 -> CT-P41 60mg | F94: PFS용역 | G94: 충전PV Scale-up 수행/Report | W94: =SUM(K94:V94) -> 0 | AB94: =SUM(X94:AA94) -> 0 | BG94: =SUM(AU94:BF94) -> 0 | BI94: 833000000 | BL94: =SUM(BH94:BK94) -> 833000000
B95: =F95&C95 -> PFS용역TBD1 | C95: =D95 -> TBD1 | D95: TBD1 | E95: =D95 -> TBD1 | F95: PFS용역 | G95: 충전 PV Protocol | W95: =SUM(K95:V95) -> 0 | AB95: =SUM(X95:AA95) -> 0 | BG95: =SUM(AU95:BF95) -> 0 | BL95: =SUM(BH95:BK95) -> 0 | BM95: 339000000
B96: =F96&C96 -> PFS용역TBD1 | C96: =D96 -> TBD1 | D96: TBD1 | E96: =D96 -> TBD1 | F96: PFS용역 | G96: 충전 PV 수행/Report | W96: =SUM(K96:V96) -> 0 | AB96: =SUM(X96:AA96) -> 0 | BG96: =SUM(AU96:BF96) -> 0 | BL96: =SUM(BH96:BK96) -> 0 | BM96: 791000000
B97: =F97&C97 -> PFS용역TBD1 | C97: =D97 -> TBD1 | D97: TBD1 | E97: =D97 -> TBD1 | F97: PFS용역 | G97: AI조립PV | W97: =SUM(K97:V97) -> 0 | AB97: =SUM(X97:AA97) -> 0 | BG97: =SUM(AU97:BF97) -> 0 | BL97: =SUM(BH97:BK97) -> 0 | BM97: 127000000
B98: =F98&C98 -> PFS용역TBD2 | C98: =D98 -> TBD2 | D98: TBD2 | E98: =D98 -> TBD2 | F98: PFS용역 | G98: 충전 PV Protocol | W98: =SUM(K98:V98) -> 0 | AB98: =SUM(X98:AA98) -> 0 | BG98: =SUM(AU98:BF98) -> 0 | BL98: =SUM(BH98:BK98) -> 0 | BM98: 339000000
B99: =F99&C99 -> PFS용역TBD2 | C99: =D99 -> TBD2 | D99: TBD2 | E99: =D99 -> TBD2 | F99: PFS용역 | G99: 충전 PV 수행/Report | W99: =SUM(K99:V99) -> 0 | AB99: =SUM(X99:AA99) -> 0 | BG99: =SUM(AU99:BF99) -> 0 | BL99: =SUM(BH99:BK99) -> 0 | BM99: 791000000
B100: =F100&C100 -> PFS용역TBD2 | C100: =D100 -> TBD2 | D100: TBD2 | E100: =D100 -> TBD2 | F100: PFS용역 | G100: AI조립PV | W100: =SUM(K100:V100) -> 0 | AB100: =SUM(X100:AA100) -> 0 | BG100: =SUM(AU100:BF100) -> 0 | BL100: =SUM(BH100:BK100) -> 0 | BM100: 127000000
B101: =F101&C101 -> 0 | C101: =D101 -> 0 | E101: =D101 -> 0 | W101: =SUM(K101:V101) -> 0 | AB101: =SUM(X101:AA101) -> 0 | BG101: =SUM(AU101:BF101) -> 0 | BL101: =SUM(BH101:BK101) -> 0
B102: =F102&C102 -> 0 | C102: =D102 -> 0 | E102: =D102 -> 0 | W102: =SUM(K102:V102) -> 0 | AB102: =SUM(X102:AA102) -> 0 | BG102: =SUM(AU102:BF102) -> 0 | BL102: =SUM(BH102:BK102) -> 0
...

Sheet Material_master_2024
B2: 사업부 구분코드 | C2: 사업부 | D2: 품목코드 | E2: 품목명 | F2: 브랜드
B3: =C3&D3 -> 케미컬1100100 | C3: 케미컬 | D3: 1100100 | E3: 갈락스주사 1A(낱알반품용) | F3: 갈락스주사
B4: =C4&D4 -> 케미컬1100300 | C4: 케미컬 | D4: 1100300 | E4: 리벨인퓨전주사 1A(낱알반품용) | F4: 리벨인퓨전주사
B5: =C5&D5 -> 케미컬1100301 | C5: 케미컬 | D5: 1100301 | E5: 리벨인퓨전주사 10A | F5: 리벨인퓨전주사
B6: =C6&D6 -> 케미컬1102101 | C6: 케미컬 | D6: 1102101 | E6: 누코미트액 10A | F6: 누코미트액
B7: =C7&D7 -> 케미컬1102500 | C7: 케미컬 | D7: 1102500 | E7: 리벨인퓨전주사 1A(낱알반품용)(위탁:휴온스) | F7: 리벨인퓨전주사
B8: =C8&D8 -> 케미컬1102501 | C8: 케미컬 | D8: 1102501 | E8: 리벨인퓨전주사 10A(위탁:휴온스) | F8: 리벨인퓨전주사
B9: =C9&D9 -> 케미컬1102601 | C9: 케미컬 | D9: 1102601 | E9: 갈락스주사 50A(위탁:휴온스) | F9: 갈락스주사
B10: =C10&D10 -> 케미컬1102700 | C10: 케미컬 | D10: 1102700 | E10: 마루틴주사 1A(낱알반품용)(위탁:휴온스) | F10: 마루틴주사
B11: =C11&D11 -> 케미컬1102702 | C11: 케미컬 | D11: 1102702 | E11: 마루틴주사 25A(위탁:휴온스) | F11: 마루틴주사
B12: =C12&D12 -> 케미컬1102800 | C12: 케미컬 | D12: 1102800 | E12: 누코미트액 1A(낱알반품용)(위탁:휴온스) | F12: 누코미트액
B13: =C13&D13 -> 케미컬1102801 | C13: 케미컬 | D13: 1102801 | E13: 누코미트액 10A(위탁:휴온스) | F13: 누코미트액
B14: =C14&D14 -> 케미컬1200200 | C14: 케미컬 | D14: 1200200 | E14: 타미풀주사 1V(낱알반품용) | F14: 타미풀주사
... B1349: =C1349&D1349 -> PFS상업3022113 | C1349: PFS상업 | D1349: 3022113 | E1349: CT-P17 20mg PFS UK 2 Syringe/Carton | F1349: 유플라이마
B1350: =C1350&D1350 -> CMO용역CT-G07 | C1350: CMO용역 | D1350: CT-G07 | E1350: =D1350 -> CT-G07 | F1350: =E1350 -> CT-G07
B1351: =C1351&D1351 -> CMO용역CT-G29 | C1351: CMO용역 | D1351: CT-G29 | E1351: =D1351 -> CT-G29 | F1351: =E1351 -> CT-G29
B1352: =C1352&D1352 -> 내재화용역CT-M01 | C1352: 내재화용역 | D1352: CT-M01 | E1352: =D1352 -> CT-M01 | F1352: =E1352 -> CT-M01
B1353: =C1353&D1353 -> 내재화용역CT-M02 | C1353: 내재화용역 | D1353: CT-M02 | E1353: =D1353 -> CT-M02 | F1353: =E1353 -> CT-M02
B1354: =C1354&D1354 -> 내재화용역CT-M03 | C1354: 내재화용역 | D1354: CT-M03 | E1354: =D1354 -> CT-M03 | F1354: =E1354 -> CT-M03
B1355: =C1355&D1355 -> 내재화용역CT-M04 | C1355: 내재화용역 | D1355: CT-M04 | E1355: =D1355 -> CT-M04 | F1355: =E1355 -> CT-M04
B1356: =C1356&D1356 -> 내재화용역CT-M05 | C1356: 내재화용역 | D1356: CT-M05 | E1356: =D1356 -> CT-M05 | F1356: =E1356 -> CT-M05
B1357: =C1357&D1357 -> 내재화용역CT-M06 | C1357: 내재화용역 | D1357: CT-M06 | E1357: =D1357 -> CT-M06 | F1357: =E1357 -> CT-M06
B1358: =C1358&D1358 -> 내재화용역CT-M08 | C1358: 내재화용역 | D1358: CT-M08 | E1358: =D1358 -> CT-M08 | F1358: =E1358 -> CT-M08
B1359: =C1359&D1359 -> LCM용역CT-L01 | C1359: LCM용역 | D1359: CT-L01 | E1359: =D1359 -> CT-L01 | F1359: =E1359 -> CT-L01
B1360: =C1360&D1360 -> LCM용역CT-L02 | C1360: LCM용역 | D1360: CT-L02 | E1360: =D1360 -> CT-L02 | F1360: =E1360 -> CT-L02
B1361: =C1361&D1361 -> LCM용역CT-L03 | C1361: LCM용역 | D1361: CT-L03 | E1361: =D1361 -> CT-L03 | F1361: =E1361 -> CT-L03
... B1364: =C1364&D1364 -> LCM용역CT-L06 | C1364: LCM용역 | D1364: CT-L06 | E1364: =D1364 -> CT-L06 | F1364: =E1364 -> CT-L06
B1365: =C1365&D1365
B1366: =C1366&D1366
B1367: =C1367&D1367
B1368: =C1368&D1368
B1369: =C1369&D1369
B1370: =C1370&D1370
B1371: =C1371&D1371
B1372: =C1372&D1372
B1373: =C1373&D1373
B1374: =C1374&D1374
B1375: =C1375&D1375
B1376: =C1376&D1376
... B1442: =C1442&D1442

Sheet Revision History
B2: No | C2: Reason Of Change | D2: Date | E2: Revised by
B3: 1 | C3: - 개발용역 및 매출 취합 - PFS 단가 중위값 적용 - 24 VS 25 비교 만듬 | D3: 45559 | E3: 운영지원팀 김정호 생산관리팀 이성운 운영지원팀 박교민
B4: 2 | C4: - 개발용역 마사지 | D4: 45561 | E4: 운영지원팀 김정호

Sheet PFS 요약
B1: ◈ 25년 PFS Rolling 매출 예상(24.09.23)
B2: 1. 9/23 사업계획 생산계획 기준 25년 상업 매출
A3: 2. (25년 매출인식) 충전: 생산월 +1개월 / 조립: 생산월 +0.5개월 / 포장: 당월매출
A4: (26년 매출인식) 충전: 전분기 1/3 + 당분기 2/3 / 조립: 생산월 전분기 1/6 + 당분기 5/6 / 포장: 당분기 매출
A5: (27년 매출인식) 충전/조립/포장: 생산, 매출 동일 인식
A6: 3. 포장은 보수적으로 4Pack 기준 단가로 산정
M8: 2025년 생산수량(시린지)
B9: 구분 | C9: 사업부 | D9: 공정 | E9: 1월 | F9: 2월 | G9: 3월 | H9: 1분기 | I9: 4월 | J9: 5월 | K9: 6월 | L9: 2분기 | M9: 7월 | N9: 8월 | O9: 9월 | P9: 3분기 | Q9: 10월 | R9: 11월 | S9: 12월 | T9: 4분기 | U9: Total
B10: 8월 Fcst 기반 | C10: PFS상업 | D10: 충전 | E10: =+'(PFS CMO) PFS 생산배치수_240923'!J60 -> 40000 | F10: =+'(PFS CMO) PFS 생산배치수_240923'!K60 -> 929000 | G10: =+'(PFS CMO) PFS 생산배치수_240923'!L60 -> 1430000 | H10: =SUM(E10:G10) -> 2399000 | I10: =+'(PFS CMO) PFS 생산배치수_240923'!M60 -> 930000 | J10: =+'(PFS CMO) PFS 생산배치수_240923'!N60 -> 750000 | K10: =+'(PFS CMO) PFS 생산배치수_240923'!O60 -> 52000 | L10: =SUM(I10:K10) -> 1732000 | M10: =+'(PFS CMO) PFS 생산배치수_240923'!P60 -> 710000 | N10: =+'(PFS CMO) PFS 생산배치수_240923'!Q60 -> 1396000 | O10: =+'(PFS CMO) PFS 생산배치수_240923'!R60 -> 446000 | P10: =SUM(M10:O10) -> 2552000 | Q10: =+'(PFS CMO) PFS 생산배치수_240923'!S60 -> 638000 | R10: =+'(PFS CMO) PFS 생산배치수_240923'!T60 -> 568000 | S10: =+'(PFS CMO) PFS 생산배치수_240923'!U60 -> 928000 | T10: =SUM(Q10:S10) -> 2134000 | U10: =+H10+L10+P10+T10 -> 8817000
B11: (8/29) | D11: 조립 | E11: =+'(PFS CMO) PFS 생산배치수_240923'!J123 -> 396000 | F11: =+'(PFS CMO) PFS 생산배치수_240923'!K123 -> 102000 | G11: =+'(PFS CMO) PFS 생산배치수_240923'!L123 -> 380000 | H11: =SUM(E11:G11) -> 878000 | I11: =+'(PFS CMO) PFS 생산배치수_240923'!M123 -> 812000 | J11: =+'(PFS CMO) PFS 생산배치수_240923'!N123 -> 798000 | K11: =+'(PFS CMO) PFS 생산배치수_240923'!O123 -> 784000 | L11: =SUM(I11:K11) -> 2394000 | M11: =+'(PFS CMO) PFS 생산배치수_240923'!P123 -> 760000 | N11: =+'(PFS CMO) PFS 생산배치수_240923'!Q123 -> 782000 | O11: =+'(PFS CMO) PFS 생산배치수_240923'!R123 -> 750000 | P11: =SUM(M11:O11) -> 2292000 | Q11: =+'(PFS CMO) PFS 생산배치수_240923'!S123 -> 746000 | R11: =+'(PFS CMO) PFS 생산배치수_240923'!T123 -> 648000 | S11: =+'(PFS CMO) PFS 생산배치수_240923'!U123 -> 428000 | T11: =SUM(Q11:S11) -> 1822000 | U11: =+H11+L11+P11+T11 -> 7386000
D12: 포장 | E12: =+'(PFS CMO) PFS 생산배치수_240923'!#REF!+'(PFS CMO) PFS 생산배치수_240923'!#REF! -> #REF! | F12: =+'(PFS CMO) PFS 생산배치수_240923'!#REF!+'(PFS CMO) PFS 생산배치수_240923'!#REF! -> #REF! | G12: =+'(PFS CMO) PFS 생산배치수_240923'!#REF!+'(PFS CMO) PFS 생산배치수_240923'!#REF! -> #REF! | H12: =SUM(E12:G12) -> #REF! | I12: =+'(PFS CMO) PFS 생산배치수_240923'!#REF!+'(PFS CMO) PFS 생산배치수_240923'!#REF! -> #REF! | J12: =+'(PFS CMO) PFS 생산배치수_240923'!#REF!+'(PFS CMO) PFS 생산배치수_240923'!#REF! -> #REF! | K12: =+'(PFS CMO) PFS 생산배치수_240923'!#REF!+'(PFS CMO) PFS 생산배치수_240923'!#REF! -> #REF! | L12: =SUM(I12:K12) -> #REF! | M12: =+'(PFS CMO) PFS 생산배치수_240923'!#REF!+'(PFS CMO) PFS 생산배치수_240923'!#REF! -> #REF! | N12: =+'(PFS CMO) PFS 생산배치수_240923'!#REF!+'(PFS CMO) PFS 생산배치수_240923'!#REF! -> #REF! | O12: =+'(PFS CMO) PFS 생산배치수_240923'!#REF!+'(PFS CMO) PFS 생산배치수_240923'!#REF! -> #REF! | P12: =SUM(M12:O12) -> #REF! | Q12: =+'(PFS CMO) PFS 생산배치수_240923'!#REF!+'(PFS CMO) PFS 생산배치수_240923'!#REF! -> #REF! | R12: =+'(PFS CMO) PFS 생산배치수_240923'!#REF!+'(PFS CMO) PFS 생산배치수_240923'!#REF! -> #REF! | S12: =+'(PFS CMO) PFS 생산배치수_240923'!#REF!+'(PFS CMO) PFS 생산배치수_240923'!#REF! -> #REF! | T12: =SUM(Q12:S12) -> #REF! | U12: =+H12+L12+P12+T12 -> #REF!
E13: =SUM(E10:E12) -> #REF! | F13: =SUM(F10:F12) -> #REF! | G13: =SUM(G10:G12) -> #REF! | H13: =SUM(E13:G13) -> #REF! | I13: =SUM(I10:I12) -> #REF! | J13: =SUM(J10:J12) -> #REF! | K13: =SUM(K10:K12) -> #REF! | L13: =SUM(I13:K13) -> #REF! | M13: =SUM(M10:M12) -> #REF! | N13: =SUM(N10:N12) -> #REF! | O13: =SUM(O10:O12) -> #REF! | P13: =SUM(M13:O13) -> #REF! | Q13: =SUM(Q10:Q12) -> #REF! | R13: =SUM(R10:R12) -> #REF! | S13: =SUM(S10:S12) -> #REF! | T13: =SUM(Q13:S13) -> #REF! | U13: =+H13+L13+P13+T13 -> #REF!
B14: 미래성장팀 물량 | C14: PFS상업 | D14: 충전 | E14: =+'미래성장팀 기반 생산배치수_240829'!J57 -> 40000 | F14: =+'미래성장팀 기반 생산배치수_240829'!K57 -> 222000 | G14: =+'미래성장팀 기반 생산배치수_240829'!L57 -> 1451000 | H14: =SUM(E14:G14) -> 1713000 | I14: =+'미래성장팀 기반 생산배치수_240829'!M57 -> 683000 | J14: =+'미래성장팀 기반 생산배치수_240829'!N57 -> 697000 | K14: =+'미래성장팀 기반 생산배치수_240829'!O57 -> 60000 | L14: =SUM(I14:K14) -> 1440000 | M14: =+'미래성장팀 기반 생산배치수_240829'!P57 -> 261000 | N14: =+'미래성장팀 기반 생산배치수_240829'!Q57 -> 339000 | O14: =+'미래성장팀 기반 생산배치수_240829'!R57 -> 118000 | P14: =SUM(M14:O14) -> 718000 | Q14: =+'미래성장팀 기반 생산배치수_240829'!S57 -> 170000 | R14: =+'미래성장팀 기반 생산배치수_240829'!T57 -> 131000 | S14: =+'미래성장팀 기반 생산배치수_240829'!U57 -> 0 | T14: =SUM(Q14:S14) -> 301000 | U14: =+H14+L14+P14+T14 -> 4172000
B15: (8/29) | D15: 조립 | E15: =+'미래성장팀 기반 생산배치수_240829'!J124 -> 408000 | F15: =+'미래성장팀 기반 생산배치수_240829'!K124 -> 40000 | G15: =+'미래성장팀 기반 생산배치수_240829'!L124 -> 60000 | H15: =SUM(E15:G15) -> 508000 | I15: =+'미래성장팀 기반 생산배치수_240829'!M124 -> 1210000 | J15: =+'미래성장팀 기반 생산배치수_240829'!N124 -> 700000 | K15: =+'미래성장팀 기반 생산배치수_240829'!O124 -> 620000 | L15: =SUM(I15:K15) -> 2530000 | M15: =+'미래성장팀 기반 생산배치수_240829'!P124 -> 60000 | N15: =+'미래성장팀 기반 생산배치수_240829'!Q124 -> 40000 | O15: =+'미래성장팀 기반 생산배치수_240829'!R124 -> 40000 | P15: =SUM(M15:O15) -> 140000 | Q15: =+'미래성장팀 기반 생산배치수_240829'!S124 -> 40000 | R15: =+'미래성장팀 기반 생산배치수_240829'!T124 -> 40000 | S15: =+'미래성장팀 기반 생산배치수_240829'!U124 -> 40000 | T15: =SUM(Q15:S15) -> 120000 | U15: =+H15+L15+P15+T15 -> 3298000
D16: 포장 | E16: =+'미래성장팀 기반 생산배치수_240829'!W186+'미래성장팀 기반 생산배치수_240829'!W244 -> 256000 | F16: =+'미래성장팀 기반 생산배치수_240829'!X186+'미래성장팀 기반 생산배치수_240829'!X244 -> 20000 | G16: =+'미래성장팀 기반 생산배치수_240829'!Y186+'미래성장팀 기반 생산배치수_240829'!Y244 -> 102000 | H16: =SUM(E16:G16) -> 378000 | I16: =+'미래성장팀 기반 생산배치수_240829'!Z186+'미래성장팀 기반 생산배치수_240829'!Z244 -> 312000 | J16: =+'미래성장팀 기반 생산배치수_240829'!AA186+'미래성장팀 기반 생산배치수_240829'!AA244 -> 312000 | K16: =+'미래성장팀 기반 생산배치수_240829'!AB186+'미래성장팀 기반 생산배치수_240829'!AB244 -> 312000 | L16: =SUM(I16:K16) -> 936000 | M16: =+'미래성장팀 기반 생산배치수_240829'!AC186+'미래성장팀 기반 생산배치수_240829'!AC244 -> 432000 | N16: =+'미래성장팀 기반 생산배치수_240829'!AD186+'미래성장팀 기반 생산배치수_240829'!AD244 -> 426000 | O16: =+'미래성장팀 기반 생산배치수_240829'!AE186+'미래성장팀 기반 생산배치수_240829'!AE244 -> 411000 | P16: =SUM(M16:O16) -> 1269000 | Q16: =+'미래성장팀 기반 생산배치수_240829'!AF186+'미래성장팀 기반 생산배치수_240829'!AF244 -> 150000 | R16: =+'미래성장팀 기반 생산배치수_240829'!AG186+'미래성장팀 기반 생산배치수_240829'!AG244 -> 150000 | S16: =+'미래성장팀 기반 생산배치수_240829'!AH186+'미래성장팀 기반 생산배치수_240829'!AH244 -> 111000 | T16: =SUM(Q16:S16) -> 411000 | U16: =+H16+L16+P16+T16 -> 2994000
E17: =SUM(E14:E16) -> 704000 | F17: =SUM(F14:F16) -> 282000 | G17: =SUM(G14:G16) -> 1613000 | H17: =SUM(E17:G17) -> 2599000 | I17: =SUM(I14:I16) -> 2205000 | J17: =SUM(J14:J16) -> 1709000 | K17: =SUM(K14:K16) -> 992000 | L17: =SUM(I17:K17) -> 4906000 | M17: =SUM(M14:M16) -> 753000 | N17: =SUM(N14:N16) -> 805000 | O17: =SUM(O14:O16) -> 569000 | P17: =SUM(M17:O17) -> 2127000 | Q17: =SUM(Q14:Q16) -> 360000 | R17: =SUM(R14:R16) -> 321000 | S17: =SUM(S14:S16) -> 151000 | T17: =SUM(Q17:S17) -> 832000 | U17: =+H17+L17+P17+T17 -> 10464000
B18: Gap | C18: PFS상업 | D18: 충전 | E18: =+E14-E10 -> 0 | F18: =+F14-F10 -> -707000 | G18: =+G14-G10 -> 21000 | H18: =SUM(E18:G18) -> -686000 | I18: =+I14-I10 -> -247000 | J18: =+J14-J10 -> -53000 | K18: =+K14-K10 -> 8000 | L18: =SUM(I18:K18) -> -292000 | M18: =+M14-M10 -> -449000 | N18: =+N14-N10 -> -1057000 | O18: =+O14-O10 -> -328000 | P18: =SUM(M18:O18) -> -1834000 | Q18: =+Q14-Q10 -> -468000 | R18: =+R14-R10 -> -437000 | S18: =+S14-S10 -> -928000 | T18: =SUM(Q18:S18) -> -1833000 | U18: =+H18+L18+P18+T18 -> -4645000
D19: 조립 | E19: =+E15-E11 -> 12000 | F19: =+F15-F11 -> -62000 | G19: =+G15-G11 -> -320000 | H19: =SUM(E19:G19) -> -370000 | I19: =+I15-I11 -> 398000 | J19: =+J15-J11 -> -98000 | K19: =+K15-K11 -> -164000 | L19: =SUM(I19:K19) -> 136000 | M19: =+M15-M11 -> -700000 | N19: =+N15-N11 -> -742000 | O19: =+O15-O11 -> -710000 | P19: =SUM(M19:O19) -> -2152000 | Q19: =+Q15-Q11 -> -706000 | R19: =+R15-R11 -> -608000 | S19: =+S15-S11 -> -388000 | T19: =SUM(Q19:S19) -> -1702000 | U19: =+H19+L19+P19+T19 -> -4088000
D20: 포장 | E20: =+E16-E12 -> #REF! | F20: =+F16-F12 -> #REF! | G20: =+G16-G12 -> #REF! | H20: =SUM(E20:G20) -> #REF! | I20: =+I16-I12 -> #REF! | J20: =+J16-J12 -> #REF! | K20: =+K16-K12 -> #REF! | L20: =SUM(I20:K20) -> #REF! | M20: =+M16-M12 -> #REF! | N20: =+N16-N12 -> #REF! | O20: =+O16-O12 -> #REF! | P20: =SUM(M20:O20) -> #REF! | Q20: =+Q16-Q12 -> #REF! | R20: =+R16-R12 -> #REF! | S20: =+S16-S12 -> #REF! | T20: =SUM(Q20:S20) -> #REF! | U20: =+H20+L20+P20+T20 -> #REF!
E21: =SUM(E18:E20) -> #REF! | F21: =SUM(F18:F20) -> #REF! | G21: =SUM(G18:G20) -> #REF! | H21: =SUM(E21:G21) -> #REF! | I21: =SUM(I18:I20) -> #REF! | J21: =SUM(J18:J20) -> #REF! | K21: =SUM(K18:K20) -> #REF! | L21: =SUM(I21:K21) -> #REF! | M21: =SUM(M18:M20) -> #REF! | N21: =SUM(N18:N20) -> #REF! | O21: =SUM(O18:O20) -> #REF! | P21: =SUM(M21:O21) -> #REF! | Q21: =SUM(Q18:Q20) -> #REF! | R21: =SUM(R18:R20) -> #REF! | S21: =SUM(S18:S20) -> #REF! | T21: =SUM(Q21:S21) -> #REF! | U21: =+H21+L21+P21+T21 -> #REF!
AA22: (단위: 억원)
M23: 2025년 | X23: 2026년 | AA23: 2027년
B24: 구분 | C24: 사업부 | D24: 공정 | E24: 1월 | F24: 2월 | G24: 3월 | H24: 1분기 | I24: 4월 | J24: 5월 | K24: 6월 | L24: 2분기 | M24: 7월 | N24: 8월 | O24: 9월 | P24: 3분기 | Q24: 10월 | R24: 11월 | S24: 12월 | T24: 4분기 | U24: Total | V24: 1분기 | W24: 2분기 | X24: 3분기 | Y24: 4분기 | Z24: Total | AA24: Total
B25: 사업계획 | C25: PFS상업 | D25: 충전 | E25: =(+#REF!)/100000000 -> #REF! | F25: =(+#REF!)/100000000 -> #REF! | G25: =(+#REF!)/100000000 -> #REF! | H25: =SUM(E25:G25) -> #REF! | I25: =(+#REF!)/100000000 -> #REF! | J25: =(+#REF!)/100000000 -> #REF! | K25: =(+#REF!)/100000000 -> #REF! | L25: =SUM(I25:K25) -> #REF! | M25: =(+#REF!)/100000000 -> #REF! | N25: =(+#REF!)/100000000 -> #REF! | O25: =(+#REF!)/100000000 -> #REF! | P25: =SUM(M25:O25) -> #REF! | Q25: =(+#REF!)/100000000 -> #REF! | R25: =(+#REF!)/100000000 -> #REF! | S25: =(+#REF!)/100000000 -> #REF! | T25: =SUM(Q25:S25) -> #REF! | U25: =+H25+L25+P25+T25 -> #REF! | V25: =(+#REF!)/100000000 -> #REF! | W25: =(+#REF!)/100000000 -> #REF! | X25: =(+#REF!)/100000000 -> #REF! | Y25: =(+#REF!)/100000000 -> #REF! | Z25: =SUM(V25:Y25) -> #REF! | AA25: =(+#REF!)/100000000 -> #REF!
B26: (9/23) | D26: 조립 | E26: =(+#REF!)/100000000 -> #REF! | F26: =(+#REF!)/100000000 -> #REF! | G26: =(+#REF!)/100000000 -> #REF! | H26: =SUM(E26:G26) -> #REF! | I26: =(+#REF!)/100000000 -> #REF! | J26: =(+#REF!)/100000000 -> #REF! | K26: =(+#REF!)/100000000 -> #REF! | L26: =SUM(I26:K26) -> #REF! | M26: =(+#REF!)/100000000 -> #REF! | N26: =(+#REF!)/100000000 -> #REF! | O26: =(+#REF!)/100000000 -> #REF! | P26: =SUM(M26:O26) -> #REF! | Q26: =(+#REF!)/100000000 -> #REF! | R26: =(+#REF!)/100000000 -> #REF! | S26: =(+#REF!)/100000000 -> #REF! | T26: =SUM(Q26:S26) -> #REF! | U26: =+H26+L26+P26+T26 -> #REF! | V26: =(+#REF!)/100000000 -> #REF! | W26: =(+#REF!)/100000000 -> #REF! | X26: =(+#REF!)/100000000 -> #REF! | Y26: =(+#REF!)/100000000 -> #REF! | Z26: =SUM(V26:Y26) -> #REF! | AA26: =(+#REF!)/100000000 -> #REF!
D27: 포장 | E27: =(+#REF!)/100000000 -> #REF! | F27: =(+#REF!)/100000000 -> #REF! | G27: =(+#REF!)/100000000 -> #REF! | H27: =SUM(E27:G27) -> #REF! | I27: =(+#REF!)/100000000 -> #REF! | J27: =(+#REF!)/100000000 -> #REF! | K27: =(+#REF!)/100000000 -> #REF! | L27: =SUM(I27:K27) -> #REF! | M27: =(+#REF!)/100000000 -> #REF! | N27: =(+#REF!)/100000000 -> #REF! | O27: =(+#REF!)/100000000 -> #REF! | P27: =SUM(M27:O27) -> #REF! | Q27: =(+#REF!)/100000000 -> #REF! | R27: =(+#REF!)/100000000 -> #REF! | S27: =(+#REF!)/100000000 -> #REF! | T27: =SUM(Q27:S27) -> #REF! | U27: =+H27+L27+P27+T27 -> #REF! | V27: =(+#REF!)/100000000 -> #REF! | W27: =(+#REF!)/100000000 -> #REF! | X27: =(+#REF!)/100000000 -> #REF! | Y27: =(+#REF!)/100000000 -> #REF! | Z27: =SUM(V27:Y27) -> #REF! | AA27: =(+#REF!)/100000000 -> #REF!
E28: =SUM(E25:E27) -> #REF! | F28: =SUM(F25:F27) -> #REF! | G28: =SUM(G25:G27) -> #REF! | H28: =SUM(E28:G28) -> #REF! | I28: =SUM(I25:I27) -> #REF! | J28: =SUM(J25:J27) -> #REF! | K28: =SUM(K25:K27) -> #REF! | L28: =SUM(I28:K28) -> #REF! | M28: =SUM(M25:M27) -> #REF! | N28: =SUM(N25:N27) -> #REF! | O28: =SUM(O25:O27) -> #REF! | P28: =SUM(M28:O28) -> #REF! | Q28: =SUM(Q25:Q27) -> #REF! | R28: =SUM(R25:R27) -> #REF! | S28: =SUM(S25:S27) -> #REF! | T28: =SUM(Q28:S28) -> #REF! | U28: =+H28+L28+P28+T28 -> #REF! | V28: =SUM(V25:V27) -> #REF! | W28: =SUM(W25:W27) -> #REF! | X28: =SUM(X25:X27) -> #REF! | Y28: =SUM(Y25:Y27) -> #REF! | Z28: =SUM(V28:Y28) -> #REF! | AA28: =SUM(AA25:AA27) -> #REF!
C29: L&P 상업 | E29: =(+#REF!)/100000000 -> #REF! | F29: =(+#REF!)/100000000 -> #REF! | G29: =(+#REF!)/100000000 -> #REF! | H29: =SUM(E29:G29) -> #REF! | I29: =(+#REF!)/100000000 -> #REF! | J29: =(+#REF!)/100000000 -> #REF! | K29: =(+#REF!)/100000000 -> #REF! | L29: =SUM(I29:K29) -> #REF! | M29: =(+#REF!)/100000000 -> #REF! | N29: =(+#REF!)/100000000 -> #REF! | O29: =(+#REF!)/100000000 -> #REF! | P29: =SUM(M29:O29) -> #REF! | Q29: =(+#REF!)/100000000 -> #REF! | R29: =(+#REF!)/100000000 -> #REF! | S29: =(+#REF!)/100000000 -> #REF! | T29: =SUM(Q29:S29) -> #REF! | U29: =+H29+L29+P29+T29 -> #REF! | V29: =(+#REF!)/100000000 -> #REF! | W29: =(+#REF!)/100000000 -> #REF! | X29: =(+#REF!)/100000000 -> #REF! | Y29: =(+#REF!)/100000000 -> #REF! | Z29: =SUM(V29:Y29) -> #REF! | AA29: =(+#REF!)/100000000 -> #REF!
E30: =+E28+E29 -> #REF! | F30: =+F28+F29 -> #REF! | G30: =+G28+G29 -> #REF! | H30: =+H28+H29 -> #REF! | I30: =+I28+I29 -> #REF! | J30: =+J28+J29 -> #REF! | K30: =+K28+K29 -> #REF! | L30: =+L28+L29 -> #REF! | ... Y30: =+Y28+Y29 -> #REF! | Z30: =SUM(V30:Y30) -> #REF! | AA30: =+AA28+AA29 -> #REF!
C31: PFS상업 | D31: 충전 | E31: =(+#REF!)/100000000 -> #REF! | F31: =(+#REF!)/100000000 -> #REF! | G31: =(+#REF!)/100000000 -> #REF! | H31: =SUM(E31:G31) -> #REF! | I31: =(+#REF!)/100000000 -> #REF! | J31: =(+#REF!)/100000000 -> #REF! | K31: =(+#REF!)/100000000 -> #REF! | L31: =SUM(I31:K31) -> #REF! | M31: =(+#REF!)/100000000 -> #REF! | N31: =(+#REF!)/100000000 -> #REF! | O31: =(+#REF!)/100000000 -> #REF! | P31: =SUM(M31:O31) -> #REF! | Q31: =(+#REF!)/100000000 -> #REF! | R31: =(+#REF!)/100000000 -> #REF! | S31: =(+#REF!)/100000000 -> #REF! | T31: =SUM(Q31:S31) -> #REF! | U31: =+H31+L31+P31+T31 -> #REF! | V31: =(+#REF!)/100000000 -> #REF! | W31: =(+#REF!)/100000000 -> #REF! | X31: =(+#REF!)/100000000 -> #REF! | Y31: =(+#REF!)/100000000 -> #REF! | Z31: =SUM(V31:Y31) -> #REF! | AA31: =(+#REF!)/100000000 -> #REF!
D32: 조립 | E32: =(+#REF!)/100000000 -> #REF! | F32: =(+#REF!)/100000000 -> #REF! | G32: =(+#REF!)/100000000 -> #REF! | H32: =SUM(E32:G32) -> #REF! | I32: =(+#REF!)/100000000 -> #REF! | J32: =(+#REF!)/100000000 -> #REF! | K32: =(+#REF!)/100000000 -> #REF! | L32: =SUM(I32:K32) -> #REF! | M32: =(+#REF!)/100000000 -> #REF! | N32: =(+#REF!)/100000000 -> #REF! | O32: =(+#REF!)/100000000 -> #REF! | P32: =SUM(M32:O32) -> #REF! | Q32: =(+#REF!)/100000000 -> #REF! | R32: =(+#REF!)/100000000 -> #REF! | S32: =(+#REF!)/100000000 -> #REF! | T32: =SUM(Q32:S32) -> #REF! | U32: =+H32+L32+P32+T32 -> #REF! | V32: =(+#REF!)/100000000 -> #REF! | W32: =(+#REF!)/100000000 -> #REF! | X32: =(+#REF!)/100000000 -> #REF! | Y32: =(+#REF!)/100000000 -> #REF! | Z32: =SUM(V32:Y32) -> #REF! | AA32: =(+#REF!)/100000000 -> #REF!
D33: 포장 | E33: =(+#REF!)/100000000 -> #REF! | F33: =(+#REF!)/100000000 -> #REF! | G33: =(+#REF!)/100000000 -> #REF! | H33: =SUM(E33:G33) -> #REF! | I33: =(+#REF!)/100000000 -> #REF! | J33: =(+#REF!)/100000000 -> #REF! | K33: =(+#REF!)/100000000 -> #REF! | L33: =SUM(I33:K33) -> #REF! | M33: =(+#REF!)/100000000 -> #REF! | N33: =(+#REF!)/100000000 -> #REF! | O33: =(+#REF!)/100000000 -> #REF! | P33: =SUM(M33:O33) -> #REF! | Q33: =(+#REF!)/100000000 -> #REF! | R33: =(+#REF!)/100000000 -> #REF! | S33: =(+#REF!)/100000000 -> #REF! | T33: =SUM(Q33:S33) -> #REF! | U33: =+H33+L33+P33+T33 -> #REF! | V33: =(+#REF!)/100000000 -> #REF! | W33: =(+#REF!)/100000000 -> #REF! | X33: =(+#REF!)/100000000 -> #REF! | Y33: =(+#REF!)/100000000 -> #REF! | Z33: =SUM(V33:Y33) -> #REF! | AA33: =(+#REF!)/100000000 -> #REF!
E34: =SUM(E31:E33) -> #REF! | F34: =SUM(F31:F33) -> #REF! | G34: =SUM(G31:G33) -> #REF! | H34: =SUM(E34:G34) -> #REF! | I34: =SUM(I31:I33) -> #REF! | J34: =SUM(J31:J33) -> #REF! | K34: =SUM(K31:K33) -> #REF! | L34: =SUM(I34:K34) -> #REF! | M34: =SUM(M31:M33) -> #REF! | N34: =SUM(N31:N33) -> #REF! | O34: =SUM(O31:O33) -> #REF! | P34: =SUM(M34:O34) -> #REF! | Q34: =SUM(Q31:Q33) -> #REF! | R34: =SUM(R31:R33) -> #REF! | S34: =SUM(S31:S33) -> #REF! | T34: =SUM(Q34:S34) -> #REF! | U34: =+H34+L34+P34+T34 -> #REF! | V34: =SUM(V31:V33) -> #REF! | W34: =SUM(W31:W33) -> #REF! | X34: =SUM(X31:X33) -> #REF! | Y34: =SUM(Y31:Y33) -> #REF! | Z34: =SUM(V34:Y34) -> #REF! | AA34: =SUM(AA31:AA33) -> #REF!
C35: L&P 상업 | E35: =(+#REF!)/100000000 -> #REF! | F35: =(+#REF!)/100000000 -> #REF! | G35: =(+#REF!)/100000000 -> #REF! | H35: =SUM(E35:G35) -> #REF! | I35: =(+#REF!)/100000000 -> #REF! | J35: =(+#REF!)/100000000 -> #REF! | K35: =(+#REF!)/100000000 -> #REF! | L35: =SUM(I35:K35) -> #REF! | M35: =(+#REF!)/100000000 -> #REF! | N35: =(+#REF!)/100000000 -> #REF! | O35: =(+#REF!)/100000000 -> #REF! | P35: =SUM(M35:O35) -> #REF! | Q35: =(+#REF!)/100000000 -> #REF! | R35: =(+#REF!)/100000000 -> #REF! | S35: =(+#REF!)/100000000 -> #REF! | T35: =SUM(Q35:S35) -> #REF! | U35: =+H35+L35+P35+T35 -> #REF! | V35: =(+#REF!)/100000000 -> #REF! | W35: =(+#REF!)/100000000 -> #REF! | X35: =(+#REF!)/100000000 -> #REF! | Y35: =(+#REF!)/100000000 -> #REF! | Z35: =SUM(V35:Y35) -> #REF! | AA35: =(+#REF!)/100000000 -> #REF!
E36: =+E34+E35 -> #REF! | F36: =+F34+F35 -> #REF! | G36: =+G34+G35 -> #REF! | H36: =+H34+H35 -> #REF! | I36: =+I34+I35 -> #REF! | J36: =+J34+J35 -> #REF! | K36: =+K34+K35 -> #REF! | L36: =+L34+L35 -> #REF! | ... Y36: =+Y34+Y35 -> #REF! | Z36: =SUM(V36:Y36) -> #REF! | AA36: =+AA34+AA35 -> #REF!

Sheet L&P 분석
B2: 구분 | C2: 공정 | D2: 1월 | E2: 2월 | F2: 3월 | G2: 1분기 | H2: 4월 | I2: 5월 | J2: 6월 | K2: 2분기 | L2: 7월 | M2: 8월 | N2: 9월 | O2: 3분기 | P2: 10월 | Q2: 11월 | R2: 12월 | S2: 4분기 | T2: Total | U2: 5~12월
B3: 2월 Fcst | C3: 포장 | D3: 381781 | E3: 198706 | F3: 546656 | G3: =SUM(D3:F3) -> 1127143 | H3: 532322 | I3: 305910 | J3: 155960 | K3: =SUM(H3:J3) -> 994192 | L3: 158300 | M3: 308740 | N3: 277060 | O3: =SUM(L3:N3) -> 744100 | P3: 235500 | Q3: 323920 | R3: 315520 | S3: =SUM(P3:R3) -> 874940 | T3: =+S3+O3+K3+G3 -> 3740375 | U3: =SUM(I3:J3,L3:N3,P3:R3) -> 2080910
B4: 수량 | C4: Delivery | D4: 396589 | E4: 267370 | F4: 409142 | G4: =SUM(D4:F4) -> 1073101 | H4: 509539 | I4: 296460 | J4: 302910 | K4: =SUM(H4:J4) -> 1108909 | L4: 155960 | M4: 158300 | N4: 528740 | O4: =SUM(L4:N4) -> 843000 | P4: 57060 | Q4: 235500 | R4: 451380 | S4: =SUM(P4:R4) -> 743940 | T4: =+S4+O4+K4+G4 -> 3768950 | U4: =SUM(I4:J4,L4:N4,P4:R4) -> 2186310
B5: 5월 Fcst | C5: 포장 | D5: =D3 -> 381781 | E5: =E3 -> 198706 | F5: =F3 -> 546656 | G5: =SUM(D5:F5) -> 1127143 | H5: =H3 -> 532322 | I5: 391443 | J5: 166875 | K5: =SUM(H5:J5) -> 1090640 | L5: 358277 | M5: 211890 | N5: 117060 | O5: =SUM(L5:N5) -> 687227 | P5: 76000 | Q5: 205000 | R5: 107470 | S5: =SUM(P5:R5) -> 388470 | T5: =+S5+O5+K5+G5 -> 3293480 | U5: =SUM(I5:J5,L5:N5,P5:R5) -> 1634015
B6: 수량 | C6: Delivery | D6: =D4 -> 396589 | E6: =E4 -> 267370 | F6: =F4 -> 409142 | G6: =SUM(D6:F6) -> 1073101 | H6: =H4 -> 509539 | I6: 28400 | J6: 448060 | K6: =SUM(H6:J6) -> 985999 | L6: 252320 | M6: 194295 | N6: 205410 | O6: =SUM(L6:N6) -> 652025 | P6: 117060 | Q6: 76000 | R6: 205000 | S6: =SUM(P6:R6) -> 398060 | T6: =+S6+O6+K6+G6 -> 3109185 | U6: =SUM(I6:J6,L6:N6,P6:R6) -> 1526545
B7: Gap | C7: 포장 | D7: =+D5-D3 -> 0 | E7: =+E5-E3 -> 0 | F7: =+F5-F3 -> 0 | G7: =+G5-G3 -> 0 | H7: =+H5-H3 -> 0 | I7: =+I5-I3 -> 85533 | J7: =+J5-J3 -> 10915 | K7: =+K5-K3 -> 96448 | ... T7: =+T5-T3 -> -446895 | U7: =SUM(I7:J7,L7:N7,P7:R7) -> -446895
C8: Delivery | D8: =+D6-D4 -> 0 | E8: =+E6-E4 -> 0 | F8: =+F6-F4 -> 0 | G8: =+G6-G4 -> 0 | H8: =+H6-H4 -> 0 | I8: =+I6-I4 -> -268060 | J8: =+J6-J4 -> 145150 | K8: =+K6-K4 -> -122910 | ... T8: =+T6-T4 -> -659765 | U8: =SUM(I8:J8,L8:N8,P8:R8) -> -659765

Sheet Sheet5
A1: [매출 인식 기준]
B2: 매출액 | C2: 24년 1월 | D2: 24년 2월 | E2: 24년 3월 | F2: 24년 4월 | G2: 24년 5월 | H2: 24년 6월 | I2: 24년 7월 | J2: 24년 8월 | K2: 24년 9월 | L2: 24년 10월 | M2: 24년 11월 | N2: 24년 12월 | O2: 24년 합계
B3: 조립(사) | C3: 1827360000 | D3: 0 | E3: 1827360000 | F3: 1992240000 | G3: 1827360000 | H3: 2313360000 | I3: 1807920000 | J3: 4023360000 | K3: 4585680000 | L3: 3256200000 | M3: 4421880000 | N3: 4072680000 | O3: 31955400000
B4: 조립(RL) | C4: 1827360000 | D4: 0 | E4: 3071160000 | F4: 2172420000 | G4: 213840000 | H4: 131220000 | I4: 0 | J4: 6111360000 | K4: 4485420000 | L4: 2346660000 | M4: 2896200000 | N4: 4295880000 | O4: 27551520000
B5: 차이 | C5: =C4-C3 -> 0 | D5: =D4-D3 -> 0 | E5: =E4-E3 -> 1243800000 | F5: =F4-F3 -> 180180000 | G5: =G4-G3 -> -1613520000 | H5: =H4-H3 -> -2182140000 | I5: =I4-I3 -> -1807920000 | J5: =J4-J3 -> 2088000000 | ... O5: =O4-O3 -> -4403880000
B7: 배치수 | C7: 24년 1월 | D7: 24년 2월 | E7: 24년 3월 | F7: 24년 4월 | G7: 24년 5월 | H7: 24년 6월 | I7: 24년 7월 | J7: 24년 8월 | K7: 24년 9월 | L7: 24년 10월 | M7: 24년 11월 | N7: 24년 12월 | O7: 24년 합계
B8: 조립(사) | C8: 4 | E8: 4 | F8: 4 | G8: 4 | H8: 5 | I8: 4 | J8: 8 | K8: 8 | L8: 7 | M8: 9 | N8: 9 | O8: 66 | P8: 상업: 70배치
B9: 조립(RL) | C9: 4 | E9: 8 | F9: 8 | G9: 3 | H9: 1 | J9: 11 | K9: 11 | L9: 5 | M9: 6 | N9: 9 | O9: 66 | P9: 상업: 67배치, 개발: 13배치
B10: 차이 | C10: =C9-C8 -> 0 | D10: =D9-D8 -> 0 | E10: =E9-E8 -> 4 | F10: =F9-F8 -> 4 | G10: =G9-G8 -> -1 | H10: =H9-H8 -> -4 | I10: =I9-I8 -> -4 | J10: =J9-J8 -> 3 | ... O10: =O9-O8 -> 0
B12: 수량 | C12: 24년 1월 | D12: 24년 2월 | E12: 24년 3월 | F12: 24년 4월 | G12: 24년 5월 | H12: 24년 6월 | I12: 24년 7월 | J12: 24년 8월 | K12: 24년 9월 | L12: 24년 10월 | M12: 24년 11월 | N12: 24년 12월 | O12: 24년 합계
B13: 조립(사) | C13: 338400 | D13: 0 | E13: 338400 | F13: 345600 | G13: 338400 | H13: 428400 | I13: 334800 | J13: 698400 | K13: 709200 | L13: 603000 | M13: 772200 | N13: 754200 | O13: 5661000
B14: 조립(RL) | C14: 338400 | D14: 0 | E14: 545400 | F14: 402300 | G14: 39600 | H14: 24300 | I14: 0 | J14: 968400 | K14: 807300 | L14: 387900 | M14: 513000 | N14: 772200 | O14: 4798800
B15: 차이 | C15: =C14-C13 -> 0 | D15: =D14-D13 -> 0 | E15: =E14-E13 -> 207000 | F15: =F14-F13 -> 56700 | G15: =G14-G13 -> -298800 | H15: =H14-H13 -> -404100 | I15: =I14-I13 -> -334800 | J15: =J14-J13 -> 270000 | ... O15: =O14-O13 -> -862200
O17: =+O15*5400 -> -4655880000

Sheet ▶Raw(매출)

Sheet 미사용양식
R1: 작성일 : 24.12.02
B2: ▣ 제약 25년 용역 매출
R3: 단위:억원
B4: 구분 | C4: 사업 | F4: 2024년 | K4: 2025년 | N4: 분기별 GAP (25년-24년)
D5: 1Q | E5: 2Q | F5: 3Q | G5: 4Q | H5: 합계 | I5: 1Q | J5: 2Q | K5: 3Q | L5: 4Q | M5: 합계 | N5: 1Q | O5: 2Q | P5: 3Q | Q5: 4Q | R5: 합계
B6: 기존 사업계획 | C6: 케키멀상업 | D6: 86.421012 | E6: 16.423713 | F6: 30.226044 | G6: 68.371045 | H6: =SUM(D6:G6) -> 201.44181 | I6: 31.153339 | J6: 26.828009 | K6: 49.302871 | L6: 42.777924 | M6: =SUM(I6:L6) -> 150.06214 | N6: =I6-D6 -> -55.267672 | O6: =J6-E6 -> 10.404296 | P6: =K6-F6 -> 19.076827 | Q6: =L6-G6 -> -25.593121 | R6: =SUM(N6:Q6) -> -51.37967
C7: 바이오상업 | D7: 165.62409 | E7: 215.12419 | F7: 354.56078 | G7: 253.67298 | H7: =SUM(D7:G7) -> 988.98204 | I7: 191.73412 | J7: 330.70948 | K7: 281.30478 | L7: 249.70076 | M7: =SUM(I7:L7) -> 1053.4491 | N7: =I7-D7 -> 26.110031 | O7: =J7-E7 -> 115.58529 | P7: =K7-F7 -> -73.256001 | Q7: =L7-G7 -> -3.9722221 | R7: =SUM(N7:Q7) -> 64.467092
C8: 개발용역 | D8: 17.592843 | E8: 44.728598 | F8: 24.92661 | G8: 16.219958 | H8: =SUM(D8:G8) -> 103.46801 | I8: 46.8425 | J8: 0 | K8: 36.85625 | L8: 20.1425 | M8: =SUM(I8:L8) -> 103.84125 | N8: =I8-D8 -> 29.249657 | O8: =J8-E8 -> -44.728598 | P8: =K8-F8 -> 11.92964 | Q8: =L8-G8 -> 3.9225421 | R8: =SUM(N8:Q8) -> 0.37324132
C9: 합 | D9: =SUM(D6:D8) -> 269.63794 | E9: =SUM(E6:E8) -> 276.27651 | F9: =SUM(F6:F8) -> 409.71343 | G9: =SUM(G6:G8) -> 338.26398 | H9: =SUM(H6:H8) -> 1293.8919 | I9: =SUM(I6:I8) -> 269.72996 | J9: =SUM(J6:J8) -> 357.53749 | K9: =SUM(K6:K8) -> 367.4639 | ... R9: =SUM(R6:R8) -> 13.460663
B10: 11/29 재평가 | C10: 케키멀상업 | D10: 86.421012 | E10: 16.423713 | F10: 30.226044 | G10: 68.371045 | H10: =SUM(D10:G10) -> 201.44181 | I10: 31.153339 | J10: 26.828009 | K10: 49.302871 | L10: 42.777924 | M10: =SUM(I10:L10) -> 150.06214 | N10: =I10-D10 -> -55.267672 | O10: =J10-E10 -> 10.404296 | P10: =K10-F10 -> 19.076827 | Q10: =L10-G10 -> -25.593121 | R10: =SUM(N10:Q10) -> -51.37967
C11: 바이오상업 | D11: 165.62409 | E11: 215.12419 | F11: 354.56078 | G11: 253.67298 | H11: =SUM(D11:G11) -> 988.98204 | M11: =SUM(I11:L11) -> 0 | N11: =I11-D11 -> -165.62409 | O11: =J11-E11 -> -215.12419 | P11: =K11-F11 -> -354.56078 | Q11: =L11-G11 -> -253.67298 | R11: =SUM(N11:Q11) -> -988.98204
C12: 개발용역 | D12: 17.592843 | E12: 44.728598 | F12: 24.92661 | G12: 16.219958 | H12: =SUM(D12:G12) -> 103.46801 | I12: 46.8425 | J12: 0 | K12: 36.85625 | L12: 20.1425 | M12: =SUM(I12:L12) -> 103.84125 | N12: =I12-D12 -> 29.249657 | O12: =J12-E12 -> -44.728598 | P12: =K12-F12 -> 11.92964 | Q12: =L12-G12 -> 3.9225421 | R12: =SUM(N12:Q12) -> 0.37324132
C13: 합 | D13: =SUM(D10:D12) -> 269.63794 | E13: =SUM(E10:E12) -> 276.27651 | F13: =SUM(F10:F12) -> 409.71343 | G13: =SUM(G10:G12) -> 338.26398 | H13: =SUM(H10:H12) -> 1293.8919 | I13: =SUM(I10:I12) -> 77.995839 | J13: =SUM(J10:J12) -> 26.828009 | K13: =SUM(K10:K12) -> 86.159121 | ... R13: =SUM(R10:R12) -> -1039.9885
B14: GAP | C14: 케키멀상업 | D14: =D10-D6 -> 0 | E14: =E10-E6 -> 0 | F14: =F10-F6 -> 0 | G14: =G10-G6 -> 0 | H14: =H10-H6 -> 0 | I14: =I10-I6 -> 0 | J14: =J10-J6 -> 0 | K14: =K10-K6 -> 0 | ... R14: =R10-R6 -> 0
C15: 바이오상업 | D15: =D11-D7 -> 0 | E15: =E11-E7 -> 0 | F15: =F11-F7 -> 0 | G15: =G11-G7 -> 0 | H15: =H11-H7 -> 0 | I15: =I11-I7 -> -191.73412 | J15: =J11-J7 -> -330.70948 | K15: =K11-K7 -> -281.30478 | ... R15: =R11-R7 -> -1053.4491
C16: 개발용역 | D16: =D12-D8 -> 0 | E16: =E12-E8 -> 0 | F16: =F12-F8 -> 0 | G16: =G12-G8 -> 0 | H16: =H12-H8 -> 0 | I16: =I12-I8 -> 0 | J16: =J12-J8 -> 0 | K16: =K12-K8 -> 0 | ... R16: =R12-R8 -> 0
C17: 합 | D17: =D13-D9 -> 0 | E17: =E13-E9 -> 0 | F17: =F13-F9 -> 0 | G17: =G13-G9 -> 0 | H17: =H13-H9 -> 0 | I17: =I13-I9 -> -191.73412 | J17: =J13-J9 -> -330.70948 | K17: =K13-K9 -> -281.30478 | ... M17: =M13-M9 -> -1053.4491 | N17: =SUM(N14:N16) -> -191.73412 | O17: =SUM(O14:O16) -> -330.70948 | P17: =SUM(P14:P16) -> -281.30478 | Q17: =SUM(Q14:Q16) -> -249.70076 | R17: =SUM(R14:R16) -> -1053.4491
B19: ▣ 제약 25년 전체 매출
B21: 구분 | C21: 사업 | F21: 2024년 | K21: 2025년 | N21: 분기별 GAP (25년-24년)
D22: 1Q | E22: 2Q | F22: 3Q | G22: 4Q | H22: 합계 | I22: 1Q | J22: 2Q | K22: 3Q | L22: 4Q | M22: 합계 | N22: 1Q | O22: 2Q | P22: 3Q | Q22: 4Q | R22: 합계
B23: 기존 사업계획 | C23: 케미컬 | D23: 405 | E23: 567 | F23: 531 | G23: 577 | H23: =SUM(D23:G23) -> 2080 | I23: 507 | J23: 527 | K23: 547 | L23: 630 | M23: =SUM(I23:L23) -> 2211 | N23: =I23-D23 -> 102 | O23: =J23-E23 -> -40 | P23: =K23-F23 -> 16 | Q23: =L23-G23 -> 53 | R23: =M23-H23 -> 131
C24: 바이오 | D24: 182 | E24: 206 | F24: 217 | G24: 395 | H24: =SUM(D24:G24) -> 1000 | I24: 210 | J24: 290 | K24: 323 | L24: 403 | M24: =SUM(I24:L24) -> 1226 | N24: =I24-D24 -> 28 | O24: =J24-E24 -> 84 | P24: =K24-F24 -> 106 | Q24: =L24-G24 -> 8 | R24: =M24-H24 -> 226
C25: APAC | D25: 112 | E25: 123 | F25: 123 | G25: 176 | H25: =SUM(D25:G25) -> 534 | I25: 112 | J25: 123 | K25: 130 | L25: 155 | M25: =SUM(I25:L25) -> 520 | N25: =I25-D25 -> 0 | O25: =J25-E25 -> 0 | P25: =K25-F25 -> 7 | Q25: =L25-G25 -> -21 | R25: =M25-H25 -> -14
C26: 제약용역 | D26: 270 | E26: 276 | F26: 410 | G26: 338 | H26: =SUM(D26:G26) -> 1294 | I26: 270 | J26: 358 | K26: 367 | L26: 313 | M26: =SUM(I26:L26) -> 1308 | N26: =I26-D26 -> 0 | O26: =J26-E26 -> 82 | P26: =K26-F26 -> -43 | Q26: =L26-G26 -> -25 | R26: =M26-H26 -> 14
C27: 총합 | D27: =SUM(D23:D26) -> 969 | E27: =SUM(E23:E26) -> 1172 | F27: =SUM(F23:F26) -> 1281 | G27: =SUM(G23:G26) -> 1486 | H27: =SUM(D27:G27) -> 4908 | I27: =SUM(I23:I26) -> 1099 | J27: =SUM(J23:J26) -> 1298 | K27: =SUM(K23:K26) -> 1367 | L27: =SUM(L23:L26) -> 1501 | M27: =SUM(I27:L27) -> 5265 | N27: =I27-D27 -> 130 | O27: =J27-E27 -> 126 | P27: =K27-F27 -> 86 | Q27: =L27-G27 -> 15 | R27: =M27-H27 -> 357
B28: 11/29 재평가 | C28: 케미컬 | D28: 405 | E28: 567 | F28: 531 | G28: 577 | H28: =SUM(D28:G28) -> 2080 | I28: 507 | J28: 527 | K28: 547 | L28: 630 | M28: =SUM(I28:L28) -> 2211 | N28: =I28-D28 -> 102 | O28: =J28-E28 -> -40 | P28: =K28-F28 -> 16 | Q28: =L28-G28 -> 53 | R28: =M28-H28 -> 131
C29: 바이오 | D29: 182 | E29: 206 | F29: 217 | G29: 395 | H29: =SUM(D29:G29) -> 1000 | I29: 210 | J29: 290 | K29: 323 | L29: 403 | M29: =SUM(I29:L29) -> 1226 | N29: =I29-D29 -> 28 | O29: =J29-E29 -> 84 | P29: =K29-F29 -> 106 | Q29: =L29-G29 -> 8 | R29: =M29-H29 -> 226
C30: APAC | D30: 112 | E30: 123 | F30: 123 | G30: 176 | H30: =SUM(D30:G30) -> 534 | I30: 112 | J30: 123 | K30: 130 | L30: 155 | M30: =SUM(I30:L30) -> 520 | N30: =I30-D30 -> 0 | O30: =J30-E30 -> 0 | P30: =K30-F30 -> 7 | Q30: =L30-G30 -> -21 | R30: =M30-H30 -> -14
C31: 제약용역 | D31: 270 | E31: 276 | F31: 410 | G31: 338 | H31: =SUM(D31:G31) -> 1294 | I31: =I13 -> 77.995839 | J31: =J13 -> 26.828009 | K31: =K13 -> 86.159121 | L31: =L13 -> 62.920424 | M31: =M13 -> 253.90339 | N31: =I31-D31 -> -192.00416 | O31: =J31-E31 -> -249.17199 | P31: =K31-F31 -> -323.84088 | Q31: =L31-G31 -> -275.07958 | R31: =M31-H31 -> -1040.0966
C32: 총합 | D32: =SUM(D28:D31) -> 969 | E32: =SUM(E28:E31) -> 1172 | F32: =SUM(F28:F31) -> 1281 | G32: =SUM(G28:G31) -> 1486 | H32: =SUM(D32:G32) -> 4908 | I32: =SUM(I28:I31) -> 906.99584 | J32: =SUM(J28:J31) -> 966.82801 | K32: =SUM(K28:K31) -> 1086.1591 | L32: =SUM(L28:L31) -> 1250.9204 | M32: =SUM(I32:L32) -> 4210.9034 | N32: =I32-D32 -> -62.004161 | O32: =J32-E32 -> -205.17199 | P32: =K32-F32 -> -194.84088 | Q32: =L32-G32 -> -235.07958 | R32: =M32-H32 -> -697.09661
B33: GAP | C33: 케미컬 | D33: =D28-D23 -> 0 | E33: =E28-E23 -> 0 | F33: =F28-F23 -> 0 | G33: =G28-G23 -> 0 | H33: =H28-H23 -> 0 | I33: =I28-I23 -> 0 | J33: =J28-J23 -> 0 | K33: =K28-K23 -> 0 | ... M33: =M28-M23 -> 0 | N33: =I33-D33 -> 0 | O33: =J33-E33 -> 0 | P33: =K33-F33 -> 0 | Q33: =L33-G33 -> 0 | R33: =M33-H33 -> 0
C34: 바이오 | D34: =D29-D24 -> 0 | E34: =E29-E24 -> 0 | F34: =F29-F24 -> 0 | G34: =G29-G24 -> 0 | H34: =H29-H24 -> 0 | I34: =I29-I24 -> 0 | J34: =J29-J24 -> 0 | K34: =K29-K24 -> 0 | ... M34: =M29-M24 -> 0 | N34: =I34-D34 -> 0 | O34: =J34-E34 -> 0 | P34: =K34-F34 -> 0 | Q34: =L34-G34 -> 0 | R34: =M34-H34 -> 0
C35: APAC | D35: =D30-D25 -> 0 | E35: =E30-E25 -> 0 | F35: =F30-F25 -> 0 | G35: =G30-G25 -> 0 | H35: =H30-H25 -> 0 | I35: =I30-I25 -> 0 | J35: =J30-J25 -> 0 | K35: =K30-K25 -> 0 | ... M35: =M30-M25 -> 0 | N35: =I35-D35 -> 0 | O35: =J35-E35 -> 0 | P35: =K35-F35 -> 0 | Q35: =L35-G35 -> 0 | R35: =M35-H35 -> 0
C36: 제약용역 | D36: =D31-D26 -> 0 | E36: =E31-E26 -> 0 | F36: =F31-F26 -> 0 | G36: =G31-G26 -> 0 | H36: =H31-H26 -> 0 | I36: =I31-I26 -> -192.00416 | J36: =J31-J26 -> -331.17199 | K36: =K31-K26 -> -280.84088 | ... M36: =M31-M26 -> -1054.0966 | N36: =I36-D36 -> -192.00416 | O36: =J36-E36 -> -331.17199 | P36: =K36-F36 -> -280.84088 | Q36: =L36-G36 -> -250.07958 | R36: =M36-H36 -> -1054.0966
C37: 총합 | D37: =D32-D27 -> 0 | E37: =E32-E27 -> 0 | F37: =F32-F27 -> 0 | G37: =G32-G27 -> 0 | H37: =H32-H27 -> 0 | I37: =I32-I27 -> -192.00416 | J37: =J32-J27 -> -331.17199 | K37: =K32-K27 -> -280.84088 | ... M37: =M32-M27 -> -1054.0966 | N37: =I37-D37 -> -192.00416 | O37: =J37-E37 -> -331.17199 | P37: =K37-F37 -> -280.84088 | Q37: =L37-G37 -> -250.07958 | R37: =M37-H37 -> -1054.0966

Sheet PFS 충전,조립 배치수_Rolling
A1: ■ CMO PFS/L&P 상업 매출 예상_240923 | W1: =SUM(W9:W22) -> 139 | AB1: =SUM(AB9:AB22) -> 208 | AC1: =SUM(AC9:AC22) -> 220 | AP1: =SUM(AP9:AP22) -> 8132950 | AU1: =SUM(AU9:AU22) -> 11060850 | AV1: =SUM(AV9:AV22) -> 6886550
A2: 1. 24년 9월 20일 PFS CMO운영팀 전달 물량 기준
A3: 2. (25년 매출인식) 충전: 생산월 +1개월 / 조립: 생산월 +0.5개월 / 포장: 당월매출 | K3: (충전) 24.12월 생산배치 중, 24년 매출 인식 X 배치 반영
A4: (26년 매출인식) 충전: 전분기 1/3 + 당분기 2/3 / 조립: 생산월 전분기 1/6 + 당분기 5/6 / 포장: 당분기 매출 | K4: (충전) 24.12월 생산배치 중, 24년 매출 인식 X 배치 반영
A5: (27년 매출인식) 충전/조립/포장: 생산, 매출 동일 인식 | K5: (충전) 24.12월 생산배치 중, 24년 매출 인식 X 배치 반영
K6: (조립) 24년 12월 조립배치 중, 24년 매출 인식 X 배치 + 25년 1월 조립 배치의 절반 반영 | W6: =SUM(W24:W31) -> 103.5 | AP6: =SUM(AP24:AP31) -> 7077500 | AU6: =SUM(AU24:AU31) -> 8565200 | AV6: =SUM(AV24:AV31) -> 2996300
C7: 구분 | K7: 배치수 | AD7: 수량
A8: 구분 | B8: 사업부 구분코드 | C8: 품목코드 | D8: 품목명 | E8: 브랜드 | F8: 사업부 | G8: 규격 | H8: 포장 | I8: 공정 | J8: 비고(프로젝트) | K8: (수)2025.01 | L8: (수)2025.02 | M8: (수)2025.03 | N8: (수)2025.04 | O8: (수)2025.05 | P8: (수)2025.06 | Q8: (수)2025.07 | R8: (수)2025.08 | S8: (수)2025.09 | T8: (수)2025.10 | U8: (수)2025.11 | V8: (수)2025.12 | W8: (수)2025 | X8: (수)2026.1Q | Y8: (수)2026.2Q | Z8: (수)2026.3Q | AA8: (수)2026.4Q | AB8: (수)2026 | AC8: (수)2027 | AD8: (★)2025.01 | AE8: (★)2025.02 | AF8: (★)2025.03 | AG8: (★)2025.04 | AH8: (★)2025.05 | AI8: (★)2025.06 | AJ8: (★)2025.07 | AK8: (★)2025.08 | AL8: (★)2025.09 | AM8: (★)2025.10 | AN8: (★)2025.11 | AO8: (★)2025.12 | AP8: (★)2025 | AQ8: (★)2026.1Q | AR8: (★)2026.2Q | AS8: (★)2026.3Q | AT8: (★)2026.4Q | AU8: (★)2026 | AV8: (★)2027
A9: 9월 PFS CMO 운영팀 물량 | B9: =F9&C9 -> PFS상업3028801 | C9: 3028801 | D9: CT-P13 SC 27G | E9: 램시마SC | F9: PFS상업 | G9: 100000 | H9: 기타 | I9: 충전 | J9: =G9*0.95 -> 95000 | K9: 0 | L9: =+'(PFS CMO) PFS 생산배치수_240923'!J10 -> 0 | M9: =+'(PFS CMO) PFS 생산배치수_240923'!K10 -> 2 | N9: =+'(PFS CMO) PFS 생산배치수_240923'!L10 -> 2 | O9: =+'(PFS CMO) PFS 생산배치수_240923'!M10 -> 3 | P9: =+'(PFS CMO) PFS 생산배치수_240923'!N10 -> 2 | Q9: =+'(PFS CMO) PFS 생산배치수_240923'!O10 -> 0 | R9: =+'(PFS CMO) PFS 생산배치수_240923'!P10 -> 1 | S9: =+'(PFS CMO) PFS 생산배치수_240923'!Q10 -> 3 | ... V9: =+'(PFS CMO) PFS 생산배치수_240923'!T10 -> 1 | W9: =SUM(K9:V9) -> 16 | X9: =+'(PFS CMO) PFS 생산배치수_240923'!U10+'(PFS CMO) PFS 생산배치수_240923'!W10*0.666666666666667 -> 1.3333333 | Y9: =+'(PFS CMO) PFS 생산배치수_240923'!W10/3+'(PFS CMO) PFS 생산배치수_240923'!X10*0.666666666666667 -> 0.66666667 | Z9: =+'(PFS CMO) PFS 생산배치수_240923'!X10/3+'(PFS CMO) PFS 생산배치수_240923'!Y10*0.666666666666667 -> 1.3333333 | AA9: =+'(PFS CMO) PFS 생산배치수_240923'!Y10/3+'(PFS CMO) PFS 생산배치수_240923'!Z10*0.666666666666667 -> 4 | AB9: =SUM(X9:AA9) -> 7.3333333 | AC9: =+'(PFS CMO) PFS 생산배치수_240923'!AB10 -> 0 | AD9: =$J9*K9 -> 0 | AE9: =$J9*L9 -> 0 | AF9: =$J9*M9 -> 190000 | AG9: =$J9*N9 -> 190000 | AH9: =$J9*O9 -> 285000 | AI9: =$J9*P9 -> 190000 | AJ9: =$J9*Q9 -> 0 | AK9: =$J9*R9 -> 95000 | ... AO9: =$J9*V9 -> 95000 | AP9: =SUM(AD9:AO9) -> 1520000 | AQ9: =$J9*X9 -> 126666.67 | AR9: =$J9*Y9 -> 63333.333 | AS9: =$J9*Z9 -> 126666.67 | AT9: =$J9*AA9 -> 380000 | AU9: =SUM(AQ9:AT9) -> 696666.67 | AV9: =$J9*AC9 -> 0
A10: 9월 PFS CMO 운영팀 물량 | B10: =F10&C10 -> PFS상업3019001 | C10: 3019001 | D10: Remsima SC 120mg 램시마 SC 120밀리그램 | E10: 램시마SC | F10: PFS상업 | G10: 100000 | H10: 기타 | I10: 충전 | J10: =G10*0.95 -> 95000 | K10: 1 | L10: =+'(PFS CMO) PFS 생산배치수_240923'!J8 -> 0 | M10: =+'(PFS CMO) PFS 생산배치수_240923'!K8 -> 1 | N10: =+'(PFS CMO) PFS 생산배치수_240923'!L8 -> 2 | O10: =+'(PFS CMO) PFS 생산배치수_240923'!M8 -> 2 | P10: =+'(PFS CMO) PFS 생산배치수_240923'!N8 -> 1 | Q10: =+'(PFS CMO) PFS 생산배치수_240923'!O8 -> 0 | R10: =+'(PFS CMO) PFS 생산배치수_240923'!P8 -> 1 | S10: =+'(PFS CMO) PFS 생산배치수_240923'!Q8 -> 3 | ... V10: =+'(PFS CMO) PFS 생산배치수_240923'!T8 -> 0 | W10: =SUM(K10:V10) -> 13 | X10: =+'(PFS CMO) PFS 생산배치수_240923'!U8+'(PFS CMO) PFS 생산배치수_240923'!W8*0.666666666666667 -> 4.3333333 | Y10: =+'(PFS CMO) PFS 생산배치수_240923'!W8/3+'(PFS CMO) PFS 생산배치수_240923'!X8*0.666666666666667 -> 0.66666667 | Z10: =+'(PFS CMO) PFS 생산배치수_240923'!X8/3+'(PFS CMO) PFS 생산배치수_240923'!Y8*0.666666666666667 -> 0.66666667 | AA10: =+'(PFS CMO) PFS 생산배치수_240923'!Y8/3+'(PFS CMO) PFS 생산배치수_240923'!Z8*0.666666666666667 -> 3.6666667 | AB10: =SUM(X10:AA10) -> 9.3333333 | AC10: =+'(PFS CMO) PFS 생산배치수_240923'!AB8 -> 0 | AD10: =$J10*K10 -> 95000 | AE10: =$J10*L10 -> 0 | AF10: =$J10*M10 -> 95000 | AG10: =$J10*N10 -> 190000 | AH10: =$J10*O10 -> 190000 | AI10: =$J10*P10 -> 95000 | AJ10: =$J10*Q10 -> 0 | AK10: =$J10*R10 -> 95000 | ... AO10: =$J10*V10 -> 0 | AP10: =SUM(AD10:AO10) -> 1235000 | AQ10: =$J10*X10 -> 411666.67 | AR10: =$J10*Y10 -> 63333.333 | AS10: =$J10*Z10 -> 63333.333 | AT10: =$J10*AA10 -> 348333.33 | AU10: =SUM(AQ10:AT10) -> 886666.67 | AV10: =$J10*AC10 -> 0
A11: 9월 PFS CMO 운영팀 물량 | B11: =F11&C11 -> PFS상업 | D11: CT-P17 20mg | E11: 유플라이마 | F11: PFS상업 | G11: 37000 | H11: 기타 | I11: 충전 | J11: =G11*0.95 -> 35150 | L11: =+'(PFS CMO) PFS 생산배치수_240923'!J12 -> 0 | M11: =+'(PFS CMO) PFS 생산배치수_240923'!K12 -> 1 | N11: =+'(PFS CMO) PFS 생산배치수_240923'!L12 -> 0 | O11: =+'(PFS CMO) PFS 생산배치수_240923'!M12 -> 0 | P11: =+'(PFS CMO) PFS 생산배치수_240923'!N12 -> 0 | Q11: =+'(PFS CMO) PFS 생산배치수_240923'!O12 -> 0 | R11: =+'(PFS CMO) PFS 생산배치수_240923'!P12 -> 0 | S11: =+'(PFS CMO) PFS 생산배치수_240923'!Q12 -> 0 | ... V11: =+'(PFS CMO) PFS 생산배치수_240923'!T12 -> 0 | W11: =SUM(K11:V11) -> 1 | X11: =+'(PFS CMO) PFS 생산배치수_240923'!U12+'(PFS CMO) PFS 생산배치수_240923'!W12*0.666666666666667 -> 0 | Y11: =+'(PFS CMO) PFS 생산배치수_240923'!W12/3+'(PFS CMO) PFS 생산배치수_240923'!X12*0.666666666666667 -> 0.66666667 | Z11: =+'(PFS CMO) PFS 생산배치수_240923'!X12/3+'(PFS CMO) PFS 생산배치수_240923'!Y12*0.666666666666667 -> 0.33333333 | AA11: =+'(PFS CMO) PFS 생산배치수_240923'!Y12/3+'(PFS CMO) PFS 생산배치수_240923'!Z12*0.666666666666667 -> 0 | AB11: =SUM(X11:AA11) -> 1 | AC11: =+'(PFS CMO) PFS 생산배치수_240923'!AB12 -> 1 | AD11: =$J11*K11 -> 0 | AE11: =$J11*L11 -> 0 | AF11: =$J11*M11 -> 35150 | AG11: =$J11*N11 -> 0 | AH11: =$J11*O11 -> 0 | AI11: =$J11*P11 -> 0 | AJ11: =$J11*Q11 -> 0 | AK11: =$J11*R11 -> 0 | ... AO11: =$J11*V11 -> 0 | AP11: =SUM(AD11:AO11) -> 35150 | AQ11: =$J11*X11 -> 0 | AR11: =$J11*Y11 -> 23433.333 | AS11: =$J11*Z11 -> 11716.667 | AT11: =$J11*AA11 -> 0 | AU11: =SUM(AQ11:AT11) -> 35150 | AV11: =$J11*AC11 -> 35150
