Workbook
Name _: #N/A
Name _____________________________BRD1: #REF!
Name _____________________________BRD2: #REF!
Name _____________________________BRD3: #REF!
Name _____________________________BRD4: #REF!
Name _____________________________BRD5: #REF!
Name _____________________________BRD6: #REF!
Name _____________________________BRD7: #REF!
Name _____________________________INT1: #REF!
Name _____________________________INT2: #REF!
Name _____________________________INT3: #REF!
Name _____________________________INT4: #REF!
Name _____________________________INT5: #REF!
Name _____________________________INT6: #REF!
Name _____________________________INT7: #REF!
Name _____________________________LIC1: #REF!
Name _____________________________LIC2: #REF!
Name _____________________________LIC3: #REF!
Name _____________________________LIC4: #REF!
Name _____________________________LIC5: #REF!
Name _____________________________LIC6: #REF!
Name _____________________________LIC7: #REF!
Name _____________________________PG1: #REF!
Name _____________________________PG11: #REF!
Name _____________________________PG13: #REF!
Name _____________________________PG17: #REF!
Name _____________________________PG2: #REF!
Name _____________________________PG3: #REF!
Name _____________________________PG4: #REF!
Name _____________________________PG5: #REF!
Name _____________________________PG6: #REF!
Name _____________________________PG7: #REF!
Name _____________________________PG9: #REF!
Name _____________________________SUM25: #REF!
Name ____________________________BRD1: #REF!
Name ____________________________BRD2: #REF!
Name ____________________________BRD3: #REF!
Name ____________________________BRD4: #REF!
Name ____________________________BRD5: #REF!
Name ____________________________BRD6: #REF!
Name ____________________________BRD7: #REF!
Name ____________________________INT1: #REF!
Name ____________________________INT2: #REF!
Name ____________________________INT3: #REF!
Name ____________________________INT4: #REF!
Name ____________________________INT5: #REF!
Name ____________________________INT6: #REF!
Name ____________________________INT7: #REF!
Name ____________________________LIC1: #REF!
Name ____________________________LIC2: #REF!
Name ____________________________LIC3: #REF!
Name ____________________________LIC4: #REF!
Name ____________________________LIC5: #REF!
Name ____________________________LIC6: #REF!
Name ____________________________LIC7: #REF!
Name ____________________________PG1: #REF!
Name ____________________________PG11: #REF!
Name ____________________________PG13: #REF!
Name ____________________________PG17: #REF!
Name ____________________________PG2: #REF!

Sheet 요약(보고)
A1: 26년 CMO 매출 예상실적
Y2: 2026.02.26
A3: ■ 1분기 매출
F4: 1분기 | J4: 1월 | N4: 2월 | R4: 3월 | Y4: 단위 : 억원
A5: 구분 | D5: 25년 실적 | E5: 26년 목표 | F5: 25년 1분기 누계 | J5: 1분기 | V5: 1분기 소계 | Z5: 26년 예상 실적
J6: 1월 | N6: 2월 | R6: 3월
F7: 25년 실적 | G7: 사업 계획 | H7: 실적 | I7: 차이 | J7: 25년 실적 | K7: 사업 계획 | L7: 실적 | M7: 차이 | N7: 25년 실적 | O7: 사업 계획 | P7: 실적 | Q7: 차이 | R7: 25년 실적 | S7: 사업 계획 | T7: 실적 | U7: 차이 | V7: 25년 실적 | W7: 사업 계획 | X7: 실적 | Y7: 차이 | Z7: 25년 실적 | AA7: 사업 계획 | AB7: 실적 | AC7: 차이
B8: CMO 합계 | D8: =SUM(D15,D12,D9) -> 1392.7058 | E8: =AA8 -> 1559.0706 | F8: =V8 -> 275.49898 | G8: =W8 -> 313.38771 | H8: =X8 -> 313.40175 | I8: =Y8 -> 0.014034668 | J8: =J9+J12+J15 -> 112.83448 | K8: =K9+K12+K15 -> 100.91695 | L8: =L9+L12+L15 -> 101.87285 | M8: =L8-K8 -> 0.9559079 | N8: =N9+N12+N15 -> 67.616613 | O8: =O9+O12+O15 -> 107.7245 | P8: =P9+P12+P15 -> 116.3254 | Q8: =P8-O8 -> 8.600901 | R8: =R9+R12+R15 -> 95.047888 | S8: =S9+S12+S15 -> 104.74626 | T8: =T9+T12+T15 -> 95.20349 | U8: =T8-S8 -> -9.5427742 | V8: =V9+V12+V15 -> 275.49898 | W8: =W9+W12+W15 -> 313.38771 | X8: =X9+X12+X15 -> 313.40175 | Y8: =X8-W8 -> 0.014034668 | Z8: =Z9+Z12+Z15 -> 1393.0161 | AA8: =AA9+AA12+AA15 -> 1559.0706 | AB8: =AB9+AB12+AB15 -> 1559.0847 | AC8: =AB8-AA8 -> 0.014034668 | AE8: 24년
B9: 케미컬 상업 | D9: =SUM(D10:D11) -> 152.99419 | E9: =AA9 -> 170.99974 | F9: =V9 -> 17.979459 | G9: =W9 -> 25.134453 | H9: =X9 -> 24.999197 | I9: =Y9 -> -0.13525591 | J9: =SUM(J10:J11) -> 3.0051884 | K9: =SUM(K10:K11) -> 3.2706278 | L9: =SUM(L10:L11) -> 3.1851236 | M9: =SUM(M10:M11) -> -0.085504183 | N9: =SUM(N10:N11) -> 12.609455 | O9: =SUM(O10:O11) -> 12.254069 | P9: =SUM(P10:P11) -> 9.8442169 | Q9: =SUM(Q10:Q11) -> -2.409852 | ... AC9: =SUM(AC10:AC11) -> -0.13525591 | AE9: 25년
C10: 내재화 | D10: 152.99419 | E10: =AA10 -> 168.95436 | F10: =SUMIFS('상세 자료 작성'!$I:$I,'상세 자료 작성'!$C:$C,'요약(보고)'!$C10,'상세 자료 작성'!$A:$A,'요약(보고)'!$AE$9,'상세 자료 작성'!$B:$B,'요약(보고)'!$F$4)/10^8 -> 17.979459 | G10: =SUMIFS('상세 자료 작성'!$J:$J,'상세 자료 작성'!$C:$C,'요약(보고)'!$C10,'상세 자료 작성'!$A:$A,$AE$11,'상세 자료 작성'!$B:$B,'요약(보고)'!$F$4)/10^8 -> 24.623108 | H10: =SUMIFS('상세 자료 작성'!$K:$K,'상세 자료 작성'!$C:$C,'요약(보고)'!$C10,'상세 자료 작성'!$A:$A,$AE$11,'상세 자료 작성'!$B:$B,'요약(보고)'!$F$4)/10^8 -> 24.658301 | I10: =Y10 -> 0.035192421 | J10: =SUMIFS('상세 자료 작성'!$I:$I,'상세 자료 작성'!$C:$C,'요약(보고)'!$C10,'상세 자료 작성'!$A:$A,'요약(보고)'!$AE$9,'상세 자료 작성'!$D:$D,$J$4)/10^8 -> 3.0051884 | K10: =SUMIFS('상세 자료 작성'!$J:$J,'상세 자료 작성'!$C:$C,'요약(보고)'!$C10,'상세 자료 작성'!$A:$A,$AE$11,'상세 자료 작성'!$D:$D,'요약(보고)'!$J$4)/10^8 -> 3.1001795 | L10: =SUMIFS('상세 자료 작성'!$K:$K,'상세 자료 작성'!$C:$C,'요약(보고)'!$C10,'상세 자료 작성'!$A:$A,$AE$11,'상세 자료 작성'!$D:$D,$J$4)/10^8 -> 3.1851236 | M10: =L10-K10 -> 0.08494415 | N10: =SUMIFS('상세 자료 작성'!$I:$I,'상세 자료 작성'!$C:$C,'요약(보고)'!$C10,'상세 자료 작성'!$A:$A,'요약(보고)'!$AE$9,'상세 자료 작성'!$D:$D,$N$4)/10^8 -> 12.609455 | O10: =SUMIFS('상세 자료 작성'!$J:$J,'상세 자료 작성'!$C:$C,'요약(보고)'!$C10,'상세 자료 작성'!$A:$A,$AE$11,'상세 자료 작성'!$D:$D,$N$4)/10^8 -> 12.083621 | P10: =SUMIFS('상세 자료 작성'!$K:$K,'상세 자료 작성'!$C:$C,'요약(보고)'!$C10,'상세 자료 작성'!$A:$A,$AE$11,'상세 자료 작성'!$D:$D,$N$4)/10^8 -> 9.6737686 | Q10: =P10-O10 -> -2.409852 | R10: =SUMIFS('상세 자료 작성'!$I:$I,'상세 자료 작성'!$C:$C,'요약(보고)'!$C10,'상세 자료 작성'!$A:$A,'요약(보고)'!$AE$9,'상세 자료 작성'!$D:$D,$R$4)/10^8 -> 2.3648161 | S10: =SUMIFS('상세 자료 작성'!$J:$J,'상세 자료 작성'!$C:$C,'요약(보고)'!$C10,'상세 자료 작성'!$A:$A,$AE$11,'상세 자료 작성'!$D:$D,$R$4)/10^8 -> 9.439308 | T10: =SUMIFS('상세 자료 작성'!$K:$K,'상세 자료 작성'!$C:$C,'요약(보고)'!$C10,'상세 자료 작성'!$A:$A,$AE$11,'상세 자료 작성'!$D:$D,$R$4)/10^8 -> 11.799408 | U10: =T10-S10 -> 2.3601003 | V10: =R10+J10+N10 -> 17.979459 | W10: =S10+K10+O10 -> 24.623108 | X10: =T10+L10+P10 -> 24.658301 | Y10: =X10-W10 -> 0.035192421 | Z10: =SUMIFS('상세 자료 작성'!$I:$I,'상세 자료 작성'!$C:$C,'요약(보고)'!$C10,'상세 자료 작성'!$A:$A,'요약(보고)'!$AE$9)/10^8 -> 152.99419 | AA10: =SUMIFS('상세 자료 작성'!$J:$J,'상세 자료 작성'!$C:$C,'요약(보고)'!$C10,'상세 자료 작성'!$A:$A,'요약(보고)'!$AE$11)/10^8 -> 168.95436 | AB10: =SUMIFS('상세 자료 작성'!$K:$K,'상세 자료 작성'!$C:$C,'요약(보고)'!$C10,'상세 자료 작성'!$A:$A,'요약(보고)'!$AE$11)/10^8 -> 168.98955 | AC10: =AB10-AA10 -> 0.035192421
C11: 기타(위임형 등) | D11: 0 | E11: =AA11 -> 2.04538 | F11: =SUMIFS('상세 자료 작성'!$I:$I,'상세 자료 작성'!$C:$C,'요약(보고)'!$C11,'상세 자료 작성'!$A:$A,'요약(보고)'!$AE$9,'상세 자료 작성'!$B:$B,'요약(보고)'!$F$4)/10^8 -> 0 | G11: =SUMIFS('상세 자료 작성'!$J:$J,'상세 자료 작성'!$C:$C,'요약(보고)'!$C11,'상세 자료 작성'!$A:$A,$AE$11,'상세 자료 작성'!$B:$B,'요약(보고)'!$F$4)/10^8 -> 0.511345 | H11: =SUMIFS('상세 자료 작성'!$K:$K,'상세 자료 작성'!$C:$C,'요약(보고)'!$C11,'상세 자료 작성'!$A:$A,$AE$11,'상세 자료 작성'!$B:$B,'요약(보고)'!$F$4)/10^8 -> 0.34089667 | I11: =Y11 -> -0.17044833 | J11: =SUMIFS('상세 자료 작성'!$I:$I,'상세 자료 작성'!$C:$C,'요약(보고)'!$C11,'상세 자료 작성'!$A:$A,'요약(보고)'!$AE$9,'상세 자료 작성'!$D:$D,$J$4)/10^8 -> 0 | K11: =SUMIFS('상세 자료 작성'!$J:$J,'상세 자료 작성'!$C:$C,'요약(보고)'!$C11,'상세 자료 작성'!$A:$A,$AE$11,'상세 자료 작성'!$D:$D,'요약(보고)'!$J$4)/10^8 -> 0.17044833 | L11: =SUMIFS('상세 자료 작성'!$K:$K,'상세 자료 작성'!$C:$C,'요약(보고)'!$C11,'상세 자료 작성'!$A:$A,$AE$11,'상세 자료 작성'!$D:$D,$J$4)/10^8 -> 0 | M11: =L11-K11 -> -0.17044833 | N11: =SUMIFS('상세 자료 작성'!$I:$I,'상세 자료 작성'!$C:$C,'요약(보고)'!$C11,'상세 자료 작성'!$A:$A,'요약(보고)'!$AE$9,'상세 자료 작성'!$D:$D,$N$4)/10^8 -> 0 | O11: =SUMIFS('상세 자료 작성'!$J:$J,'상세 자료 작성'!$C:$C,'요약(보고)'!$C11,'상세 자료 작성'!$A:$A,$AE$11,'상세 자료 작성'!$D:$D,$N$4)/10^8 -> 0.17044833 | P11: =SUMIFS('상세 자료 작성'!$K:$K,'상세 자료 작성'!$C:$C,'요약(보고)'!$C11,'상세 자료 작성'!$A:$A,$AE$11,'상세 자료 작성'!$D:$D,$N$4)/10^8 -> 0.17044833 | Q11: =P11-O11 -> 0 | R11: =SUMIFS('상세 자료 작성'!$I:$I,'상세 자료 작성'!$C:$C,'요약(보고)'!$C11,'상세 자료 작성'!$A:$A,'요약(보고)'!$AE$9,'상세 자료 작성'!$D:$D,$R$4)/10^8 -> 0 | S11: =SUMIFS('상세 자료 작성'!$J:$J,'상세 자료 작성'!$C:$C,'요약(보고)'!$C11,'상세 자료 작성'!$A:$A,$AE$11,'상세 자료 작성'!$D:$D,$R$4)/10^8 -> 0.17044833 | T11: =SUMIFS('상세 자료 작성'!$K:$K,'상세 자료 작성'!$C:$C,'요약(보고)'!$C11,'상세 자료 작성'!$A:$A,$AE$11,'상세 자료 작성'!$D:$D,$R$4)/10^8 -> 0.17044833 | U11: =T11-S11 -> 0 | V11: =R11+J11+N11 -> 0 | W11: =S11+K11+O11 -> 0.511345 | X11: =T11+L11+P11 -> 0.34089667 | Y11: =X11-W11 -> -0.17044833 | Z11: =SUMIFS('상세 자료 작성'!$I:$I,'상세 자료 작성'!$C:$C,'요약(보고)'!$C11,'상세 자료 작성'!$A:$A,'요약(보고)'!$AE$9)/10^8 -> 0 | AA11: =SUMIFS('상세 자료 작성'!$J:$J,'상세 자료 작성'!$C:$C,'요약(보고)'!$C11,'상세 자료 작성'!$A:$A,'요약(보고)'!$AE$11)/10^8 -> 2.04538 | AB11: =SUMIFS('상세 자료 작성'!$K:$K,'상세 자료 작성'!$C:$C,'요약(보고)'!$C11,'상세 자료 작성'!$A:$A,'요약(보고)'!$AE$11)/10^8 -> 1.8749317 | AC11: =AB11-AA11 -> -0.17044833 | AE11: 26년
B12: 바이오 상업 | D12: =SUM(D13:D14) -> 1088.9227 | E12: =AA12 -> 1191.1256 | F12: =V12 -> 203.6367 | G12: =W12 -> 246.45126 | H12: =X12 -> 248.86353 | I12: =Y12 -> 2.4122721 | J12: =SUM(J13:J14) -> 76.029623 | K12: =SUM(K13:K14) -> 71.643068 | L12: =SUM(L13:L14) -> 71.637462 | M12: =SUM(M13:M14) -> -0.0056064 | N12: =SUM(N13:N14) -> 54.348994 | O12: =SUM(O13:O14) -> 90.822934 | P12: =SUM(P13:P14) -> 102.46369 | Q12: =SUM(Q13:Q14) -> 11.640753 | ... AC12: =SUM(AC13:AC14) -> 2.4122721
C13: PFS | D13: 1041.7819 | E13: =AA13 -> 1143.4515 | F13: =SUMIFS('상세 자료 작성'!$I:$I,'상세 자료 작성'!$C:$C,'요약(보고)'!$C13,'상세 자료 작성'!$A:$A,'요약(보고)'!$AE$9,'상세 자료 작성'!$B:$B,'요약(보고)'!$F$4)/10^8 -> 189.04806 | G13: =SUMIFS('상세 자료 작성'!$J:$J,'상세 자료 작성'!$C:$C,'요약(보고)'!$C13,'상세 자료 작성'!$A:$A,$AE$11,'상세 자료 작성'!$B:$B,'요약(보고)'!$F$4)/10^8 -> 238.39926 | H13: =SUMIFS('상세 자료 작성'!$K:$K,'상세 자료 작성'!$C:$C,'요약(보고)'!$C13,'상세 자료 작성'!$A:$A,$AE$11,'상세 자료 작성'!$B:$B,'요약(보고)'!$F$4)/10^8 -> 240.7224 | I13: =Y13 -> 2.3231443 | J13: =SUMIFS('상세 자료 작성'!$I:$I,'상세 자료 작성'!$C:$C,'요약(보고)'!$C13,'상세 자료 작성'!$A:$A,'요약(보고)'!$AE$9,'상세 자료 작성'!$D:$D,$J$4)/10^8 -> 69.842789 | K13: =SUMIFS('상세 자료 작성'!$J:$J,'상세 자료 작성'!$C:$C,'요약(보고)'!$C13,'상세 자료 작성'!$A:$A,$AE$11,'상세 자료 작성'!$D:$D,'요약(보고)'!$J$4)/10^8 -> 68.990503 | L13: =SUMIFS('상세 자료 작성'!$K:$K,'상세 자료 작성'!$C:$C,'요약(보고)'!$C13,'상세 자료 작성'!$A:$A,$AE$11,'상세 자료 작성'!$D:$D,$J$4)/10^8 -> 69.064124 | M13: =L13-K13 -> 0.073621 | N13: =SUMIFS('상세 자료 작성'!$I:$I,'상세 자료 작성'!$C:$C,'요약(보고)'!$C13,'상세 자료 작성'!$A:$A,'요약(보고)'!$AE$9,'상세 자료 작성'!$D:$D,$N$4)/10^8 -> 49.969541 | O13: =SUMIFS('상세 자료 작성'!$J:$J,'상세 자료 작성'!$C:$C,'요약(보고)'!$C13,'상세 자료 작성'!$A:$A,$AE$11,'상세 자료 작성'!$D:$D,$N$4)/10^8 -> 88.077118 | P13: =SUMIFS('상세 자료 작성'!$K:$K,'상세 자료 작성'!$C:$C,'요약(보고)'!$C13,'상세 자료 작성'!$A:$A,$AE$11,'상세 자료 작성'!$D:$D,$N$4)/10^8 -> 99.549516 | Q13: =P13-O13 -> 11.472398 | R13: =SUMIFS('상세 자료 작성'!$I:$I,'상세 자료 작성'!$C:$C,'요약(보고)'!$C13,'상세 자료 작성'!$A:$A,'요약(보고)'!$AE$9,'상세 자료 작성'!$D:$D,$R$4)/10^8 -> 69.235728 | S13: =SUMIFS('상세 자료 작성'!$J:$J,'상세 자료 작성'!$C:$C,'요약(보고)'!$C13,'상세 자료 작성'!$A:$A,$AE$11,'상세 자료 작성'!$D:$D,$R$4)/10^8 -> 81.331637 | T13: =SUMIFS('상세 자료 작성'!$K:$K,'상세 자료 작성'!$C:$C,'요약(보고)'!$C13,'상세 자료 작성'!$A:$A,$AE$11,'상세 자료 작성'!$D:$D,$R$4)/10^8 -> 72.108763 | U13: =T13-S13 -> -9.2228745 | V13: =R13+J13+N13 -> 189.04806 | W13: =S13+K13+O13 -> 238.39926 | X13: =T13+L13+P13 -> 240.7224 | Y13: =X13-W13 -> 2.3231443 | Z13: =SUMIFS('상세 자료 작성'!$I:$I,'상세 자료 작성'!$C:$C,'요약(보고)'!$C13,'상세 자료 작성'!$A:$A,'요약(보고)'!$AE$9)/10^8 -> 1041.7819 | AA13: =SUMIFS('상세 자료 작성'!$J:$J,'상세 자료 작성'!$C:$C,'요약(보고)'!$C13,'상세 자료 작성'!$A:$A,'요약(보고)'!$AE$11)/10^8 -> 1143.4515 | AB13: =SUMIFS('상세 자료 작성'!$K:$K,'상세 자료 작성'!$C:$C,'요약(보고)'!$C13,'상세 자료 작성'!$A:$A,'요약(보고)'!$AE$11)/10^8 -> 1145.7746 | AC13: =AB13-AA13 -> 2.3231443
C14: L&P | D14: 47.140793 | E14: =AA14 -> 47.674149 | F14: =SUMIFS('상세 자료 작성'!$I:$I,'상세 자료 작성'!$C:$C,'요약(보고)'!$C14,'상세 자료 작성'!$A:$A,'요약(보고)'!$AE$9,'상세 자료 작성'!$B:$B,'요약(보고)'!$F$4)/10^8 -> 14.588646 | G14: =SUMIFS('상세 자료 작성'!$J:$J,'상세 자료 작성'!$C:$C,'요약(보고)'!$C14,'상세 자료 작성'!$A:$A,$AE$11,'상세 자료 작성'!$B:$B,'요약(보고)'!$F$4)/10^8 -> 8.0520014 | H14: =SUMIFS('상세 자료 작성'!$K:$K,'상세 자료 작성'!$C:$C,'요약(보고)'!$C14,'상세 자료 작성'!$A:$A,$AE$11,'상세 자료 작성'!$B:$B,'요약(보고)'!$F$4)/10^8 -> 8.1411292 | I14: =Y14 -> 0.0891278 | J14: =SUMIFS('상세 자료 작성'!$I:$I,'상세 자료 작성'!$C:$C,'요약(보고)'!$C14,'상세 자료 작성'!$A:$A,'요약(보고)'!$AE$9,'상세 자료 작성'!$D:$D,$J$4)/10^8 -> 6.1868338 | K14: =SUMIFS('상세 자료 작성'!$J:$J,'상세 자료 작성'!$C:$C,'요약(보고)'!$C14,'상세 자료 작성'!$A:$A,$AE$11,'상세 자료 작성'!$D:$D,'요약(보고)'!$J$4)/10^8 -> 2.652565 | L14: =SUMIFS('상세 자료 작성'!$K:$K,'상세 자료 작성'!$C:$C,'요약(보고)'!$C14,'상세 자료 작성'!$A:$A,$AE$11,'상세 자료 작성'!$D:$D,$J$4)/10^8 -> 2.5733376 | M14: =L14-K14 -> -0.0792274 | N14: =SUMIFS('상세 자료 작성'!$I:$I,'상세 자료 작성'!$C:$C,'요약(보고)'!$C14,'상세 자료 작성'!$A:$A,'요약(보고)'!$AE$9,'상세 자료 작성'!$D:$D,$N$4)/10^8 -> 4.3794528 | O14: =SUMIFS('상세 자료 작성'!$J:$J,'상세 자료 작성'!$C:$C,'요약(보고)'!$C14,'상세 자료 작성'!$A:$A,$AE$11,'상세 자료 작성'!$D:$D,$N$4)/10^8 -> 2.7458164 | P14: =SUMIFS('상세 자료 작성'!$K:$K,'상세 자료 작성'!$C:$C,'요약(보고)'!$C14,'상세 자료 작성'!$A:$A,$AE$11,'상세 자료 작성'!$D:$D,$N$4)/10^8 -> 2.9141716 | Q14: =P14-O14 -> 0.1683552 | R14: =SUMIFS('상세 자료 작성'!$I:$I,'상세 자료 작성'!$C:$C,'요약(보고)'!$C14,'상세 자료 작성'!$A:$A,'요약(보고)'!$AE$9,'상세 자료 작성'!$D:$D,$R$4)/10^8 -> 4.0223598 | S14: =SUMIFS('상세 자료 작성'!$J:$J,'상세 자료 작성'!$C:$C,'요약(보고)'!$C14,'상세 자료 작성'!$A:$A,$AE$11,'상세 자료 작성'!$D:$D,$R$4)/10^8 -> 2.65362 | T14: =SUMIFS('상세 자료 작성'!$K:$K,'상세 자료 작성'!$C:$C,'요약(보고)'!$C14,'상세 자료 작성'!$A:$A,$AE$11,'상세 자료 작성'!$D:$D,$R$4)/10^8 -> 2.65362 | U14: =T14-S14 -> 0 | V14: =R14+J14+N14 -> 14.588646 | W14: =S14+K14+O14 -> 8.0520014 | X14: =T14+L14+P14 -> 8.1411292 | Y14: =X14-W14 -> 0.0891278 | Z14: =SUMIFS('상세 자료 작성'!$I:$I,'상세 자료 작성'!$C:$C,'요약(보고)'!$C14,'상세 자료 작성'!$A:$A,'요약(보고)'!$AE$9)/10^8 -> 48.130793 | AA14: =SUMIFS('상세 자료 작성'!$J:$J,'상세 자료 작성'!$C:$C,'요약(보고)'!$C14,'상세 자료 작성'!$A:$A,'요약(보고)'!$AE$11)/10^8 -> 47.674149 | AB14: =SUMIFS('상세 자료 작성'!$K:$K,'상세 자료 작성'!$C:$C,'요약(보고)'!$C14,'상세 자료 작성'!$A:$A,'요약(보고)'!$AE$11)/10^8 -> 47.763276 | AC14: =AB14-AA14 -> 0.0891278
B15: 개발 용역 | D15: =SUM(D16:D19) -> 150.78896 | E15: =AA15 -> 196.94525 | F15: =V15 -> 53.882818 | G15: =W15 -> 41.802 | H15: =X15 -> 39.539018 | I15: =Y15 -> -2.2629815 | J15: =SUM(J16:J19) -> 33.799671 | K15: =SUM(K16:K19) -> 26.00325 | L15: =SUM(L16:L19) -> 27.050268 | M15: =SUM(M16:M19) -> 1.0470185 | N15: =SUM(N16:N19) -> 0.65816414 | O15: =SUM(O16:O19) -> 4.6475 | P15: =SUM(P16:P19) -> 4.0175 | Q15: =SUM(Q16:Q19) -> -0.63 | ... AC15: =SUM(AC16:AC19) -> -2.2629815
C16: PFS 개발 | D16: 116.21935 | E16: =AA16 -> 179.7765 | F16: =SUMIFS('상세 자료 작성'!$I:$I,'상세 자료 작성'!$C:$C,'요약(보고)'!$C16,'상세 자료 작성'!$A:$A,'요약(보고)'!$AE$9,'상세 자료 작성'!$B:$B,'요약(보고)'!$F$4)/10^8 -> 42.27486 | G16: =SUMIFS('상세 자료 작성'!$J:$J,'상세 자료 작성'!$C:$C,'요약(보고)'!$C16,'상세 자료 작성'!$A:$A,$AE$11,'상세 자료 작성'!$B:$B,'요약(보고)'!$F$4)/10^8 -> 35.327 | H16: =SUMIFS('상세 자료 작성'!$K:$K,'상세 자료 작성'!$C:$C,'요약(보고)'!$C16,'상세 자료 작성'!$A:$A,$AE$11,'상세 자료 작성'!$B:$B,'요약(보고)'!$F$4)/10^8 -> 32.328658 | I16: =Y16 -> -2.998342 | J16: =SUMIFS('상세 자료 작성'!$I:$I,'상세 자료 작성'!$C:$C,'요약(보고)'!$C16,'상세 자료 작성'!$A:$A,'요약(보고)'!$AE$9,'상세 자료 작성'!$D:$D,$J$4)/10^8 -> 29.878953 | K16: =SUMIFS('상세 자료 작성'!$J:$J,'상세 자료 작성'!$C:$C,'요약(보고)'!$C16,'상세 자료 작성'!$A:$A,$AE$11,'상세 자료 작성'!$D:$D,'요약(보고)'!$J$4)/10^8 -> 24.597 | L16: =SUMIFS('상세 자료 작성'!$K:$K,'상세 자료 작성'!$C:$C,'요약(보고)'!$C16,'상세 자료 작성'!$A:$A,$AE$11,'상세 자료 작성'!$D:$D,$J$4)/10^8 -> 24.908658 | M16: =L16-K16 -> 0.31165804 | N16: =SUMIFS('상세 자료 작성'!$I:$I,'상세 자료 작성'!$C:$C,'요약(보고)'!$C16,'상세 자료 작성'!$A:$A,'요약(보고)'!$AE$9,'상세 자료 작성'!$D:$D,$N$4)/10^8 -> 0.26295337 | O16: =SUMIFS('상세 자료 작성'!$J:$J,'상세 자료 작성'!$C:$C,'요약(보고)'!$C16,'상세 자료 작성'!$A:$A,$AE$11,'상세 자료 작성'!$D:$D,$N$4)/10^8 -> 3.71 | P16: =SUMIFS('상세 자료 작성'!$K:$K,'상세 자료 작성'!$C:$C,'요약(보고)'!$C16,'상세 자료 작성'!$A:$A,$AE$11,'상세 자료 작성'!$D:$D,$N$4)/10^8 -> 3.08 | Q16: =P16-O16 -> -0.63 | R16: =SUMIFS('상세 자료 작성'!$I:$I,'상세 자료 작성'!$C:$C,'요약(보고)'!$C16,'상세 자료 작성'!$A:$A,'요약(보고)'!$AE$9,'상세 자료 작성'!$D:$D,$R$4)/10^8 -> 12.132953 | S16: =SUMIFS('상세 자료 작성'!$J:$J,'상세 자료 작성'!$C:$C,'요약(보고)'!$C16,'상세 자료 작성'!$A:$A,$AE$11,'상세 자료 작성'!$D:$D,$R$4)/10^8 -> 7.02 | T16: =SUMIFS('상세 자료 작성'!$K:$K,'상세 자료 작성'!$C:$C,'요약(보고)'!$C16,'상세 자료 작성'!$A:$A,$AE$11,'상세 자료 작성'!$D:$D,$R$4)/10^8 -> 4.34 | U16: =T16-S16 -> -2.68 | V16: =R16+J16+N16 -> 42.27486 | W16: =S16+K16+O16 -> 35.327 | X16: =T16+L16+P16 -> 32.328658 | Y16: =X16-W16 -> -2.998342 | Z16: =SUMIFS('상세 자료 작성'!$I:$I,'상세 자료 작성'!$C:$C,'요약(보고)'!$C16,'상세 자료 작성'!$A:$A,'요약(보고)'!$AE$9)/10^8 -> 116.73362 | AA16: =SUMIFS('상세 자료 작성'!$J:$J,'상세 자료 작성'!$C:$C,'요약(보고)'!$C16,'상세 자료 작성'!$A:$A,'요약(보고)'!$AE$11)/10^8 -> 179.7765 | AB16: =SUMIFS('상세 자료 작성'!$K:$K,'상세 자료 작성'!$C:$C,'요약(보고)'!$C16,'상세 자료 작성'!$A:$A,'요약(보고)'!$AE$11)/10^8 -> 176.77816 | AC16: =AB16-AA16 -> -2.998342
C17: LCM | D17: 14.12375 | E17: =AA17 -> 9.2 | F17: =SUMIFS('상세 자료 작성'!$I:$I,'상세 자료 작성'!$C:$C,'요약(보고)'!$C17,'상세 자료 작성'!$A:$A,'요약(보고)'!$AE$9,'상세 자료 작성'!$B:$B,'요약(보고)'!$F$4)/10^8 -> 3.66 | G17: =SUMIFS('상세 자료 작성'!$J:$J,'상세 자료 작성'!$C:$C,'요약(보고)'!$C17,'상세 자료 작성'!$A:$A,$AE$11,'상세 자료 작성'!$B:$B,'요약(보고)'!$F$4)/10^8 -> 1.7875 | H17: =SUMIFS('상세 자료 작성'!$K:$K,'상세 자료 작성'!$C:$C,'요약(보고)'!$C17,'상세 자료 작성'!$A:$A,$AE$11,'상세 자료 작성'!$B:$B,'요약(보고)'!$F$4)/10^8 -> 1.7875 | I17: =Y17 -> 0 | J17: =SUMIFS('상세 자료 작성'!$I:$I,'상세 자료 작성'!$C:$C,'요약(보고)'!$C17,'상세 자료 작성'!$A:$A,'요약(보고)'!$AE$9,'상세 자료 작성'!$D:$D,$J$4)/10^8 -> 0 | K17: =SUMIFS('상세 자료 작성'!$J:$J,'상세 자료 작성'!$C:$C,'요약(보고)'!$C17,'상세 자료 작성'!$A:$A,$AE$11,'상세 자료 작성'!$D:$D,'요약(보고)'!$J$4)/10^8 -> 0 | L17: =SUMIFS('상세 자료 작성'!$K:$K,'상세 자료 작성'!$C:$C,'요약(보고)'!$C17,'상세 자료 작성'!$A:$A,$AE$11,'상세 자료 작성'!$D:$D,$J$4)/10^8 -> 0 | M17: =L17-K17 -> 0 | N17: =SUMIFS('상세 자료 작성'!$I:$I,'상세 자료 작성'!$C:$C,'요약(보고)'!$C17,'상세 자료 작성'!$A:$A,'요약(보고)'!$AE$9,'상세 자료 작성'!$D:$D,$N$4)/10^8 -> 0 | O17: =SUMIFS('상세 자료 작성'!$J:$J,'상세 자료 작성'!$C:$C,'요약(보고)'!$C17,'상세 자료 작성'!$A:$A,$AE$11,'상세 자료 작성'!$D:$D,$N$4)/10^8 -> 0.46875 | P17: =SUMIFS('상세 자료 작성'!$K:$K,'상세 자료 작성'!$C:$C,'요약(보고)'!$C17,'상세 자료 작성'!$A:$A,$AE$11,'상세 자료 작성'!$D:$D,$N$4)/10^8 -> 0.46875 | Q17: =P17-O17 -> 0 | R17: =SUMIFS('상세 자료 작성'!$I:$I,'상세 자료 작성'!$C:$C,'요약(보고)'!$C17,'상세 자료 작성'!$A:$A,'요약(보고)'!$AE$9,'상세 자료 작성'!$D:$D,$R$4)/10^8 -> 3.66 | S17: =SUMIFS('상세 자료 작성'!$J:$J,'상세 자료 작성'!$C:$C,'요약(보고)'!$C17,'상세 자료 작성'!$A:$A,$AE$11,'상세 자료 작성'!$D:$D,$R$4)/10^8 -> 1.31875 | T17: =SUMIFS('상세 자료 작성'!$K:$K,'상세 자료 작성'!$C:$C,'요약(보고)'!$C17,'상세 자료 작성'!$A:$A,$AE$11,'상세 자료 작성'!$D:$D,$R$4)/10^8 -> 1.31875 | U17: =T17-S17 -> 0 | V17: =R17+J17+N17 -> 3.66 | W17: =S17+K17+O17 -> 1.7875 | X17: =T17+L17+P17 -> 1.7875 | Y17: =X17-W17 -> 0 | Z17: =SUMIFS('상세 자료 작성'!$I:$I,'상세 자료 작성'!$C:$C,'요약(보고)'!$C17,'상세 자료 작성'!$A:$A,'요약(보고)'!$AE$9)/10^8 -> 14.12375 | AA17: =SUMIFS('상세 자료 작성'!$J:$J,'상세 자료 작성'!$C:$C,'요약(보고)'!$C17,'상세 자료 작성'!$A:$A,'요약(보고)'!$AE$11)/10^8 -> 9.2 | AB17: =SUMIFS('상세 자료 작성'!$K:$K,'상세 자료 작성'!$C:$C,'요약(보고)'!$C17,'상세 자료 작성'!$A:$A,'요약(보고)'!$AE$11)/10^8 -> 9.2 | AC17: =AB17-AA17 -> 0
C18: 내재화 개발 | D18: 13.015667 | E18: =AA18 -> 7.96875 | F18: =SUMIFS('상세 자료 작성'!$I:$I,'상세 자료 작성'!$C:$C,'요약(보고)'!$C18,'상세 자료 작성'!$A:$A,'요약(보고)'!$AE$9,'상세 자료 작성'!$B:$B,'요약(보고)'!$F$4)/10^8 -> 5.2999167 | G18: =SUMIFS('상세 자료 작성'!$J:$J,'상세 자료 작성'!$C:$C,'요약(보고)'!$C18,'상세 자료 작성'!$A:$A,$AE$11,'상세 자료 작성'!$B:$B,'요약(보고)'!$F$4)/10^8 -> 4.6875 | H18: =SUMIFS('상세 자료 작성'!$K:$K,'상세 자료 작성'!$C:$C,'요약(보고)'!$C18,'상세 자료 작성'!$A:$A,$AE$11,'상세 자료 작성'!$B:$B,'요약(보고)'!$F$4)/10^8 -> 5.0495833 | I18: =Y18 -> 0.36208334 | J18: =SUMIFS('상세 자료 작성'!$I:$I,'상세 자료 작성'!$C:$C,'요약(보고)'!$C18,'상세 자료 작성'!$A:$A,'요약(보고)'!$AE$9,'상세 자료 작성'!$D:$D,$J$4)/10^8 -> 2.7467917 | K18: =SUMIFS('상세 자료 작성'!$J:$J,'상세 자료 작성'!$C:$C,'요약(보고)'!$C18,'상세 자료 작성'!$A:$A,$AE$11,'상세 자료 작성'!$D:$D,'요약(보고)'!$J$4)/10^8 -> 1.40625 | L18: =SUMIFS('상세 자료 작성'!$K:$K,'상세 자료 작성'!$C:$C,'요약(보고)'!$C18,'상세 자료 작성'!$A:$A,$AE$11,'상세 자료 작성'!$D:$D,$J$4)/10^8 -> 1.7683333 | M18: =L18-K18 -> 0.36208334 | N18: =SUMIFS('상세 자료 작성'!$I:$I,'상세 자료 작성'!$C:$C,'요약(보고)'!$C18,'상세 자료 작성'!$A:$A,'요약(보고)'!$AE$9,'상세 자료 작성'!$D:$D,$N$4)/10^8 -> 0.31604167 | O18: =SUMIFS('상세 자료 작성'!$J:$J,'상세 자료 작성'!$C:$C,'요약(보고)'!$C18,'상세 자료 작성'!$A:$A,$AE$11,'상세 자료 작성'!$D:$D,$N$4)/10^8 -> 0.46875 | P18: =SUMIFS('상세 자료 작성'!$K:$K,'상세 자료 작성'!$C:$C,'요약(보고)'!$C18,'상세 자료 작성'!$A:$A,$AE$11,'상세 자료 작성'!$D:$D,$N$4)/10^8 -> 0.46875 | Q18: =P18-O18 -> 0 | R18: =SUMIFS('상세 자료 작성'!$I:$I,'상세 자료 작성'!$C:$C,'요약(보고)'!$C18,'상세 자료 작성'!$A:$A,'요약(보고)'!$AE$9,'상세 자료 작성'!$D:$D,$R$4)/10^8 -> 2.2370833 | S18: =SUMIFS('상세 자료 작성'!$J:$J,'상세 자료 작성'!$C:$C,'요약(보고)'!$C18,'상세 자료 작성'!$A:$A,$AE$11,'상세 자료 작성'!$D:$D,$R$4)/10^8 -> 2.8125 | T18: =SUMIFS('상세 자료 작성'!$K:$K,'상세 자료 작성'!$C:$C,'요약(보고)'!$C18,'상세 자료 작성'!$A:$A,$AE$11,'상세 자료 작성'!$D:$D,$R$4)/10^8 -> 2.8125 | U18: =T18-S18 -> 0 | V18: =R18+J18+N18 -> 5.2999167 | W18: =S18+K18+O18 -> 4.6875 | X18: =T18+L18+P18 -> 5.0495833 | Y18: =X18-W18 -> 0.36208334 | Z18: =SUMIFS('상세 자료 작성'!$I:$I,'상세 자료 작성'!$C:$C,'요약(보고)'!$C18,'상세 자료 작성'!$A:$A,'요약(보고)'!$AE$9)/10^8 -> 12.811667 | AA18: =SUMIFS('상세 자료 작성'!$J:$J,'상세 자료 작성'!$C:$C,'요약(보고)'!$C18,'상세 자료 작성'!$A:$A,'요약(보고)'!$AE$11)/10^8 -> 7.96875 | AB18: =SUMIFS('상세 자료 작성'!$K:$K,'상세 자료 작성'!$C:$C,'요약(보고)'!$C18,'상세 자료 작성'!$A:$A,'요약(보고)'!$AE$11)/10^8 -> 8.3308333 | AC18: =AB18-AA18 -> 0.36208334
C19: 기타(QA위임등)* | D19: 7.4302005 | E19: =AA19 -> 0 | F19: =SUMIFS('상세 자료 작성'!$I:$I,'상세 자료 작성'!$C:$C,'요약(보고)'!$C19,'상세 자료 작성'!$A:$A,'요약(보고)'!$AE$9,'상세 자료 작성'!$B:$B,'요약(보고)'!$F$4)/10^8 -> 2.6480417 | G19: =SUMIFS('상세 자료 작성'!$J:$J,'상세 자료 작성'!$C:$C,'요약(보고)'!$C19,'상세 자료 작성'!$A:$A,$AE$11,'상세 자료 작성'!$B:$B,'요약(보고)'!$F$4)/10^8 -> 0 | H19: =SUMIFS('상세 자료 작성'!$K:$K,'상세 자료 작성'!$C:$C,'요약(보고)'!$C19,'상세 자료 작성'!$A:$A,$AE$11,'상세 자료 작성'!$B:$B,'요약(보고)'!$F$4)/10^8 -> 0.3732771 | I19: =Y19 -> 0.3732771 | J19: =SUMIFS('상세 자료 작성'!$I:$I,'상세 자료 작성'!$C:$C,'요약(보고)'!$C19,'상세 자료 작성'!$A:$A,'요약(보고)'!$AE$9,'상세 자료 작성'!$D:$D,$J$4)/10^8 -> 1.1739256 | K19: =SUMIFS('상세 자료 작성'!$J:$J,'상세 자료 작성'!$C:$C,'요약(보고)'!$C19,'상세 자료 작성'!$A:$A,$AE$11,'상세 자료 작성'!$D:$D,'요약(보고)'!$J$4)/10^8 -> 0 | L19: =SUMIFS('상세 자료 작성'!$K:$K,'상세 자료 작성'!$C:$C,'요약(보고)'!$C19,'상세 자료 작성'!$A:$A,$AE$11,'상세 자료 작성'!$D:$D,$J$4)/10^8 -> 0.3732771 | M19: =L19-K19 -> 0.3732771 | N19: =SUMIFS('상세 자료 작성'!$I:$I,'상세 자료 작성'!$C:$C,'요약(보고)'!$C19,'상세 자료 작성'!$A:$A,'요약(보고)'!$AE$9,'상세 자료 작성'!$D:$D,$N$4)/10^8 -> 0.0791691 | O19: =SUMIFS('상세 자료 작성'!$J:$J,'상세 자료 작성'!$C:$C,'요약(보고)'!$C19,'상세 자료 작성'!$A:$A,$AE$11,'상세 자료 작성'!$D:$D,$N$4)/10^8 -> 0 | P19: =SUMIFS('상세 자료 작성'!$K:$K,'상세 자료 작성'!$C:$C,'요약(보고)'!$C19,'상세 자료 작성'!$A:$A,$AE$11,'상세 자료 작성'!$D:$D,$N$4)/10^8 -> 0 | Q19: =P19-O19 -> 0 | R19: =SUMIFS('상세 자료 작성'!$I:$I,'상세 자료 작성'!$C:$C,'요약(보고)'!$C19,'상세 자료 작성'!$A:$A,'요약(보고)'!$AE$9,'상세 자료 작성'!$D:$D,$R$4)/10^8 -> 1.394947 | S19: =SUMIFS('상세 자료 작성'!$J:$J,'상세 자료 작성'!$C:$C,'요약(보고)'!$C19,'상세 자료 작성'!$A:$A,$AE$11,'상세 자료 작성'!$D:$D,$R$4)/10^8 -> 0 | T19: =SUMIFS('상세 자료 작성'!$K:$K,'상세 자료 작성'!$C:$C,'요약(보고)'!$C19,'상세 자료 작성'!$A:$A,$AE$11,'상세 자료 작성'!$D:$D,$R$4)/10^8 -> 0 | U19: =T19-S19 -> 0 | V19: =R19+J19+N19 -> 2.6480417 | W19: =S19+K19+O19 -> 0 | X19: =T19+L19+P19 -> 0.3732771 | Y19: =X19-W19 -> 0.3732771 | Z19: =SUMIFS('상세 자료 작성'!$I:$I,'상세 자료 작성'!$C:$C,'요약(보고)'!$C19,'상세 자료 작성'!$A:$A,'요약(보고)'!$AE$9)/10^8 -> 6.4402005 | AA19: =SUMIFS('상세 자료 작성'!$J:$J,'상세 자료 작성'!$C:$C,'요약(보고)'!$C19,'상세 자료 작성'!$A:$A,'요약(보고)'!$AE$11)/10^8 -> 0 | AB19: =SUMIFS('상세 자료 작성'!$K:$K,'상세 자료 작성'!$C:$C,'요약(보고)'!$C19,'상세 자료 작성'!$A:$A,'요약(보고)'!$AE$11)/10^8 -> 0.3732771 | AC19: =AB19-AA19 -> 0.3732771
B20: 국내영업 | D20: =SUM(D21:D23) -> 0 | E20: =SUM(E21:E23) -> 3392.2517 | F20: =SUM(F21:F23) -> 0 | G20: =SUM(G21:G23) -> 672.24237 | H20: =SUM(H21:H23) -> 672.24237 | I20: =SUM(I21:I23) -> 0 | J20: =SUM(J21:J23) -> 0 | K20: =SUM(K21:K23) -> 236.81199 | ... Q20: =SUM(Q21:Q23) -> 0 | R20: ='상세 자료 작성'!I39 -> 9532347466 | S20: =SUM(S21:S23) -> 364.64057 | T20: =SUM(T21:T23) -> 364.64057 | U20: =SUM(U21:U23) -> 0 | V20: =SUM(V21:V23) -> 0 | W20: =SUM(W21:W23) -> 882.06849 | X20: =SUM(X21:X23) -> 882.06849 | Y20: =SUM(Y21:Y23) -> 0
C21: 케미컬 | D21: 0 | E21: 1869.8805 | F21: 0 | G21: 404.56184 | H21: 404.56184 | I21: =H21-G21 -> 0 | J21: 0 | K21: 157.15481 | L21: 157.15481 | M21: =L21-K21 -> 0 | N21: 0 | O21: 170.53756 | P21: 170.53756 | Q21: =P21-O21 -> 0 | R21: ='상세 자료 작성'!I40 -> 26963794201 | S21: 194.32657 | T21: 194.32657 | U21: =T21-S21 -> 0 | V21: 0 | W21: =K21+O21+S21 -> 522.01894 | X21: =L21+P21+T21 -> 522.01894 | Y21: =X21-W21 -> 0
C22: 바이오 | D22: 0 | E22: 1000 | F22: 0 | G22: 214.70497 | H22: 214.70497 | I22: =H22-G22 -> 0 | J22: 0 | K22: 57.938842 | L22: 57.938842 | M22: =L22-K22 -> 0 | N22: 0 | O22: 86.908263 | P22: 86.908263 | Q22: =P22-O22 -> 0 | R22: ='상세 자료 작성'!I41 -> 1151454672 | S22: 144.97406 | T22: 144.97406 | U22: =T22-S22 -> 0 | V22: 0 | W22: =K22+O22+S22 -> 289.82116 | X22: =L22+P22+T22 -> 289.82116 | Y22: =X22-W22 -> 0
C23: APAC | D23: 0 | E23: 522.37127 | F23: 0 | G23: 52.975551 | H23: 52.975551 | I23: =H23-G23 -> 0 | J23: 0 | K23: 21.718335 | L23: 21.718335 | M23: =L23-K23 -> 0 | N23: 0 | O23: 23.17011 | P23: 23.17011 | Q23: =P23-O23 -> 0 | R23: ='상세 자료 작성'!I42 -> 0 | S23: 25.339943 | T23: 25.339943 | U23: =T23-S23 -> 0 | V23: 0 | W23: =K23+O23+S23 -> 70.228388 | X23: =L23+P23+T23 -> 70.228388 | Y23: =X23-W23 -> 0
B24: *기타 : 약물감시, IIT 용역 추가 반영
B26: 1) 2월 매출 특이사항 | F26: 2월 | W26: * : 매출 미반영
B27: 구분 | E27: 계획 | G27: 전주 보고 (경영회의) | I27: 금주 보고 (경영회의) | K27: 전주 대비 | M27: 변경사유 / 특이사항
B28: 케미컬 상업 | E28: =(SUMIFS('상세 자료 작성'!$J:$J,'상세 자료 작성'!$A:$A,'요약(보고)'!$AE$11,'상세 자료 작성'!$D:$D,'요약(보고)'!$F$26,'상세 자료 작성'!$C:$C,'요약(보고)'!#REF!)+SUMIFS('상세 자료 작성'!$J:$J,'상세 자료 작성'!$A:$A,'요약(보고)'!$AE$11,'상세 자료 작성'!$D:$D,'요약(보고)'!$F$26,'상세 자료 작성'!$C:$C,'요약(보고)'!$C$10)+SUMIFS('상세 자료 작성'!$J:$J,'상세 자료 작성'!$A:$A,'요약(보고)'!$AE$11,'상세 자료 작성'!$D:$D,'요약(보고)'!$F$26,'상세 자료 작성'!$C:$C,'요약(보고)'!$C$11))/10^8 -> 12.254069 | G28: =(SUMIFS('상세 자료 작성'!$M:$M,'상세 자료 작성'!$A:$A,'요약(보고)'!$AE$11,'상세 자료 작성'!$D:$D,'요약(보고)'!$F$26,'상세 자료 작성'!$C:$C,'요약(보고)'!#REF!)+SUMIFS('상세 자료 작성'!$M:$M,'상세 자료 작성'!$A:$A,'요약(보고)'!$AE$11,'상세 자료 작성'!$D:$D,'요약(보고)'!$F$26,'상세 자료 작성'!$C:$C,'요약(보고)'!C10)+SUMIFS('상세 자료 작성'!$M:$M,'상세 자료 작성'!$A:$A,'요약(보고)'!$AE$11,'상세 자료 작성'!$D:$D,'요약(보고)'!$F$26,'상세 자료 작성'!$C:$C,'요약(보고)'!C11))/10^8 -> 12.382509 | I28: =(SUMIFS('상세 자료 작성'!$K:$K,'상세 자료 작성'!$A:$A,'요약(보고)'!$AE$11,'상세 자료 작성'!$D:$D,'요약(보고)'!$F$26,'상세 자료 작성'!$C:$C,'요약(보고)'!#REF!)+SUMIFS('상세 자료 작성'!$K:$K,'상세 자료 작성'!$A:$A,'요약(보고)'!$AE$11,'상세 자료 작성'!$D:$D,'요약(보고)'!$F$26,'상세 자료 작성'!$C:$C,'요약(보고)'!$C$10)+SUMIFS('상세 자료 작성'!$K:$K,'상세 자료 작성'!$A:$A,'요약(보고)'!$AE$11,'상세 자료 작성'!$D:$D,'요약(보고)'!$F$26,'상세 자료 작성'!$C:$C,'요약(보고)'!$C$11))/10^8 -> 9.8442169 | K28: =I28-G28 -> -2.538292 | M28: *전주 대비 -2.5억 (사업계획 대비 -2.5억원) 1. 네시나 25mg 대만향 Hasten社 측 선적일정 지연
B29: 바이오상업 | E29: =SUM(E30:F31) -> 90.822934 | G29: =SUM(G30:H31) -> 103.50969 | I29: =SUM(I30:J31) -> 102.46369 | K29: =I29-G29 -> -1.0460065
C30: PFS | E30: =SUMIFS('상세 자료 작성'!$J:$J,'상세 자료 작성'!$A:$A,'요약(보고)'!$AE$11,'상세 자료 작성'!$D:$D,'요약(보고)'!$F$26,'상세 자료 작성'!$C:$C,'요약(보고)'!$C$13)/10^8 -> 88.077118 | G30: =SUMIFS('상세 자료 작성'!$M:$M,'상세 자료 작성'!$A:$A,'요약(보고)'!$AE$11,'상세 자료 작성'!$D:$D,'요약(보고)'!$F$26,'상세 자료 작성'!$C:$C,'요약(보고)'!$C$13)/10^8 -> 100.50397 | I30: =SUMIFS('상세 자료 작성'!$K:$K,'상세 자료 작성'!$A:$A,'요약(보고)'!$AE$11,'상세 자료 작성'!$D:$D,'요약(보고)'!$F$26,'상세 자료 작성'!$C:$C,'요약(보고)'!$C$13)/10^8 -> 99.549516 | K30: =I30-G30 -> -0.9544497 | M30: * 전주 대비 -1억 (사업계획 대비 +11.4억) 1. 스테키마 미국향 US 변경허가 지연에 따른 매출 이월(-1억원)
C31: L&P | E31: =SUMIFS('상세 자료 작성'!$J:$J,'상세 자료 작성'!$A:$A,'요약(보고)'!$AE$11,'상세 자료 작성'!$D:$D,'요약(보고)'!$F$26,'상세 자료 작성'!$C:$C,'요약(보고)'!$C$14)/10^8 -> 2.7458164 | G31: =SUMIFS('상세 자료 작성'!$M:$M,'상세 자료 작성'!$A:$A,'요약(보고)'!$AE$11,'상세 자료 작성'!$D:$D,'요약(보고)'!$F$26,'상세 자료 작성'!$C:$C,'요약(보고)'!$C$14)/10^8 -> 3.0057284 | I31: =SUMIFS('상세 자료 작성'!$K:$K,'상세 자료 작성'!$A:$A,'요약(보고)'!$AE$11,'상세 자료 작성'!$D:$D,'요약(보고)'!$F$26,'상세 자료 작성'!$C:$C,$C$14)/10^8 -> 2.9141716 | K31: =I31-G31 -> -0.0915568 | M31: *사업계획 대비 +0.2억 : 고객사 요청물량 변경
B32: 개발용역 | E32: =SUM(E33:F36) -> 4.6475 | G32: =SUM(G33:H36) -> 4.0175 | I32: =SUM(I33:J36) -> 4.0175 | K32: =I32-G32 -> 0
C33: PFS 개발 | E33: =SUMIFS('상세 자료 작성'!$J:$J,'상세 자료 작성'!$A:$A,'요약(보고)'!$AE$11,'상세 자료 작성'!$D:$D,'요약(보고)'!$F$26,'상세 자료 작성'!$C:$C,$C16)/10^8 -> 3.71 | G33: =SUMIFS('상세 자료 작성'!$M:$M,'상세 자료 작성'!$A:$A,'요약(보고)'!$AE$11,'상세 자료 작성'!$D:$D,'요약(보고)'!$F$26,'상세 자료 작성'!$C:$C,$C16)/10^8 -> 3.08 | I33: =SUMIFS('상세 자료 작성'!$K:$K,'상세 자료 작성'!$A:$A,'요약(보고)'!$AE$11,'상세 자료 작성'!$D:$D,'요약(보고)'!$F$26,'상세 자료 작성'!$C:$C,$C16)/10^8 -> 3.08 | K33: =I33-G33 -> 0 | M33: *사업계획 대비 -0.63억 : CT-P42 멸균 PV 레포트 일정조정 (Interim Report 완료 → Residual NO2 시험 완류 후 최종화(3월 예상))
C34: LCM | E34: =SUMIFS('상세 자료 작성'!$J:$J,'상세 자료 작성'!$A:$A,'요약(보고)'!$AE$11,'상세 자료 작성'!$D:$D,'요약(보고)'!$F$26,'상세 자료 작성'!$C:$C,$C17)/10^8 -> 0.46875 | G34: =SUMIFS('상세 자료 작성'!$M:$M,'상세 자료 작성'!$A:$A,'요약(보고)'!$AE$11,'상세 자료 작성'!$D:$D,'요약(보고)'!$F$26,'상세 자료 작성'!$C:$C,$C17)/10^8 -> 0.46875 | I34: =SUMIFS('상세 자료 작성'!$K:$K,'상세 자료 작성'!$A:$A,'요약(보고)'!$AE$11,'상세 자료 작성'!$D:$D,'요약(보고)'!$F$26,'상세 자료 작성'!$C:$C,$C17)/10^8 -> 0.46875 | K34: =I34-G34 -> 0
C35: 내재화 개발 | E35: =SUMIFS('상세 자료 작성'!$J:$J,'상세 자료 작성'!$A:$A,'요약(보고)'!$AE$11,'상세 자료 작성'!$D:$D,'요약(보고)'!$F$26,'상세 자료 작성'!$C:$C,$C18)/10^8 -> 0.46875 | G35: =SUMIFS('상세 자료 작성'!$M:$M,'상세 자료 작성'!$A:$A,'요약(보고)'!$AE$11,'상세 자료 작성'!$D:$D,'요약(보고)'!$F$26,'상세 자료 작성'!$C:$C,$C18)/10^8 -> 0.46875 | I35: =SUMIFS('상세 자료 작성'!$K:$K,'상세 자료 작성'!$A:$A,'요약(보고)'!$AE$11,'상세 자료 작성'!$D:$D,'요약(보고)'!$F$26,'상세 자료 작성'!$C:$C,$C18)/10^8 -> 0.46875 | K35: =I35-G35 -> 0
C36: 기타(QA위임등)* | E36: =SUMIFS('상세 자료 작성'!$J:$J,'상세 자료 작성'!$A:$A,'요약(보고)'!$AE$11,'상세 자료 작성'!$D:$D,'요약(보고)'!$F$26,'상세 자료 작성'!$C:$C,$C19)/10^8 -> 0 | G36: =SUMIFS('상세 자료 작성'!$M:$M,'상세 자료 작성'!$A:$A,'요약(보고)'!$AE$11,'상세 자료 작성'!$D:$D,'요약(보고)'!$F$26,'상세 자료 작성'!$C:$C,$C19)/10^8 -> 0 | I36: =SUMIFS('상세 자료 작성'!$K:$K,'상세 자료 작성'!$A:$A,'요약(보고)'!$AE$11,'상세 자료 작성'!$D:$D,'요약(보고)'!$F$26,'상세 자료 작성'!$C:$C,$C19)/10^8 -> 0 | K36: =I36-G36 -> 0
B37: 총합 | E37: =E28+E29+E32 -> 107.7245 | G37: =SUM(G28,G29,G32) -> 119.9097 | I37: =I28+I29+I32 -> 116.3254 | K37: =I37-G37 -> -3.5842985 | M37: 전주 대비 -3.6억원, 사업계획 대비 +8.6억원
B39: 2) 3분기 매출 특이사항
B40: 구분 | E40: 계획 | G40: 전주 보고 (경영회의) | I40: 금주 보고 (경영회의) | K40: 전주 대비 | M40: 변경사유 / 특이사항
B41: 케미컬 상업 | E41: =W9 -> 25.134453 | G41: =SUM('상세 자료 작성'!M215:M217,'상세 자료 작성'!M226:M228,'상세 자료 작성'!M237:M239)/10^8 -> 44.626386 | I41: =X9 -> 24.999197 | K41: =I41-G41 -> -19.627189 | M41: 상동
B42: 바이오상업 | E42: =SUM(E43:F44) -> 246.45126 | G42: =SUM(G43:H44) -> 286.83866 | I42: =SUM(I43:J44) -> 248.86353 | K42: =I42-G42 -> -37.975131
C43: PFS | E43: =W13 -> 238.39926 | G43: =SUM('상세 자료 작성'!M219,'상세 자료 작성'!M230,'상세 자료 작성'!M241)/10^8 -> 280.24166 | I43: =X13 -> 240.7224 | K43: =I43-G43 -> -39.519258 | M43: 상동
C44: L&P | E44: =W14 -> 8.0520014 | G44: =SUM('상세 자료 작성'!M218,'상세 자료 작성'!M229,'상세 자료 작성'!M240)/10^8 -> 6.5970019 | I44: =X14 -> 8.1411292 | K44: =I44-G44 -> 1.5441273
B45: 개발용역 | E45: =SUM(E46:F50) -> #REF! | G45: =SUM(G46:H50) -> 50.647834 | I45: =SUM(I46:J50) -> #REF! | K45: =I45-G45 -> #REF!
C46: GCP | E46: =#REF! -> #REF! | G46: =SUM('상세 자료 작성'!M220,'상세 자료 작성'!M231,'상세 자료 작성'!M242)/10^8 -> 0 | I46: =#REF! -> #REF! | K46: =I46-G46 -> #REF!
C47: LCM | E47: =W17 -> 1.7875 | G47: =SUM('상세 자료 작성'!M221,'상세 자료 작성'!M232,'상세 자료 작성'!M243)/10^8 -> 7.905 | I47: =X17 -> 1.7875 | K47: =I47-G47 -> -6.1175
C48: PFS 개발 | E48: =W16 -> 35.327 | G48: =SUM('상세 자료 작성'!M222,'상세 자료 작성'!M233,'상세 자료 작성'!M244)/10^8 -> 39.26679 | I48: =X16 -> 32.328658 | K48: =I48-G48 -> -6.9381321
C49: 내재화 | E49: =W18 -> 4.6875 | G49: =SUM('상세 자료 작성'!M223,'상세 자료 작성'!M234,'상세 자료 작성'!M245)/10^8 -> 2.45975 | I49: =X18 -> 5.0495833 | K49: =I49-G49 -> 2.5898333
C50: 기타 | E50: =W19 -> 0 | G50: =SUM('상세 자료 작성'!M224,'상세 자료 작성'!M235,'상세 자료 작성'!M246)/10^8 -> 1.016294 | I50: =X19 -> 0.3732771 | K50: =I50-G50 -> -0.6430169
B51: 총합 | E51: =E41+E42+E45 -> #REF! | G51: =G41+G42+G45 -> 382.11288 | I51: =I41+I42+I45 -> #REF! | K51: =I51-G51 -> #REF! | M51: 3분기 계획비 +6.0억 → 실질롤링 +44.4억
B53: 3) 실질 롤링 전주 대비 비교
B54: 구분 | E54: 2분기 계획 | G54: 5월 롤링 | J54: 2분기 롤링 | M54: 변경사유 / 특이사항
G55: 전주 | H55: 금주 | I55: Gap | J55: 전주 | K55: 금주 | L55: Gap
B56: 케미컬 상업 | E56: 27.901129 | G56: 14.488975 | H56: 17.332736 | I56: =H56-G56 -> 2.8437606 | J56: 29.215681 | K56: 32.00412 | L56: =K56-J56 -> 2.7884382 | M56: - 4월 최종실적 반영(-0.2억) * 5월 네시나액트 25/30mg 태국향 수율 향상(+1억) 마일스톤 분기 이동 * 6월 네시나 12mg 홍콩향 긴급납기(+1.9억, 7월→6월)
B57: 바이오상업 | E57: 303.01408 | G57: 78.430538 | H57: 70.990869 | I57: =H57-G57 -> -7.439669 | J57: 260.93259 | K57: 262.69409 | L57: =K57-J57 -> 1.761505
C58: PFS | E58: 292.36851 | G58: 74.575491 | H58: 67.135823 | I58: =H58-G58 -> -7.439669 | J58: 244.39356 | K58: 245.16507 | L58: =K58-J58 -> 0.771505 | M58: 4월 최종실적 반영(-0.4억) 5월 마일스톤 분기 이동 * 6월 고객사 포장 요청물량 증가(+1.2억)
C59: L&P | E59: 10.645575 | G59: 3.8550466 | H59: 3.8550466 | I59: =H59-G59 -> 0 | J59: 16.539022 | K59: 17.529022 | L59: =K59-J59 -> 0.99 | M59: 4월 최종실적 반영(+1억)
B60: 개발용역 | E60: 0 | G60: 13.467252 | H60: 20.337252 | I60: =H60-G60 -> 6.87 | J60: 41.133106 | K60: 40.966091 | L60: =K60-J60 -> -0.16701532
C61: GCP | E61: 0 | G61: 0 | H61: 0 | I61: =H61-G61 -> 0 | J61: 0 | K61: 0 | L61: =K61-J61 -> 0
C62: LCM | E62: 0 | G62: 1.29 | H62: 0 | I62: =H62-G62 -> -1.29 | J62: 5.49 | K62: 5.49 | L62: =K62-J62 -> 0 | M62: 마일스톤 분기 이동
C63: PFS 개발 | E63: 0 | G63: 11.86121 | H63: 18.73121 | I63: =H63-G63 -> 6.87 | J63: 32.103231 | K63: 31.890174 | L63: =K63-J63 -> -0.21305699 | M63: *CT-P43 90mg 금액 수정(3.5억→3.3억) 및 마일스톤 분기 이동
C64: 내재화 | E64: 0 | G64: 0.31604167 | H64: 0.31604167 | I64: =H64-G64 -> 0 | J64: 3.291875 | K64: 3.3859167 | L64: =K64-J64 -> 0.09404167 | M64: 4월 최종실적 반영(+0.1억)
C65: 기타 | E65: 0 | G65: 0 | H65: 0 | I65: =H65-G65 -> 0 | J65: 0.248 | K65: 0.2 | L65: =K65-J65 -> -0.048
B66: 총합 | E66: 330.91521 | G66: 106.38677 | H66: 107.37086 | I66: =H66-G66 -> 0.98409158 | J66: 331.28137 | K66: 335.6643 | L66: =K66-J66 -> 4.3829279
B68: 3) 4분기 실질 롤링 상세
B76: 3) 연간매출 추정
C77: 구분 | F77: 비상경영 (10/25) | H77: 전주보고 | J77: 실질 롤링 | L77: 전주 대비 실질 차이 | N77: 변경사유 / 특이사항
C78: 케미컬 상업 | F78: ='요약(보고) 241025현실화'!BM9 -> 199.22286 | H78: =#REF! -> #REF! | J78: =H78 -> #REF! | L78: =J78-H78 -> #REF!
C79: 바이오상업 | F79: =SUM(F80:G81) -> 990.0024 | H79: =SUM(H80:I81) -> #REF! | J79: =SUM(J80:K81) -> #REF! | L79: =J79-H79 -> #REF!
D80: PFS | F80: ='요약(보고) 241025현실화'!BM15 -> 918.82666 | H80: =#REF! -> #REF! | J80: =H80+3 -> #REF! | L80: =J80-H80 -> #REF! | N80: - P39개발 - 상업 스위칭에 따른 충전/조립 매출 조기 인식 ('25년 → '24.12월) (12월 포장 매출 미정으로 미반영된 상황으로 추가 매출 인식 가능)
D81: L&P | F81: ='요약(보고) 241025현실화'!BM14 -> 71.175748 | H81: =#REF! -> #REF! | J81: =H81-3 -> #REF! | L81: =J81-H81 -> #REF! | N81: 12월 L&P 계획 5억 중 3억원 미달 예상 (현재 계획 2억, 최대 3억원까지 인식 가능 예상)
C82: 개발용역 | F82: =SUM(F83:G87) -> 105.2183 | H82: =SUM(H83:I87) -> #REF! | J82: =SUM(J83:K87) -> #REF! | L82: =J82-H82 -> #REF!
D83: GCP | F83: ='요약(보고) 241025현실화'!BM17 -> 3.98 | H83: =#REF! -> #REF! | J83: =H83 -> #REF! | L83: =J83-H83 -> #REF!
D84: LCM | F84: ='요약(보고) 241025현실화'!BM18 -> 32.45 | H84: =#REF! -> #REF! | J84: =H84 -> #REF! | L84: =J84-H84 -> #REF!
D85: PFS 개발 | F85: ='요약(보고) 241025현실화'!BM19 -> 33.285297 | H85: =#REF! -> #REF! | J85: =H85 -> #REF! | L85: =J85-H85 -> #REF!
D86: 내재화 | F86: ='요약(보고) 241025현실화'!BM20 -> 31.709833 | H86: =#REF! -> #REF! | J86: =H86 -> #REF! | L86: =J86-H86 -> #REF!
D87: 기타 | F87: ='요약(보고) 241025현실화'!BM21 -> 3.7931667 | H87: =#REF! -> #REF! | J87: =H87 -> #REF! | L87: =J87-H87 -> #REF!
C88: 총합 | F88: =F78+F79+F82 -> 1294.4436 | H88: =H79+H78+H82 -> #REF! | J88: =J78+J79+J82 -> #REF! | L88: =J88-H88 -> #REF!
A91: ■ 임원회의 자료
B93: 구 분 | D93: 상반기 누계 | K93: 7월 | R93: 7월 누계
D94: 전년 | E94: 계획 | F94: 현실화(9/26) | G94: 실적 | H94: 전년비 | I94: 계획비 | J94: 현실화비 | K94: 전년 | L94: 계획 | M94: 현실화(9/26) | N94: 실적 | O94: 전년비 | P94: 계획비 | Q94: 현실화비 | R94: 전년 | S94: 계획 | T94: 현실화(9/26) | U94: 실적 | V94: 전년비 | W94: 계획비 | X94: 현실화비
B95: 합계 | D95: =D96+D100+D103 -> #REF! | E95: =E96+E100+E103 -> #REF! | F95: =F96+F100+F103 -> #REF! | G95: =G96+G100+G103 -> #REF! | H95: =G95-D95 -> #REF! | I95: =G95-E95 -> #REF! | J95: =G95-F95 -> #REF! | K95: =K96+K100+K103 -> #REF! | L95: =L96+L100+L103 -> #REF! | M95: =M96+M100+M103 -> #REF! | N95: =N96+N100+N103 -> #REF! | O95: =N95-K95 -> #REF! | P95: =N95-L95 -> #REF! | Q95: =N95-M95 -> #REF! | R95: =R96+R100+R103 -> #REF! | S95: =S96+S100+S103 -> #REF! | T95: =T96+T100+T103 -> #REF! | U95: =U96+U100+U103 -> #REF! | V95: =U95-R95 -> #REF! | W95: =U95-S95 -> #REF! | X95: =U95-T95 -> #REF!
B96: 케미컬 상업 | D96: =SUM(D97:D99) -> #REF! | E96: =SUM(E97:E99) -> #REF! | F96: =SUM(F97:F99) -> #REF! | G96: =SUM(G97:G99) -> #REF! | H96: =G96-D96 -> #REF! | I96: =G96-E96 -> #REF! | J96: =G96-F96 -> #REF! | K96: =SUM(K97:K99) -> #REF! | L96: =SUM(L97:L99) -> #REF! | M96: =SUM(M97:M99) -> #REF! | N96: =SUM(N97:N99) -> #REF! | O96: =N96-K96 -> #REF! | P96: =N96-L96 -> #REF! | Q96: =N96-M96 -> #REF! | R96: =SUM(R97:R99) -> #REF! | S96: =SUM(S97:S99) -> #REF! | T96: =SUM(T97:T99) -> #REF! | U96: =SUM(U97:U99) -> #REF! | V96: =U96-R96 -> #REF! | W96: =U96-S96 -> #REF! | X96: =U96-T96 -> #REF!
C97: G07 (조달) | D97: =#REF! -> #REF! | E97: =#REF! -> #REF! | F97: =#REF! -> #REF! | G97: =#REF! -> #REF! | H97: =G97-D97 -> #REF! | I97: =G97-E97 -> #REF! | J97: =G97-F97 -> #REF! | K97: =F11 -> 0 | L97: =G11 -> 0.511345 | M97: =H11 -> 0.34089667 | N97: =H11 -> 0.34089667 | O97: =N97-K97 -> 0.34089667 | P97: =N97-L97 -> -0.17044833 | Q97: =N97-M97 -> 0 | R97: =#REF!+F11 -> #REF! | S97: =#REF!+G11 -> #REF! | T97: =F97+M97 -> #REF! | U97: =#REF!+H11 -> #REF! | V97: =U97-R97 -> #REF! | W97: =U97-S97 -> #REF! | X97: =U97-T97 -> #REF!
C98: 기타 | D98: =#REF! -> #REF! | E98: =#REF! -> #REF! | F98: =#REF! -> #REF! | G98: =#REF! -> #REF! | H98: =G98-D98 -> #REF! | I98: =G98-E98 -> #REF! | J98: =G98-F98 -> #REF! | K98: =#REF! -> #REF! | L98: =#REF! -> #REF! | M98: =#REF! -> #REF! | N98: =#REF! -> #REF! | O98: =N98-K98 -> #REF! | P98: =N98-L98 -> #REF! | Q98: =N98-M98 -> #REF! | R98: =#REF!+#REF! -> #REF! | S98: =#REF!+#REF! -> #REF! | T98: =F98+M98 -> #REF! | U98: =#REF!+#REF! -> #REF! | V98: =U98-R98 -> #REF! | W98: =U98-S98 -> #REF! | X98: =U98-T98 -> #REF!
C99: 내재화 | D99: =#REF! -> #REF! | E99: =#REF! -> #REF! | F99: =#REF! -> #REF! | G99: =#REF! -> #REF! | H99: =G99-D99 -> #REF! | I99: =G99-E99 -> #REF! | J99: =G99-F99 -> #REF! | K99: =F10 -> 17.979459 | L99: =G10 -> 24.623108 | M99: =H10 -> 24.658301 | N99: =H10 -> 24.658301 | O99: =N99-K99 -> 6.6788413 | P99: =N99-L99 -> 0.035192421 | Q99: =N99-M99 -> 0 | R99: =#REF!+F10 -> #REF! | S99: =#REF!+G10 -> #REF! | T99: =F99+M99 -> #REF! | U99: =#REF!+H10 -> #REF! | V99: =U99-R99 -> #REF! | W99: =U99-S99 -> #REF! | X99: =U99-T99 -> #REF!
B100: 바이오 상업 | D100: =SUM(D101:D102) -> #REF! | E100: =SUM(E101:E102) -> #REF! | F100: =SUM(F101:F102) -> #REF! | G100: =SUM(G101:G102) -> #REF! | H100: =G100-D100 -> #REF! | I100: =G100-E100 -> #REF! | J100: =G100-F100 -> #REF! | K100: =SUM(K101:K102) -> 203.6367 | L100: =SUM(L101:L102) -> 246.45126 | M100: =SUM(M101:M102) -> 248.86353 | N100: =SUM(N101:N102) -> 248.86353 | O100: =N100-K100 -> 45.226828 | P100: =N100-L100 -> 2.4122721 | Q100: =N100-M100 -> 0 | R100: =SUM(R101:R102) -> #REF! | S100: =SUM(S101:S102) -> #REF! | T100: =SUM(T101:T102) -> #REF! | U100: =SUM(U101:U102) -> #REF! | V100: =U100-R100 -> #REF! | W100: =U100-S100 -> #REF! | X100: =U100-T100 -> #REF!
C101: L&P 상업 | D101: =#REF! -> #REF! | E101: =#REF! -> #REF! | F101: =#REF! -> #REF! | G101: =#REF! -> #REF! | H101: =G101-D101 -> #REF! | I101: =G101-E101 -> #REF! | J101: =G101-F101 -> #REF! | K101: =F14 -> 14.588646 | L101: =G14 -> 8.0520014 | M101: =H14 -> 8.1411292 | N101: =H14 -> 8.1411292 | O101: =N101-K101 -> -6.4475172 | P101: =N101-L101 -> 0.0891278 | Q101: =N101-M101 -> 0 | R101: =#REF!+F14 -> #REF! | S101: =#REF!+G14 -> #REF! | T101: =F101+M101 -> #REF! | U101: =#REF!+H14 -> #REF! | V101: =U101-R101 -> #REF! | W101: =U101-S101 -> #REF! | X101: =U101-T101 -> #REF!
C102: PFS 상업 | D102: =#REF! -> #REF! | E102: =#REF! -> #REF! | F102: =#REF! -> #REF! | G102: =#REF! -> #REF! | H102: =G102-D102 -> #REF! | I102: =G102-E102 -> #REF! | J102: =G102-F102 -> #REF! | K102: =F13 -> 189.04806 | L102: =G13 -> 238.39926 | M102: =H13 -> 240.7224 | N102: =H13 -> 240.7224 | O102: =N102-K102 -> 51.674345 | P102: =N102-L102 -> 2.3231443 | Q102: =N102-M102 -> 0 | R102: =#REF!+F13 -> #REF! | S102: =#REF!+G13 -> #REF! | T102: =F102+M102 -> #REF! | U102: =#REF!+H13 -> #REF! | V102: =U102-R102 -> #REF! | W102: =U102-S102 -> #REF! | X102: =U102-T102 -> #REF!
B103: 개발 용역 | D103: =SUM(D104:D108) -> #REF! | E103: =SUM(E104:E108) -> #REF! | F103: =SUM(F104:F108) -> #REF! | G103: =SUM(G104:G108) -> #REF! | H103: =G103-D103 -> #REF! | I103: =G103-E103 -> #REF! | J103: =G103-F103 -> #REF! | K103: =SUM(K104:K108) -> #REF! | L103: =SUM(L104:L108) -> #REF! | M103: =SUM(M104:M108) -> #REF! | N103: =SUM(N104:N108) -> #REF! | O103: =N103-K103 -> #REF! | P103: =N103-L103 -> #REF! | Q103: =N103-M103 -> #REF! | R103: =SUM(R104:R108) -> #REF! | S103: =SUM(S104:S108) -> #REF! | T103: =SUM(T104:T108) -> #REF! | U103: =SUM(U104:U108) -> #REF! | V103: =U103-R103 -> #REF! | W103: =U103-S103 -> #REF! | X103: =U103-T103 -> #REF!
C104: GCP 개발 | D104: =#REF! -> #REF! | E104: =#REF! -> #REF! | F104: =#REF! -> #REF! | G104: =#REF! -> #REF! | H104: =G104-D104 -> #REF! | I104: =G104-E104 -> #REF! | J104: =G104-F104 -> #REF! | K104: =#REF! -> #REF! | L104: =#REF! -> #REF! | M104: =#REF! -> #REF! | N104: =#REF! -> #REF! | O104: =N104-K104 -> #REF! | P104: =N104-L104 -> #REF! | Q104: =N104-M104 -> #REF! | R104: =#REF!+#REF! -> #REF! | S104: =#REF!+#REF! -> #REF! | T104: =F104+M104 -> #REF! | U104: =#REF!+#REF! -> #REF! | V104: =U104-R104 -> #REF! | W104: =U104-S104 -> #REF! | X104: =U104-T104 -> #REF!
C105: LCM 개발 | D105: =#REF! -> #REF! | E105: =#REF! -> #REF! | F105: =#REF! -> #REF! | G105: =#REF! -> #REF! | H105: =G105-D105 -> #REF! | I105: =G105-E105 -> #REF! | J105: =G105-F105 -> #REF! | K105: =F17 -> 3.66 | L105: =G17 -> 1.7875 | M105: =H17 -> 1.7875 | N105: =H17 -> 1.7875 | O105: =N105-K105 -> -1.8725 | P105: =N105-L105 -> 0 | Q105: =N105-M105 -> 0 | R105: =#REF!+F17 -> #REF! | S105: =#REF!+G17 -> #REF! | T105: =F105+M105 -> #REF! | U105: =#REF!+H17 -> #REF! | V105: =U105-R105 -> #REF! | W105: =U105-S105 -> #REF! | X105: =U105-T105 -> #REF!
C106: PFS 개발 | D106: =#REF! -> #REF! | E106: =#REF! -> #REF! | F106: =#REF! -> #REF! | G106: =#REF! -> #REF! | H106: =G106-D106 -> #REF! | I106: =G106-E106 -> #REF! | J106: =G106-F106 -> #REF! | K106: =F16 -> 42.27486 | L106: =G16 -> 35.327 | M106: =H16 -> 32.328658 | N106: =H16 -> 32.328658 | O106: =N106-K106 -> -9.9462021 | P106: =N106-L106 -> -2.998342 | Q106: =N106-M106 -> 0 | R106: =#REF!+F16 -> #REF! | S106: =#REF!+G16 -> #REF! | T106: =F106+M106 -> #REF! | U106: =#REF!+H16 -> #REF! | V106: =U106-R106 -> #REF! | W106: =U106-S106 -> #REF! | X106: =U106-T106 -> #REF!
C107: 생산내재화 | D107: =#REF! -> #REF! | E107: =#REF! -> #REF! | F107: =#REF! -> #REF! | G107: =#REF! -> #REF! | H107: =G107-D107 -> #REF! | I107: =G107-E107 -> #REF! | J107: =G107-F107 -> #REF! | K107: =F18 -> 5.2999167 | L107: =G18 -> 4.6875 | M107: =H18 -> 5.0495833 | N107: =H18 -> 5.0495833 | O107: =N107-K107 -> -0.25033334 | P107: =N107-L107 -> 0.36208334 | Q107: =N107-M107 -> 0 | R107: =#REF!+F18 -> #REF! | S107: =#REF!+G18 -> #REF! | T107: =F107+M107 -> #REF! | U107: =#REF!+H18 -> #REF! | V107: =U107-R107 -> #REF! | W107: =U107-S107 -> #REF! | X107: =U107-T107 -> #REF!
C108: QA위임 | D108: =#REF! -> #REF! | E108: =#REF! -> #REF! | F108: =#REF! -> #REF! | G108: =#REF! -> #REF! | H108: =G108-D108 -> #REF! | I108: =G108-E108 -> #REF! | J108: =G108-F108 -> #REF! | K108: =F19 -> 2.6480417 | L108: =G19 -> 0 | M108: =H19 -> 0.3732771 | N108: =H19 -> 0.3732771 | O108: =N108-K108 -> -2.2747646 | P108: =N108-L108 -> 0.3732771 | Q108: =N108-M108 -> 0 | R108: =#REF!+F19 -> #REF! | S108: =#REF!+G19 -> #REF! | T108: =F108+M108 -> #REF! | U108: =#REF!+H19 -> #REF! | V108: =U108-R108 -> #REF! | W108: =U108-S108 -> #REF! | X108: =U108-T108 -> #REF!
B110: 구 분 | D110: 3분기 | K110: 3분기 누계
D111: 전년 | E111: 계획 | F111: 현실화(9/26) | G111: 실적 | H111: 전년비 | I111: 계획비 | J111: 현실화비 | K111: 전년 | L111: 계획 | M111: 현실화(9/26) | N111: 실적 | O111: 전년비 | P111: 계획비 | Q111: 현실화비
B112: 합계 | D112: =D113+D117+D120 -> #REF! | E112: =E113+E117+E120 -> #REF! | F112: =F113+F117+F120 -> 410.31471 | G112: =G113+G117+G120 -> #REF! | H112: =G112-D112 -> #REF! | I112: =G112-E112 -> #REF! | J112: =G112-F112 -> #REF! | K112: =K113+K117+K120 -> #REF! | L112: =L113+L117+L120 -> #REF! | M112: =M113+M117+M120 -> #REF! | N112: =N113+N117+N120 -> #REF! | O112: =N112-K112 -> #REF! | P112: =N112-L112 -> #REF! | Q112: =N112-M112 -> #REF!
B113: 케미컬 상업 | D113: =SUM(D114:D116) -> #REF! | E113: =SUM(E114:E116) -> #REF! | F113: =SUM(F114:F116) -> 29.270583 | G113: =SUM(G114:G116) -> #REF! | H113: =G113-D113 -> #REF! | I113: =G113-E113 -> #REF! | J113: =G113-F113 -> #REF! | K113: =SUM(K114:K116) -> #REF! | L113: =SUM(L114:L116) -> #REF! | M113: =SUM(M114:M116) -> #REF! | N113: =SUM(N114:N116) -> #REF! | O113: =N113-K113 -> #REF! | P113: =N113-L113 -> #REF! | Q113: =N113-M113 -> #REF!
C114: G07 (조달) | D114: =V11 -> 0 | E114: =W11 -> 0.511345 | F114: ='요약(보고) 241025현실화'!AP10 -> 6.0365556 | G114: =X11 -> 0.34089667 | H114: =G114-D114 -> 0.34089667 | I114: =G114-E114 -> -0.17044833 | J114: =G114-F114 -> -5.6956589 | K114: =D97+D114 -> #REF! | L114: =E97+E114 -> #REF! | M114: =F97+F114 -> #REF! | N114: =G97+G114 -> #REF! | O114: =N114-K114 -> #REF! | P114: =N114-L114 -> #REF! | Q114: =N114-M114 -> #REF!
C115: 기타 | D115: =#REF! -> #REF! | E115: =#REF! -> #REF! | F115: ='요약(보고) 241025현실화'!AP11 -> 0 | G115: =#REF! -> #REF! | H115: =G115-D115 -> #REF! | I115: =G115-E115 -> #REF! | J115: =G115-F115 -> #REF! | K115: =D98+D115 -> #REF! | L115: =E98+E115 -> #REF! | M115: =F98+F115 -> #REF! | N115: =G98+G115 -> #REF! | O115: =N115-K115 -> #REF! | P115: =N115-L115 -> #REF! | Q115: =N115-M115 -> #REF!
...

Sheet 상세 자료 작성
D1: ■ 주간 매출보고 자료
D2: 1) PO 기준 : | F2: 케미컬상업 | G2: 실질 PO 접수 기준
F3: PFS 상업 | G3: 2개월 100% Binding FCST 기준
F4: L&P 상업 | G4: 2개월 100% Binding FCST 기준
N5: 기준일자 : 2025-06-26
A6: 연 | B6: 분기 | D6: 월 | E6: 주차 | F6: 법인 | G6: 구분 | H6: 상세구분 | I6: 매출실적 | J6: 사업계획 | K6: 예상마감 | L6: 달성률 | M6: 전주 예상 실적 | N6: Gap
A7: 24년 | B7: 1분기 | C7: G07 | D7: 1월 | E7: 1주차 | F7: 셀트리온제약 | G7: 용역 | H7: CMO상업_조달 | I7: 302597280 | J7: ='2024년 계획_변경적용'!F45 -> 736312500 | K7: 302597280 | L7: =+K7/J7 -> 0.41096312 | M7: 302597280 | N7: =K7-M7 -> 0 | P7: 302597280 | Q7: =P7-I7 -> 0
A8: 24년 | B8: 1분기 | C8: 기타 | D8: =D7 -> 1월 | E8: 1주차 | F8: 셀트리온제약 | G8: 용역 | H8: CMO상업_미국 | I8: 0 | J8: ='2024년 계획_변경적용'!F44 -> 0 | K8: 0 | M8: 0 | N8: =K8-M8 -> 0 | P8: 0 | Q8: =P8-I8 -> 0
A9: 24년 | B9: 1분기 | C9: 내재화 | D9: =D8 -> 1월 | E9: 1주차 | F9: 셀트리온제약 | G9: 용역 | H9: CMO상업_내재화 | I9: 0 | J9: ='2024년 계획_변경적용'!F48 -> 0 | K9: 0 | M9: 0 | N9: =K9-M9 -> 0 | P9: 0 | Q9: =P9-I9 -> 0
A10: 24년 | B10: 1분기 | C10: L&P | D10: =D9 -> 1월 | E10: 1주차 | F10: 셀트리온제약 | G10: 용역 | H10: CMO상업_L&P | I10: 1013747020 | J10: ='2024년 계획_변경적용'!F46 -> 9.5931083e+08 | K10: 1013747020 | L10: =+K10/J10 -> 1.0567451 | M10: 1013747020 | N10: =K10-M10 -> 0 | P10: 1013747020 | Q10: =P10-I10 -> 0
A11: 24년 | B11: 1분기 | C11: PFS | D11: =D10 -> 1월 | E11: 1주차 | F11: 셀트리온제약 | G11: 용역 | H11: CMO상업_PFS | I11: 4869898150 | J11: ='2024년 계획_변경적용'!F47 -> 4405740000 | K11: 4869898150 | L11: =+K11/J11 -> 1.1053531 | M11: =5437734400-580000000 -> 4857734400 | N11: =K11-M11 -> 12163750 | P11: 4869898150 | Q11: =P11-I11 -> 0 | R11: =R12-K133 -> 0 | S11: =S12-K144 -> 0
A12: 24년 | B12: 1분기 | C12: GCP | D12: =D11 -> 1월 | E12: 1주차 | F12: 셀트리온제약 | G12: 용역 | H12: CMO용역_GCP | I12: 0 | J12: ='2024년 계획_변경적용'!F50 -> 0 | K12: 0 | M12: 0 | N12: =K12-M12 -> 0 | P12: 0 | Q12: =P12-I12 -> 0 | R12: =SUM(R14:R25) -> 12361988503 | S12: =SUM(S14:S25) -> 15101542896 | T12: =SUM(T14:T25) -> 27463531399
A13: 24년 | B13: 1분기 | C13: LCM | D13: =D12 -> 1월 | E13: 1주차 | F13: 셀트리온제약 | G13: 용역 | H13: CMO용역_LCM | I13: 0 | J13: ='2024년 계획_변경적용'!F53 -> 490500000 | K13: 0 | L13: =+K13/J13 -> 0 | M13: 0 | N13: =K13-M13 -> 0 | P13: 0 | Q13: =P13-I13 -> 0 | R13: 11월 | S13: 12월 | T13: 합계
A14: 24년 | B14: 1분기 | C14: PFS 개발 | D14: =D13 -> 1월 | E14: 1주차 | F14: 셀트리온제약 | G14: 용역 | H14: CMO용역_PFS | I14: 439139429 | J14: ='2024년 계획_변경적용'!F51 -> 0 | K14: 439139429 | M14: 404210000 | N14: =K14-M14 -> 34929429 | P14: 439139429 | Q14: =P14-I14 -> 0 | R14: =SUM(K123:K124) -> 0 | S14: =SUM(K134:K135) -> 0 | T14: =SUM(R14:S14) -> 0
A15: 24년 | B15: 1분기 | C15: 내재화 개발 | D15: =D14 -> 1월 | E15: 1주차 | F15: 셀트리온제약 | G15: 용역 | H15: CMO용역_내재화 | I15: 67266666 | J15: ='2024년 계획_변경적용'!F52 -> 0 | K15: 67266666 | M15: 42700000 | N15: =K15-M15 -> 24566666 | P15: 67266666 | Q15: =P15-I15 -> 0 | R15: =K126 -> 166471840 | S15: =K137 -> 190623740 | T15: =SUM(R15:S15) -> 357095580
A16: 24년 | B16: 1분기 | C16: 기타(QA위임등)* | D16: =D15 -> 1월 | E16: 1주차 | F16: 셀트리온제약 | G16: 용역 | H16: 용역_QA위임 | I16: 39867000 | J16: 0 | K16: 39867000 | M16: 39867000 | N16: =K16-M16 -> 0 | P16: 39867000 | Q16: =P16-I16 -> 0 | R16: =K127 -> 7377697800 | S16: =K138 -> 8035017050 | T16: =SUM(R16:S16) -> 15412714850
E17: 1월 예상 실적 | I17: =SUM(I7:I16) -> 6732515545 | J17: =SUM(J7:J16) -> 6.5918633e+09 | K17: =SUM(K7:K16) -> 6732515545 | L17: =I17/J17 -> 1.0213372 | M17: =SUM(M7:M16) -> 6660855700 | N17: =SUM(N7:N16) -> 71659845 | P17: 6732515545 | Q17: =P17-I17 -> 0 | R17: =K125 -> 4528225660 | S17: =K136 -> 6019051822 | T17: =SUM(R17:S17) -> 10547277482
A18: 24년 | B18: 1분기 | C18: G07 | D18: 2월 | E18: 1주차 | F18: 셀트리온제약 | G18: 용역 | H18: CMO상업_조달 | I18: 5372064744 | J18: ='2024년 계획_변경적용'!G45 -> 3253527000 | K18: 5372064744 | L18: =+I18/J18 -> 1.6511511 | M18: 5372064744 | N18: =K18-M18 -> 0 | P18: 5372064744 | Q18: =P18-I18 -> 0 | R18: =K128 -> 0 | S18: =K139 -> 134600000 | T18: =SUM(R18:S18) -> 134600000
A19: 24년 | B19: 1분기 | C19: 기타 | D19: =D18 -> 2월 | E19: 1주차 | F19: 셀트리온제약 | G19: 용역 | H19: CMO상업_미국 | I19: 0 | J19: ='2024년 계획_변경적용'!G44 -> 0 | K19: 0 | M19: 0 | N19: =K19-M19 -> 0 | P19: 0 | Q19: =P19-I19 -> 0 | R19: =K129 -> 38500000 | S19: =K140 -> 46875000 | T19: =SUM(R19:S19) -> 85375000
A20: 24년 | B20: 1분기 | C20: 내재화 | D20: =D19 -> 2월 | E20: 1주차 | F20: 셀트리온제약 | G20: 용역 | H20: CMO상업_내재화 | I20: 0 | J20: ='2024년 계획_변경적용'!G48 -> 0 | K20: 0 | M20: 0 | N20: =K20-M20 -> 0 | P20: 0 | Q20: =P20-I20 -> 0 | R20: =K130 -> 110001036 | S20: =K141 -> 476323136 | T20: =SUM(R20:S20) -> 586324172
A21: 24년 | B21: 1분기 | C21: L&P | D21: =D20 -> 2월 | E21: 1주차 | F21: 셀트리온제약 | G21: 용역 | H21: CMO상업_L&P | I21: 684982200 | J21: ='2024년 계획_변경적용'!G46 -> 9.5931083e+08 | K21: 684982200 | L21: =+I21/J21 -> 0.71403572 | M21: 684982200 | N21: =K21-M21 -> 0 | P21: 684982200 | Q21: =P21-I21 -> 0 | R21: =K131 -> 125354167 | S21: =K142 -> 31604167 | T21: =SUM(R21:S21) -> 156958334
A22: 24년 | B22: 1분기 | C22: PFS | D22: =D21 -> 2월 | E22: 1주차 | F22: 셀트리온제약 | G22: 용역 | H22: CMO상업_PFS | I22: 4437683550 | J22: ='2024년 계획_변경적용'!G47 -> 4.7866246e+08 | K22: 4437683550 | M22: 4437583550 | N22: =K22-M22 -> 100000 | P22: 4437683550 | Q22: =P22-I22 -> 0 | R22: =K132 -> 15738000 | S22: =K143 -> 167447981 | T22: =SUM(R22:S22) -> 183185981
A23: 24년 | B23: 1분기 | C23: GCP | D23: =D22 -> 2월 | E23: 1주차 | F23: 셀트리온제약 | G23: 용역 | H23: CMO용역_GCP | I23: 40000000 | J23: ='2024년 계획_변경적용'!G50 -> 40000000 | K23: 40000000 | L23: =+I23/J23 -> 1 | M23: 40000000 | N23: =K23-M23 -> 0 | P23: 40000000 | Q23: =P23-I23 -> 0 | T23: =SUM(R23:S23) -> 0
A24: 24년 | B24: 1분기 | C24: LCM | D24: =D23 -> 2월 | E24: 1주차 | F24: 셀트리온제약 | G24: 용역 | H24: CMO용역_LCM | I24: 0 | J24: ='2024년 계획_변경적용'!G53 -> 766500000 | K24: 0 | L24: =+I24/J24 -> 0 | M24: 0 | N24: =K24-M24 -> 0 | P24: 0 | Q24: =P24-I24 -> 0
A25: 24년 | B25: 1분기 | C25: PFS 개발 | D25: =D24 -> 2월 | E25: 1주차 | F25: 셀트리온제약 | G25: 용역 | H25: CMO용역_PFS | I25: 14069429 | J25: ='2024년 계획_변경적용'!G51 -> 162000000 | K25: 14069429 | L25: =+I25/J25 -> 0.086848327 | M25: 0 | N25: =K25-M25 -> 14069429 | P25: 14069429 | Q25: =P25-I25 -> 0
A26: 24년 | B26: 1분기 | C26: 내재화 개발 | D26: =D25 -> 2월 | E26: 1주차 | F26: 셀트리온제약 | G26: 용역 | H26: CMO용역_내재화 | I26: 119041667 | J26: ='2024년 계획_변경적용'!G52 -> 93750000 | K26: 119041667 | L26: =+I26/J26 -> 1.2697778 | M26: 93750000 | N26: =K26-M26 -> 25291667 | P26: 119041667 | Q26: =P26-I26 -> 0
A27: 24년 | B27: 1분기 | C27: 기타(QA위임등)* | D27: =D26 -> 2월 | E27: 1주차 | F27: 셀트리온제약 | G27: 용역 | H27: 용역_QA위임 | I27: 31089600 | J27: 0 | K27: 31089600 | M27: 0 | N27: =K27-M27 -> 31089600 | P27: 31089600 | Q27: =P27-I27 -> 0
E28: 2월 실적 | I28: =SUM(I18:I27) -> 10698931190 | J28: =SUM(J18:J27) -> 5.7537503e+09 | K28: =SUM(K18:K27) -> 10698931190 | L28: =I28/J28 -> 1.8594709 | M28: =SUM(M18:M27) -> 10628380494 | N28: =SUM(N18:N27) -> 70550696 | P28: 10698931190 | Q28: =P28-I28 -> 0
A29: 24년 | B29: 1분기 | C29: G07 | D29: 3월 | E29: 4주차 | F29: 셀트리온제약 | G29: 용역 | H29: CMO상업_조달 | I29: 2967439150 | J29: ='2024년 계획_변경적용'!H45 -> 2762644500 | K29: 2967439150 | L29: =+I29/J29 -> 1.0741299 | M29: 2953104000 | N29: =K29-M29 -> 14335150 | P29: 2967439150 | Q29: =P29-I29 -> 0
A30: 24년 | B30: 1분기 | C30: 기타 | D30: =D29 -> 3월 | E30: 4주차 | F30: 셀트리온제약 | G30: 용역 | H30: CMO상업_미국 | I30: 0 | J30: ='2024년 계획_변경적용'!H44 -> 0 | K30: 0 | L30: =+I30/J30 -> #DIV/0! | M30: 0 | N30: =K30-M30 -> 0 | P30: 0 | Q30: =P30-I30 -> 0
A31: 24년 | B31: 1분기 | C31: 내재화 | D31: =D30 -> 3월 | E31: 1주차 | F31: 셀트리온제약 | G31: 용역 | H31: CMO상업_내재화 | I31: 0 | J31: ='2024년 계획_변경적용'!H48 -> 0 | K31: 0 | M31: 0 | N31: =K31-M31 -> 0 | P31: 0 | Q31: =P31-I31 -> 0
A32: 24년 | B32: 1분기 | C32: L&P | D32: =D31 -> 3월 | E32: 4주차 | F32: 셀트리온제약 | G32: 용역 | H32: CMO상업_L&P | I32: 1047403520 | J32: 9.5931083e+08 | K32: 1047403520 | L32: =+I32/J32 -> 1.0918291 | M32: 9.5931083e+08 | N32: =K32-M32 -> 88092692 | P32: 1047403520 | Q32: =P32-I32 -> 0
A33: 24년 | B33: 1분기 | C33: PFS | D33: =D32 -> 3월 | E33: 4주차 | F33: 셀트리온제약 | G33: 용역 | H33: CMO상업_PFS | I33: 4508694300 | J33: 4.7344899e+09 | K33: 4508694300 | L33: =+I33/J33 -> 0.95230835 | M33: 4275201700 | N33: =K33-M33 -> 233492600 | P33: 4508694300 | Q33: =P33-I33 -> 0
A34: 24년 | B34: 1분기 | C34: GCP | D34: =D33 -> 3월 | E34: 4주차 | F34: 셀트리온제약 | G34: 용역 | H34: CMO용역_GCP | I34: 0 | J34: 0 | K34: 0 | M34: 0 | N34: =K34-M34 -> 0 | P34: 0 | Q34: =P34-I34 -> 0 | R34: =R14/10^8 -> 0 | S34: =S14/10^8 -> 0 | T34: =T14/10^8 -> 0
A35: 24년 | B35: 1분기 | C35: LCM | D35: =D34 -> 3월 | E35: 4주차 | F35: 셀트리온제약 | G35: 용역 | H35: CMO용역_LCM | I35: 520375000 | J35: 1666750000 | K35: 520375000 | L35: =+I35/J35 -> 0.31220939 | M35: 520375000 | N35: =K35-M35 -> 0 | P35: 520375000 | Q35: =P35-I35 -> 0 | R35: =R15/10^8 -> 1.6647184 | S35: =S15/10^8 -> 1.9062374 | T35: =T15/10^8 -> 3.5709558
A36: 24년 | B36: 1분기 | C36: PFS 개발 | D36: =D35 -> 3월 | E36: 4주차 | F36: 셀트리온제약 | G36: 용역 | H36: CMO용역_PFS | I36: 421269829 | J36: 5.06e+08 | K36: 421269829 | L36: =+I36/J36 -> 0.83254907 | M36: 422269429 | N36: =K36-M36 -> -999600 | P36: 421269829 | Q36: =P36-I36 -> 0 | R36: =R16/10^8 -> 73.776978 | S36: =S16/10^8 -> 80.350171 | T36: =T16/10^8 -> 154.12715
A37: 24년 | B37: 1분기 | C37: 내재화 개발 | D37: =D36 -> 3월 | E37: 4주차 | F37: 셀트리온제약 | G37: 용역 | H37: CMO용역_내재화 | I37: 25291667 | J37: 361875000 | K37: 25291667 | L37: =+I37/J37 -> 0.069890617 | M37: 212791667 | N37: =K37-M37 -> -187500000 | P37: 25291667 | Q37: =P37-I37 -> 0 | R37: =R17/10^8 -> 45.282257 | S37: =S17/10^8 -> 60.190518 | T37: =T17/10^8 -> 105.47277
A38: 24년 | B38: 1분기 | C38: 기타(QA위임등)* | D38: =D37 -> 3월 | E38: 1주차 | F38: 셀트리온제약 | G38: 용역 | H38: 용역_QA위임 | I38: 41874000 | J38: 0 | K38: 41874000 | L38: =+K38/J38 -> #DIV/0! | M38: 0 | N38: =K38-M38 -> 41874000 | P38: 41874000 | Q38: =P38-I38 -> 0 | R38: =R18/10^8 -> 0 | S38: =S18/10^8 -> 1.346 | T38: =T18/10^8 -> 1.346
E39: 3월 실적 | I39: =SUM(I29:I38) -> 9532347466 | J39: =SUM(J29:J38) -> 1.099107e+10 | K39: =SUM(K29:K38) -> 9532347466 | L39: =I39/J39 -> 0.8672811 | M39: =SUM(M29:M38) -> 9.3430526e+09 | N39: =SUM(N29:N38) -> 1.8929484e+08 | P39: 9532347466 | Q39: =P39-I39 -> 0 | R39: =R19/10^8 -> 0.385 | S39: =S19/10^8 -> 0.46875 | T39: =T19/10^8 -> 0.85375
D40: 1분기 실적 | I40: =I28+I17+I39 -> 26963794201 | J40: =J39+J28+J17 -> 2.3336684e+10 | K40: =K39+K28+K17 -> 26963794201 | L40: =K40/J40 -> 1.1554253 | M40: =M39+M28+M17 -> 2.6632289e+10 | N40: =N39+N28+N17 -> 3.3150538e+08 | P40: 26963794201 | Q40: =P40-I40 -> 0 | R40: =R20/10^8 -> 1.1000104 | S40: =S20/10^8 -> 4.7632314 | T40: =T20/10^8 -> 5.8632417
A41: 24년 | B41: 2분기 | C41: G07 | D41: 4월 | E41: 1주차 | F41: 셀트리온제약 | G41: 용역 | H41: CMO상업_조달 | I41: 1151454672 | J41: ='2024년 계획_변경적용'!I45 -> 1339107000 | K41: 1151454672 | L41: =+I41/J41 -> 0.85986756 | M41: 1151454672 | N41: =K41-M41 -> 0 | P41: 1151454672 | Q41: =P41-I41 -> 0 | R41: =R21/10^8 -> 1.2535417 | S41: =S21/10^8 -> 0.31604167 | T41: =T21/10^8 -> 1.5695833
A42: 24년 | B42: 2분기 | C42: 기타 | D42: =D41 -> 4월 | E42: 1주차 | F42: 셀트리온제약 | G42: 용역 | H42: CMO상업_미국 | I42: 0 | J42: ='2024년 계획_변경적용'!I44 -> 0 | K42: 0 | M42: 0 | N42: =K42-M42 -> 0 | P42: 0 | Q42: =P42-I42 -> 0 | R42: =R22/10^8 -> 0.15738 | S42: =S22/10^8 -> 1.6744798 | T42: =T22/10^8 -> 1.8318598
A43: 24년 | B43: 2분기 | C43: 내재화 | D43: =D42 -> 4월 | E43: 1주차 | F43: 셀트리온제약 | G43: 용역 | H43: CMO상업_내재화 | I43: 0 | J43: ='2024년 계획_변경적용'!I48 -> 0 | K43: 0 | M43: 0 | N43: =K43-M43 -> 0 | P43: 0 | Q43: =P43-I43 -> 0
A44: 24년 | B44: 2분기 | C44: L&P | D44: =D43 -> 4월 | E44: 1주차 | F44: 셀트리온제약 | G44: 용역 | H44: CMO상업_L&P | I44: 1304419840 | J44: ='2024년 계획_변경적용'!I46 -> 7.6219083e+08 | K44: 1304419840 | L44: =+I44/J44 -> 1.7114085 | M44: 1304419840 | N44: =K44-M44 -> 0 | P44: 1304419840 | Q44: =P44-I44 -> 0
A45: 24년 | B45: 2분기 | C45: PFS | D45: =D44 -> 4월 | E45: 1주차 | F45: 셀트리온제약 | G45: 용역 | H45: CMO상업_PFS | I45: 6333791850 | J45: ='2024년 계획_변경적용'!I47 -> 4302583000 | K45: 6333791850 | L45: =+I45/J45 -> 1.4720906 | M45: 6333791850 | N45: =K45-M45 -> 0 | P45: 6333791850 | Q45: =P45-I45 -> 0
A46: 24년 | B46: 2분기 | C46: GCP | D46: =D45 -> 4월 | E46: 1주차 | F46: 셀트리온제약 | G46: 용역 | H46: CMO용역_GCP | I46: 60000000 | J46: ='2024년 계획_변경적용'!I50 -> 60000000 | K46: 60000000 | L46: =+I46/J46 -> 1 | M46: 60000000 | N46: =K46-M46 -> 0 | P46: 60000000 | Q46: =P46-I46 -> 0
A47: 24년 | B47: 2분기 | C47: LCM | D47: =D46 -> 4월 | E47: 1주차 | F47: 셀트리온제약 | G47: 용역 | H47: CMO용역_LCM | I47: 0 | J47: ='2024년 계획_변경적용'!I53 -> 379000000 | K47: 0 | L47: =+I47/J47 -> 0 | M47: 0 | N47: =K47-M47 -> 0 | P47: 0 | Q47: =P47-I47 -> 0
A48: 24년 | B48: 2분기 | C48: PFS 개발 | D48: =D47 -> 4월 | E48: 1주차 | F48: 셀트리온제약 | G48: 용역 | H48: CMO용역_PFS | I48: 211649429 | J48: ='2024년 계획_변경적용'!I51 -> 142000000 | K48: 211649429 | L48: =+I48/J48 -> 1.4904889 | M48: 211649429 | N48: =K48-M48 -> 0 | P48: 211649429 | Q48: =P48-I48 -> 0
A49: 24년 | B49: 2분기 | C49: 내재화 개발 | D49: =D48 -> 4월 | E49: 1주차 | F49: 셀트리온제약 | G49: 용역 | H49: CMO용역_내재화 | I49: 1000904167 | J49: ='2024년 계획_변경적용'!I52 -> 0 | K49: 1000904167 | M49: 994591667 | N49: =K49-M49 -> 6312500 | P49: 1000904167 | Q49: =P49-I49 -> 0
A50: 24년 | B50: 2분기 | C50: 기타(QA위임등)* | D50: =D49 -> 4월 | E50: 1주차 | F50: 셀트리온제약 | G50: 용역 | H50: 용역_QA위임 | I50: 48705000 | J50: 0 | K50: 48705000 | L50: =+K50/J50 -> #DIV/0! | M50: 34035000 | N50: =K50-M50 -> 14670000 | P50: 48705000 | Q50: =P50-I50 -> 0
E51: 4월 실적 | I51: =SUM(I41:I50) -> 10110924958 | J51: =SUM(J41:J50) -> 6.9848808e+09 | K51: =SUM(K41:K50) -> 10110924958 | L51: =I51/J51 -> 1.4475444 | M51: =SUM(M41:M50) -> 10089942458 | N51: =SUM(N41:N50) -> 20982500 | P51: 10110924958 | Q51: =P51-I51 -> 0
A52: 24년 | B52: 2분기 | C52: G07 | D52: 5월 | E52: 1주차 | F52: 셀트리온제약 | G52: 용역 | H52: CMO상업_조달 | I52: 0 | J52: ='2024년 계획_변경적용'!J45 -> 984368000 | K52: 0 | L52: =+I52/J52 -> 0 | M52: 0 | N52: =K52-M52 -> 0 | P52: 0 | Q52: =P52-I52 -> 0
A53: 24년 | B53: 2분기 | C53: 기타 | D53: =D52 -> 5월 | E53: 1주차 | F53: 셀트리온제약 | G53: 용역 | H53: CMO상업_미국 | I53: 0 | J53: ='2024년 계획_변경적용'!J44 -> 0 | K53: 0 | L53: =+I53/J53 -> #DIV/0! | M53: 0 | N53: =K53-M53 -> 0 | P53: 0 | Q53: =P53-I53 -> 0
A54: 24년 | B54: 2분기 | C54: 내재화 | D54: =D53 -> 5월 | E54: 1주차 | F54: 셀트리온제약 | G54: 용역 | H54: CMO상업_내재화 | I54: 0 | J54: ='2024년 계획_변경적용'!J48 -> 0 | K54: 0 | M54: 0 | N54: =K54-M54 -> 0 | P54: 0 | Q54: =P54-I54 -> 0
A55: 24년 | B55: 2분기 | C55: L&P | D55: =D54 -> 5월 | E55: 1주차 | F55: 셀트리온제약 | G55: 용역 | H55: CMO상업_L&P | I55: 1013424600 | J55: ='2024년 계획_변경적용'!J46 -> 1.1564308e+09 | K55: 1013424600 | L55: =+I55/J55 -> 0.87633828 | M55: 1013424600 | N55: =K55-M55 -> 0 | P55: 1013424600 | Q55: =P55-I55 -> 0
A56: 24년 | B56: 2분기 | C56: PFS | D56: =D55 -> 5월 | E56: 1주차 | F56: 셀트리온제약 | G56: 용역 | H56: CMO상업_PFS | I56: 4945229200 | J56: ='2024년 계획_변경적용'!J47 -> 3604746200 | K56: 4945229200 | L56: =+I56/J56 -> 1.3718661 | M56: 4945229200 | N56: =K56-M56 -> 0 | P56: 4945229200 | Q56: =P56-I56 -> 0
A57: 24년 | B57: 2분기 | C57: GCP | D57: =D56 -> 5월 | E57: 1주차 | F57: 셀트리온제약 | G57: 용역 | H57: CMO용역_GCP | I57: 67000000 | J57: ='2024년 계획_변경적용'!J50 -> 67000000 | K57: 67000000 | L57: =+I57/J57 -> 1 | M57: 67000000 | N57: =K57-M57 -> 0 | P57: 67000000 | Q57: =P57-I57 -> 0
A58: 24년 | B58: 2분기 | C58: LCM | D58: =D57 -> 5월 | E58: 1주차 | F58: 셀트리온제약 | G58: 용역 | H58: CMO용역_LCM | I58: 1821375000 | J58: ='2024년 계획_변경적용'!J53 -> 183500000 | K58: 1821375000 | L58: =+I58/J58 -> 9.9257493 | M58: 1821375000 | N58: =K58-M58 -> 0 | P58: 1821375000 | Q58: =P58-I58 -> 0
A59: 24년 | B59: 2분기 | C59: PFS 개발 | D59: =D58 -> 5월 | E59: 1주차 | F59: 셀트리온제약 | G59: 용역 | H59: CMO용역_PFS | I59: 152579274 | J59: ='2024년 계획_변경적용'!J51 -> 79000000 | K59: 152579274 | L59: =+I59/J59 -> 1.9313832 | M59: 149869429 | N59: =K59-M59 -> 2709845 | P59: 152579274 | Q59: =P59-I59 -> 0
A60: 24년 | B60: 2분기 | C60: 내재화 개발 | D60: =D59 -> 5월 | E60: 1주차 | F60: 셀트리온제약 | G60: 용역 | H60: CMO용역_내재화 | I60: 31604167 | J60: ='2024년 계획_변경적용'!J52 -> 93750000 | K60: 31604167 | L60: =+I60/J60 -> 0.33711111 | M60: 25291667 | N60: =K60-M60 -> 6312500 | P60: 31604167 | Q60: =P60-I60 -> 0
A61: 24년 | B61: 2분기 | C61: 기타(QA위임등)* | D61: =D60 -> 5월 | E61: 1주차 | F61: 셀트리온제약 | G61: 용역 | H61: 용역_QA위임 | I61: 51613869 | J61: 0 | K61: 51613869 | L61: =+K61/J61 -> #DIV/0! | M61: 0 | N61: =K61-M61 -> 51613869 | P61: 51613869 | Q61: =P61-I61 -> 0
E62: 5월 실적 | I62: =SUM(I52:I61) -> 8082826110 | J62: =SUM(J52:J61) -> 6.168795e+09 | K62: =SUM(K52:K61) -> 8082826110 | L62: =I62/J62 -> 1.3102763 | M62: =SUM(M52:M61) -> 8022189896 | N62: =SUM(N52:N61) -> 60636214 | P62: 8082826110 | Q62: =P62-I62 -> 0
A63: 24년 | B63: 2분기 | C63: G07 | D63: 6월 | E63: 1주차 | F63: 셀트리온제약 | G63: 용역 | H63: CMO상업_조달 | I63: 0 | J63: ='2024년 계획_변경적용'!K45 -> 2.5885437e+09 | K63: 0 | L63: =+I63/J63 -> 0 | M63: 0 | N63: =K63-M63 -> 0 | P63: 0 | Q63: =P63-I63 -> 0
A64: 24년 | B64: 2분기 | C64: 기타 | D64: =D63 -> 6월 | E64: 1주차 | F64: 셀트리온제약 | G64: 용역 | H64: CMO상업_미국 | I64: 0 | J64: ='2024년 계획_변경적용'!K44 -> 0 | K64: 0 | M64: 0 | N64: =K64-M64 -> 0 | P64: 0 | Q64: =P64-I64 -> 0
A65: 24년 | B65: 2분기 | C65: 내재화 | D65: =D64 -> 6월 | E65: 1주차 | F65: 셀트리온제약 | G65: 용역 | H65: CMO상업_내재화 | I65: 490916584 | J65: ='2024년 계획_변경적용'!K48 -> 137760000 | K65: 490916584 | M65: 5.2873998e+08 | N65: =K65-M65 -> -37823392 | P65: 490916584 | Q65: =P65-I65 -> 0
A66: 24년 | B66: 2분기 | C66: L&P | D66: =D65 -> 6월 | E66: 1주차 | F66: 셀트리온제약 | G66: 용역 | H66: CMO상업_L&P | I66: 569738700 | J66: ='2024년 계획_변경적용'!K46 -> 9.5931083e+08 | K66: 569738700 | L66: =+I66/J66 -> 0.59390417 | M66: 569738700 | N66: =K66-M66 -> 0 | P66: 569738700 | Q66: =P66-I66 -> 0
A67: 24년 | B67: 2분기 | C67: PFS | D67: =D66 -> 6월 | E67: 1주차 | F67: 셀트리온제약 | G67: 용역 | H67: CMO상업_PFS | I67: 7345815300 | J67: ='2024년 계획_변경적용'!K47 -> 3590929395 | K67: 7345815300 | L67: =+I67/J67 -> 2.0456585 | M67: 7289754850 | N67: =K67-M67 -> 56060450 | P67: 7345815300 | Q67: =P67-I67 -> 0
A68: 24년 | B68: 2분기 | C68: GCP | D68: =D67 -> 6월 | E68: 1주차 | F68: 셀트리온제약 | G68: 용역 | H68: CMO용역_GCP | I68: 67000000 | J68: ='2024년 계획_변경적용'!K50 -> 67000000 | K68: 67000000 | L68: =+I68/J68 -> 1 | M68: 67000000 | N68: =K68-M68 -> 0 | P68: 67000000 | Q68: =P68-I68 -> 0
A69: 24년 | B69: 2분기 | C69: LCM | D69: =D68 -> 6월 | E69: 1주차 | F69: 셀트리온제약 | G69: 용역 | H69: CMO용역_LCM | I69: 350250000 | J69: ='2024년 계획_변경적용'!K53 -> 48000000 | K69: 350250000 | L69: =+I69/J69 -> 7.296875 | M69: 350250000 | N69: =K69-M69 -> 0 | P69: 350250000 | Q69: =P69-I69 -> 0
A70: 24년 | B70: 2분기 | C70: PFS 개발 | D70: =D69 -> 6월 | E70: 1주차 | F70: 셀트리온제약 | G70: 용역 | H70: CMO용역_PFS | I70: 154620726 | J70: ='2024년 계획_변경적용'!K51 -> 0 | K70: 154620726 | L70: =+I70/J70 -> #DIV/0! | M70: 154620726 | N70: =K70-M70 -> 0 | P70: 154620726 | Q70: =P70-I70 -> 0
A71: 24년 | B71: 2분기 | C71: 내재화 개발 | D71: =D70 -> 6월 | E71: 1주차 | F71: 셀트리온제약 | G71: 용역 | H71: CMO용역_내재화 | I71: 440354167 | J71: ='2024년 계획_변경적용'!K52 -> 395625000 | K71: 440354167 | M71: 440354167 | N71: =K71-M71 -> 0 | P71: 440354167 | Q71: =P71-I71 -> 0
A72: 24년 | B72: 2분기 | C72: 기타(QA위임등)* | D72: =D71 -> 6월 | E72: 1주차 | F72: 셀트리온제약 | G72: 용역 | H72: 용역_QA위임 | I72: 15204000 | J72: 0 | K72: 15204000 | L72: =+K72/J72 -> #DIV/0! | M72: 0 | N72: =K72-M72 -> 15204000 | P72: 15204000 | Q72: =P72-I72 -> 0
E73: 6월 예상 실적 | I73: =SUM(I63:I72) -> 9433899477 | J73: =SUM(J63:J72) -> 7.787169e+09 | K73: =SUM(K63:K72) -> 9433899477 | L73: =I73/J73 -> 1.2114672 | M73: =SUM(M63:M72) -> 9.4004584e+09 | N73: =SUM(N63:N72) -> 33441058 | P73: 9433899477 | Q73: =P73-I73 -> 0
D74: 2분기 실적 | I74: =I73+I62+I51 -> 27627650545 | J74: =J73+J62+J51 -> 2.0940845e+10 | K74: =K73+K62+K51 -> 27627650545 | L74: =K74/J74 -> 1.3193188 | M74: =M73+M62+M51 -> 2.7512591e+10 | N74: =N73+N62+N51 -> 1.1505977e+08 | P74: 27627650545
D75: 2분기 누적 실적 | I75: =I74+I40 -> 54591444746 | J75: =J74+J40 -> 4.4277529e+10 | K75: =K74+K40 -> 54591444746 | L75: =K75/J75 -> 1.2329379 | M75: =M74+M40 -> 5.414488e+10 | N75: =N40+N51+N62+N73 -> 4.4656515e+08 | P75: 54591444746
A76: 24년 | B76: 3분기 | C76: G07 | D76: 7월 | E76: 1주차 | F76: 셀트리온제약 | G76: 용역 | H76: CMO상업_조달 | I76: 0 | J76: ='2024년 계획_변경적용'!L45 -> 0 | K76: 0 | L76: =+I76/J76 -> #DIV/0! | M76: 0 | N76: =K76-M76 -> 0
A77: 24년 | B77: 3분기 | C77: 기타 | D77: =D76 -> 7월 | E77: 1주차 | F77: 셀트리온제약 | G77: 용역 | H77: CMO상업_미국 | I77: 0 | J77: ='2024년 계획_변경적용'!L44 -> 0 | K77: 0 | M77: 0 | N77: =K77-M77 -> 0
A78: 24년 | B78: 3분기 | C78: 내재화 | D78: =D77 -> 7월 | E78: 1주차 | F78: 셀트리온제약 | G78: 용역 | H78: CMO상업_내재화 | J78: ='2024년 계획_변경적용'!L48 -> 46760000 | N78: =K78-M78 -> 0
A79: 24년 | B79: 3분기 | C79: L&P | D79: =D78 -> 7월 | E79: 1주차 | F79: 셀트리온제약 | G79: 용역 | H79: CMO상업_L&P | I79: 353775280 | J79: ='2024년 계획_변경적용'!L46 -> 9.5931083e+08 | K79: 353775280 | L79: =+I79/J79 -> 0.36878066 | M79: 353775280 | N79: =K79-M79 -> 0
A80: 24년 | B80: 3분기 | C80: PFS | D80: =D79 -> 7월 | E80: 1주차 | F80: 셀트리온제약 | G80: 용역 | H80: CMO상업_PFS | I80: 9941539250 | J80: ='2024년 계획_변경적용'!L47 -> 6395629100 | K80: 9941539250 | L80: =+I80/J80 -> 1.5544271 | M80: 9941539250 | N80: =K80-M80 -> 0
A81: 24년 | B81: 3분기 | C81: GCP | D81: =D80 -> 7월 | E81: 1주차 | F81: 셀트리온제약 | G81: 용역 | H81: CMO용역_GCP | I81: 0 | J81: ='2024년 계획_변경적용'!L50 -> 0 | K81: 0 | M81: 0 | N81: =K81-M81 -> 0
A82: 24년 | B82: 3분기 | C82: LCM | D82: =D81 -> 7월 | E82: 1주차 | F82: 셀트리온제약 | G82: 용역 | H82: CMO용역_LCM | I82: 0 | J82: ='2024년 계획_변경적용'!L53 -> 306250000 | K82: 0 | L82: =+I82/J82 -> 0 | M82: 0 | N82: =K82-M82 -> 0
A83: 24년 | B83: 3분기 | C83: PFS 개발 | D83: =D82 -> 7월 | E83: 1주차 | F83: 셀트리온제약 | G83: 용역 | H83: CMO용역_PFS | I83: 39754430 | J83: ='2024년 계획_변경적용'!L51 -> 0 | K83: =23669430+16085000 -> 39754430 | L83: =+I83/J83 -> #DIV/0! | M83: 39754430 | N83: =K83-M83 -> 0
A84: 24년 | B84: 3분기 | C84: 내재화 개발 | D84: =D83 -> 7월 | E84: 1주차 | F84: 셀트리온제약 | G84: 용역 | H84: CMO용역_내재화 | I84: 514454167 | J84: ='2024년 계획_변경적용'!L52 -> 0 | K84: 514454167 | M84: 514454167 | N84: =K84-M84 -> 0
A85: 24년 | B85: 3분기 | C85: 기타(QA위임등)* | D85: =D84 -> 7월 | E85: 1주차 | F85: 셀트리온제약 | G85: 용역 | H85: 용역_QA위임 | I85: 61027000 | J85: 0 | K85: 61027000 | L85: =+K85/J85 -> #DIV/0! | M85: 61027000 | N85: =K85-M85 -> 0
E86: 7월 실적 | I86: =SUM(I76:I85) -> 10910550127 | J86: =SUM(J76:J85) -> 7.7079499e+09 | K86: =SUM(K76:K85) -> 10910550127 | L86: =I86/J86 -> 1.4154931 | M86: =SUM(M76:M85) -> 10910550127 | N86: =SUM(N76:N85) -> 0
D87: 7월 누적 실적 | I87: =I75+I86 -> 65501994873 | J87: =J86+J75 -> 5.1985479e+10 | K87: =K86+K75 -> 65501994873 | L87: =I87/J87 -> 1.2600056 | M87: =M75+M86 -> 6.505543e+10
A88: 24년 | B88: 3분기 | C88: G07 | D88: 8월 | E88: 1주차 | F88: 셀트리온제약 | G88: 용역 | H88: CMO상업_조달 | I88: 0 | J88: ='2024년 계획_변경적용'!M45 -> 0 | K88: 0 | L88: =+I88/J88 -> #DIV/0! | M88: 0 | N88: =K88-M88 -> 0
A89: 24년 | B89: 3분기 | C89: 기타 | D89: =D88 -> 8월 | E89: 1주차 | F89: 셀트리온제약 | G89: 용역 | H89: CMO상업_미국 | I89: 0 | J89: ='2024년 계획_변경적용'!M44 -> 0 | K89: 0 | M89: 0 | N89: =K89-M89 -> 0
A90: 24년 | B90: 3분기 | C90: 내재화 | D90: =D89 -> 8월 | E90: 1주차 | F90: 셀트리온제약 | G90: 용역 | H90: CMO상업_내재화 | I90: 1058000169 | J90: ='2024년 계획_변경적용'!M48 -> 322280000 | K90: 1058000169 | M90: 1058000169 | N90: =K90-M90 -> 0
A91: 24년 | B91: 3분기 | C91: L&P | D91: =D90 -> 8월 | E91: 1주차 | F91: 셀트리온제약 | G91: 용역 | H91: CMO상업_L&P | I91: 0 | J91: ='2024년 계획_변경적용'!M46 -> 9.6040683e+08 | K91: 0 | L91: =+I91/J91 -> 0 | M91: 0 | N91: =K91-M91 -> 0 | P91: Gap
A92: 24년 | B92: 3분기 | C92: PFS | D92: =D91 -> 8월 | E92: 1주차 | F92: 셀트리온제약 | G92: 용역 | H92: CMO상업_PFS | I92: 13647383900 | J92: ='2024년 계획_변경적용'!M47 -> 8000557900 | K92: 13647383900 | L92: =+I92/J92 -> 1.705804 | M92: 13647383900 | N92: =K92-M92 -> 0 | P92: =+O92-K92 -> -13647383900
A93: 24년 | B93: 3분기 | C93: GCP | D93: =D92 -> 8월 | E93: 1주차 | F93: 셀트리온제약 | G93: 용역 | H93: CMO용역_GCP | I93: 0 | J93: ='2024년 계획_변경적용'!M50 -> 0 | K93: 0 | L93: =+I93/J93 -> #DIV/0! | M93: 0 | N93: =K93-M93 -> 0
A94: 24년 | B94: 3분기 | C94: LCM | D94: =D93 -> 8월 | E94: 1주차 | F94: 셀트리온제약 | G94: 용역 | H94: CMO용역_LCM | I94: 143875000 | J94: ='2024년 계획_변경적용'!M53 -> 0 | K94: 143875000 | L94: =+I94/J94 -> #DIV/0! | M94: 143875000 | N94: =K94-M94 -> 0 | P94: 90%->90%
A95: 24년 | B95: 3분기 | C95: PFS 개발 | D95: =D94 -> 8월 | E95: 1주차 | F95: 셀트리온제약 | G95: 용역 | H95: CMO용역_PFS | I95: 186269430 | J95: ='2024년 계획_변경적용'!M51 -> 0 | K95: 186269430 | L95: =+I95/J95 -> #DIV/0! | M95: 186269430 | N95: =K95-M95 -> 0 | P95: 90%->100%
A96: 24년 | B96: 3분기 | C96: 내재화 개발 | D96: =D95 -> 8월 | E96: 1주차 | F96: 셀트리온제약 | G96: 용역 | H96: CMO용역_내재화 | I96: 333479167 | J96: ='2024년 계획_변경적용'!M52 -> 0 | K96: 333479167 | M96: 333479167 | N96: =K96-M96 -> 0
A97: 24년 | B97: 3분기 | C97: 기타(QA위임등)* | D97: =D96 -> 8월 | E97: 1주차 | F97: 셀트리온제약 | G97: 용역 | H97: 용역_QA위임 | I97: 31683200 | J97: 0 | K97: 31683200 | L97: =+K97/J97 -> #DIV/0! | M97: 31683200 | N97: =K97-M97 -> 0
D98: 8월 예상실적 | I98: =SUM(I88:I97) -> 15400690866 | J98: =SUM(J88:J97) -> 9.2832447e+09 | K98: =SUM(K88:K97) -> 15400690866 | L98: =I98/J98 -> 1.6589771 | M98: =SUM(M88:M97) -> 15400690866 | N98: =SUM(N88:N97) -> 0
D99: 8월 누적 예상 실적 | I99: =I87+I98 -> 80902685739 | J99: =J98+J87 -> 6.1268723e+10 | K99: =K98+K87 -> 80902685739 | L99: =I99/J99 -> 1.3204565 | M99: =M98+M87 -> 8.0456121e+10 | N99: =K99-M99 -> 4.4656515e+08
A100: 24년 | B100: 3분기 | C100: G07 | D100: 9월 | E100: 1주차 | F100: 셀트리온제약 | G100: 용역 | H100: CMO상업_조달 | I100: 603655560 | J100: ='2024년 계획_변경적용'!N45 -> 0 | K100: 603655560 | L100: =+I100/J100 -> #DIV/0! | M100: 603655560 | N100: =K100-M100 -> 0 | O100: =I100-K100 -> 0
...

Sheet Hasten 단가 정보
B1: ■ 내재화 단가 차이
Q2: Hasten 단가 | V2: APAC 단가
B3: Territory | C3: Commercial Name | D3: SKU code | E3: Product name | F3: Size | G3: Unit | H3: Binding Forecast Period | I3: Order Lead Time | J3: Minimum Order Quantity | K3: UOM | L3: Permitted Delivery Deviation | M3: Bulk Facility | N3: Final Packaging Facility | O3: Product Supplied As | P3: Point-of-Delivery | Q3: Product Price(2024) | R3: Product Price (2025) 달러기준 | S3: Product Price (2025) 환율 1250원 | T3: Product Price (2025) 환율 1300원 | U3: Product Price (2025) 환율 1400 | V3: Product Price (2024) | W3: Product Price (2025) | X3: GAP
B4: TH
C5: Edarbi | D5: 30233TH | E5: Edarbi 40mg.2X14T IMP TH | F5: 28 | G5: tablet | H5: 4 months | I5: 3 months | J5: order by Product Family | K5: Pack | L5: 0.1 | M5: Celltrion Pharm | N5: Celltrion Pharm | O5: Finished Goods | P5: Korea - Cheongju - Ochang | Q5: 7800 | R5: 3.9 | S5: =+R5*1250 -> 4875 | T5: 5070 | U5: =+R5*1400 -> 5460 | V5: 5642 | W5: 4525 | X5: =W5-S5 -> -350
C6: Edarbi | D6: 30234TH | E6: Edarbi 80mg.2X14T IMP TH | F6: 28 | G6: tablet | H6: 4 months | I6: 3 months | J6: order by Product Family | K6: Pack | L6: 0.1 | M6: Celltrion Pharm | N6: Celltrion Pharm | O6: Finished Goods | P6: Korea - Cheongju - Ochang | Q6: 19500 | R6: 6.3 | S6: =+R6*1250 -> 7875 | T6: 8190 | U6: =+R6*1400 -> 8820 | V6: 10153 | W6: 7902 | X6: =W6-S6 -> 27
C7: Edarbyclor | D7: 30235TH | E7: EDARBYCLOR 40MG12.5MG TAB 28PC THA | F7: 28 | G7: tablet | H7: 4 months | I7: 3 months | J7: order by Product Family | K7: Pack | L7: 0.1 | M7: Celltrion Pharm | N7: Celltrion Pharm | O7: Finished Goods | P7: Korea - Cheongju - Ochang | Q7: 11700 | R7: 4.8 | S7: =+R7*1250 -> 6000 | T7: 6240 | U7: =+R7*1400 -> 6720 | V7: 6575 | W7: 5449 | X7: =W7-S7 -> -551
C8: Nesina | D8: 30264TH | E8: Nesina Tablets 25mg AA-14T×2 TH | F8: 28 | G8: tablet | H8: 4 months | I8: 3 months | J8: order by Product Family | K8: Pack | L8: 0.1 | M8: Celltrion Pharm | N8: Celltrion Pharm | O8: Finished Goods | P8: Korea - Cheongju - Ochang | Q8: 5070 | R8: 3.2 | S8: =+R8*1250 -> 4000 | T8: 4160 | U8: =+R8*1400 -> 4480 | V8: 4626 | W8: 4123 | X8: =W8-S8 -> 123
C9: NesinaAct/Oseni | D9: 30268TH | E9: Oseni 25mg/15mg AA-7T×4 TH | F9: 28 | G9: tablet | H9: 4 months | I9: 3 months | J9: order by Product Family | K9: Pack | L9: 0.1 | M9: Celltrion Pharm | N9: Celltrion Pharm | O9: Finished Goods | P9: Korea - Cheongju - Ochang | Q9: 5330 | R9: 3.3 | S9: =+R9*1250 -> 4125 | T9: 4290 | U9: =+R9*1400 -> 4620 | V9: 4820 | W9: 4838 | X9: =W9-S9 -> 713
C10: NesinaAct/Oseni | D10: 30269TH | E10: Oseni 25mg/30mg AA-7T×4 TH | F10: 28 | G10: tablet | H10: 4 months | I10: 3 months | J10: order by Product Family | K10: Pack | L10: 0.1 | M10: Celltrion Pharm | N10: Celltrion Pharm | O10: Finished Goods | P10: Korea - Cheongju - Ochang | Q10: 5720 | R10: 3.4 | S10: =+R10*1250 -> 4250 | T10: 4420 | U10: =+R10*1400 -> 4760 | V10: 5435 | W10: 5087 | X10: =W10-S10 -> 837
C11: Zafatek | D11: 30432TH | E11: Zafatek 100mg 20T | F11: 20 | G11: tablet | H11: 4 months | I11: 3 months | J11: order by Product Family | K11: Pack | L11: 0.1 | M11: Celltrion Pharm | N11: Celltrion Pharm | O11: Finished Goods | P11: Korea - Cheongju - Ochang | Q11: 26260 | R11: 19.8 | S11: =+R11*1250 -> 24750 | T11: 25740 | U11: =+R11*1400 -> 27720 | X11: =W11-S11 -> -24750
B12: TW | X12: =W12-S12 -> 0
C13: Edarbi | D13: 30233TW | E13: EDARBI 40MG TAB 28PC TWN | F13: 28 | G13: tablet | H13: 4 months | I13: 3 months | J13: order by Product Family | K13: Pack | L13: 0.1 | M13: Celltrion Pharm | N13: Celltrion Pharm | O13: Finished Goods | P13: Korea - Cheongju - Ochang | Q13: 5070 | R13: 3.8 | S13: =+R13*1250 -> 4750 | T13: 4940 | U13: =+R13*1400 -> 5320 | V13: 5642 | W13: 4525 | X13: =W13-S13 -> -225
C14: Nesina | D14: 30264TW | E14: Nesina Tablets 25mg AA-14T×2 TW | F14: 28 | G14: tablet | H14: 4 months | I14: 3 months | J14: order by Product Family | K14: Pack | L14: 0.1 | M14: Celltrion Pharm | N14: Celltrion Pharm | O14: Finished Goods | P14: Korea - Cheongju - Ochang | Q14: 5460 | R14: 3.3 | S14: =+R14*1250 -> 4125 | T14: 4290 | U14: =+R14*1400 -> 4620 | V14: 4626 | W14: 4123 | X14: =W14-S14 -> -2
C15: NesinaAct/Oseni | D15: 30269TW | E15: Oseni 25mg/30mg AA-7T×4 TW | F15: 28 | G15: tablet | H15: 4 months | I15: 3 months | J15: order by Product Family | K15: Pack | L15: 0.1 | M15: Celltrion Pharm | N15: Celltrion Pharm | O15: Finished Goods | P15: Korea - Cheongju - Ochang | Q15: 5590 | R15: 3.4 | S15: =+R15*1250 -> 4250 | T15: 4420 | U15: =+R15*1400 -> 4760 | V15: 5435 | W15: 5087 | X15: =W15-S15 -> 837
B16: HK | X16: =W16-S16 -> 0
C17: Edarbi | D17: 30234HK | E17: EDARBI 80MG 28T | F17: 28 | G17: tablet | H17: 4 months | I17: 3 months | J17: order by Product Family | K17: Pack | L17: 0.1 | M17: Celltrion Pharm | N17: Celltrion Pharm | O17: Finished Goods | P17: Korea - Cheongju - Ochang | Q17: 28470 | R17: 7.1 | S17: =+R17*1250 -> 8875 | T17: 9230 | U17: =+R17*1400 -> 9940 | V17: 10153 | W17: 7902 | X17: =W17-S17 -> -973
C18: Edarbi | D18: 30233HK | E18: EDARBI 40MG 28T | F18: 28 | G18: tablet | H18: 4 months | I18: 3 months | J18: order by Product Family | K18: Pack | L18: 0.1 | M18: Celltrion Pharm | N18: Celltrion Pharm | O18: Finished Goods | P18: Korea - Cheongju - Ochang | Q18: 11180 | R18: 4.1 | S18: =+R18*1250 -> 5125 | T18: 5330 | U18: =+R18*1400 -> 5740 | V18: 5642 | W18: 4525 | X18: =W18-S18 -> -600
C19: Edarbyclor | D19: 30235HK | E19: EDARBYCLOR 40MG/12.5MG TAB 28PC HKG | F19: 28 | G19: tablet | H19: 4 months | I19: 3 months | J19: order by Product Family | K19: Pack | L19: 0.1 | M19: Celltrion Pharm | N19: Celltrion Pharm | O19: Finished Goods | P19: Korea - Cheongju - Ochang | Q19: 11960 | R19: 4.9 | S19: =+R19*1250 -> 6125 | T19: 6370 | U19: =+R19*1400 -> 6860 | V19: 6575 | W19: 5449 | X19: =W19-S19 -> -676
C20: Nesina | D20: 30263HK | E20: Nesina Tablets 12.5mg AA-14T×2 HK | F20: 28 | G20: tablet | H20: 4 months | I20: 3 months | J20: order by Product Family | K20: Pack | L20: 0.1 | M20: Celltrion Pharm | N20: Celltrion Pharm | O20: Finished Goods | P20: Korea - Cheongju - Ochang | Q20: 5590 | R20: 2.3 | S20: =+R20*1250 -> 2875 | T20: 2990 | U20: =+R20*1400 -> 3220 | V20: 13147 | W20: 3517 | X20: =W20-S20 -> 642
C21: Nesina | D21: 30264HK | E21: Nesina Tablets 25mg AA-14T×2 HK | F21: 28 | G21: tablet | H21: 4 months | I21: 3 months | J21: order by Product Family | K21: Pack | L21: 0.1 | M21: Celltrion Pharm | N21: Celltrion Pharm | O21: Finished Goods | P21: Korea - Cheongju - Ochang | Q21: 6370 | R21: 4.9 | S21: =+R21*1250 -> 6125 | T21: 6370 | U21: =+R21*1400 -> 6860 | V21: 4626 | W21: 4123 | X21: =W21-S21 -> -2002
C22: NesinaAct/Oseni | D22: 30268HK | E22: Oseni 25mg/15mg AA-7T×4 HK | F22: 28 | G22: tablet | H22: 4 months | I22: 3 months | J22: order by Product Family | K22: Pack | L22: 0.1 | M22: Celltrion Pharm | N22: Celltrion Pharm | O22: Finished Goods | P22: Korea - Cheongju - Ochang | Q22: 5590 | R22: 3.3 | S22: =+R22*1250 -> 4125 | T22: 4290 | U22: =+R22*1400 -> 4620 | V22: 4820 | W22: 4838 | X22: =W22-S22 -> 713
C23: NesinaAct/Oseni | D23: 30269HK | E23: Oseni 25mg/30mg AA-7T×4 HK | F23: 28 | G23: tablet | H23: 4 months | I23: 3 months | J23: order by Product Family | K23: Pack | L23: 0.1 | M23: Celltrion Pharm | N23: Celltrion Pharm | O23: Finished Goods | P23: Korea - Cheongju - Ochang | Q23: 5720 | R23: 3.4 | S23: =+R23*1250 -> 4250 | T23: 4420 | U23: =+R23*1400 -> 4760 | V23: 5435 | W23: 5087 | X23: =W23-S23 -> 837
C24: NesinaMet | D24: 30229HK | E24: NesinaMet 12.5mg/1000mg AA-7T×4 HK | F24: 28 | G24: tablet | H24: 4 months | I24: 3 months | J24: order by Product Family | K24: Pack | L24: 0.1 | M24: Celltrion Pharm | N24: Celltrion Pharm | O24: Finished Goods | P24: Korea - Cheongju - Ochang | Q24: 11050 | R24: 5.6 | S24: =+R24*1250 -> 7000 | T24: 7280 | U24: =+R24*1400 -> 7840 | V24: 11594 | W24: 8454 | X24: =W24-S24 -> 1454
C25: NesinaMet | D25: 30227HK | E25: NesinaMet 12.5mg/500mg AA-7T×4 HK | F25: 28 | G25: tablet | H25: 4 months | I25: 3 months | J25: order by Product Family | K25: Pack | L25: 0.1 | M25: Celltrion Pharm | N25: Celltrion Pharm | O25: Finished Goods | P25: Korea - Cheongju - Ochang | Q25: 11440 | R25: 5.2 | S25: =+R25*1250 -> 6500 | T25: 6760 | U25: =+R25*1400 -> 7280 | V25: 7504 | W25: 7745 | X25: =W25-S25 -> 1245
S26: 사업계획 반영 단가 | W26: APAC 단가
B27: ■ 1분기 단가차이 영향
B47: Territory | C47: Product Family | D47: Batch Size (T) | E47: Minimum order Quatity (Pack) | F47: batch / Pack size | G47: Min | H47: Max | I47: Remarks | J47: Production Frequency for KR (approximated) | L47: Initial Production Shedule for KR
B48: N/A (TH+TW+HK) | C48: Edarbi 40mg | D48: 1400000 | E48: 50000 | F48: =D48/28 -> 50000 | G48: 1200000 | H48: 2550000
C49: Edarbi 80mg | D49: 700000 | E49: 25000 | F49: =D49/28 -> 25000 | G49: 25000 | H49: 50000 | I49: Co-planning Product | J49: Once / 3 Month | L49: on going
C50: Edarbyclor 40/12.5mg | D50: 800000 | E50: 28000 | F50: =D50/28 -> 28571.429 | G50: 84000 | H50: 196000
C51: Nesina 12.5mg | D51: 1000000 | E51: 35000 | F51: =D51/28 -> 35714.286 | G51: 70000 | H51: 105000 | I51: Co-planning Product | J51: Once / 2~3 Month | L51: Apr-25
C52: Nesina 25mg | D52: 1900000 | E52: 67000 | F52: =D52/28 -> 67857.143 | G52: 402000 | H52: 804000
C53: NesinaAct/Oseni 25/15mg | D53: 1500000 | E53: 53000 | F53: =D53/28 -> 53571.429 | G53: 159000 | H53: 265000
C54: NesinaAct/Oseni 25/30mg | D54: 1500000 | E54: 53000 | F54: =D54/28 -> 53571.429 | G54: 265000 | H54: 530000
C55: NesinaMet 12.5/500mg | D55: 300000 | E55: 10000 | F55: =D55/28 -> 10714.286 | G55: 10000 | H55: 10000 | I55: Co-planning Product | J55: Once / 2~3 Month | L55: Oct-25
C56: NesinaMet 12.5/1000mg | D56: 300000 | E56: 10000 | F56: =D56/28 -> 10714.286 | G56: 10000 | H56: 10000 | I56: Co-planning Product | J56: Once / 2~3 Month | L56: Sep-25

Sheet Sheet2

Sheet 상세 자료 작성 241025현실화
B1: ■ 주간 매출보고 자료 _ PO 기준
B2: 1) PO 기준 : | D2: 케미컬상업 | E2: 실질 PO 접수 기준
D3: PFS 상업 | E3: 2개월 100% Binding FCST 기준
D4: L&P 상업 | E4: 2개월 100% Binding FCST 기준
K5: 기준일자 : 2024-10-25
B6: 월 | C6: 주차 | D6: 법인 | E6: 구분 | F6: 상세구분 | G6: 매출실적 | H6: 사업계획 | I6: 예상마감 | J6: 달성률 | K6: 전주 예상 실적 | L6: Gap
B7: 1월 | C7: 1주차 | D7: 셀트리온제약 | E7: 용역 | F7: CMO상업_조달 | G7: 302597280 | H7: ='[1]2024년 계획_변경적용'!F45 -> 736312500 | I7: 302597280 | J7: =+I7/H7 -> 0.41096312 | K7: 302597280 | L7: =I7-K7 -> 0
C8: 1주차 | D8: 셀트리온제약 | E8: 용역 | F8: CMO상업_미국 | G8: 0 | H8: ='[1]2024년 계획_변경적용'!F44 -> 0 | I8: 0 | K8: 0 | L8: =I8-K8 -> 0
C9: 1주차 | D9: 셀트리온제약 | E9: 용역 | F9: CMO상업_내재화 | G9: 0 | H9: ='[1]2024년 계획_변경적용'!F48 -> 0 | I9: 0 | K9: 0 | L9: =I9-K9 -> 0
C10: 1주차 | D10: 셀트리온제약 | E10: 용역 | F10: CMO상업_L&P | G10: 1013747020 | H10: ='[1]2024년 계획_변경적용'!F46 -> 9.5931083e+08 | I10: 1013747020 | J10: =+I10/H10 -> 1.0567451 | K10: 1013747020 | L10: =I10-K10 -> 0
C11: 1주차 | D11: 셀트리온제약 | E11: 용역 | F11: CMO상업_PFS | G11: 4869898150 | H11: ='[1]2024년 계획_변경적용'!F47 -> 4405740000 | I11: 4869898150 | J11: =+I11/H11 -> 1.1053531 | K11: =5437734400-580000000 -> 4857734400 | L11: =I11-K11 -> 12163750
C12: 1주차 | D12: 셀트리온제약 | E12: 용역 | F12: CMO용역_GCP | G12: 0 | H12: ='[1]2024년 계획_변경적용'!F50 -> 0 | I12: 0 | K12: 0 | L12: =I12-K12 -> 0
C13: 1주차 | D13: 셀트리온제약 | E13: 용역 | F13: CMO용역_LCM | G13: 0 | H13: ='[1]2024년 계획_변경적용'!F53 -> 490500000 | I13: 0 | J13: =+I13/H13 -> 0 | K13: 0 | L13: =I13-K13 -> 0
C14: 1주차 | D14: 셀트리온제약 | E14: 용역 | F14: CMO용역_PFS | G14: 439139429 | H14: ='[1]2024년 계획_변경적용'!F51 -> 0 | I14: 439139429 | K14: 404210000 | L14: =I14-K14 -> 34929429
C15: 1주차 | D15: 셀트리온제약 | E15: 용역 | F15: CMO용역_내재화 | G15: 67266666 | H15: ='[1]2024년 계획_변경적용'!F52 -> 0 | I15: 67266666 | K15: 42700000 | L15: =I15-K15 -> 24566666
C16: 1주차 | D16: 셀트리온제약 | E16: 용역 | F16: 용역_QA위임 | G16: 39867000 | H16: 0 | I16: 39867000 | K16: 39867000 | L16: =I16-K16 -> 0
C17: 1월 예상 실적 | G17: =SUM(G7:G16) -> 6732515545 | H17: =SUM(H7:H16) -> 6.5918633e+09 | I17: =SUM(I7:I16) -> 6732515545 | J17: =G17/H17 -> 1.0213372 | K17: =SUM(K7:K16) -> 6660855700 | L17: =SUM(L7:L16) -> 71659845
B18: 2월 | C18: 1주차 | D18: 셀트리온제약 | E18: 용역 | F18: CMO상업_조달 | G18: 5372064744 | H18: ='[1]2024년 계획_변경적용'!G45 -> 3253527000 | I18: 5372064744 | J18: =+G18/H18 -> 1.6511511 | K18: 5372064744 | L18: =I18-K18 -> 0
C19: 1주차 | D19: 셀트리온제약 | E19: 용역 | F19: CMO상업_미국 | G19: 0 | H19: ='[1]2024년 계획_변경적용'!G44 -> 0 | I19: 0 | K19: 0 | L19: =I19-K19 -> 0
C20: 1주차 | D20: 셀트리온제약 | E20: 용역 | F20: CMO상업_내재화 | G20: 0 | H20: ='[1]2024년 계획_변경적용'!G48 -> 0 | I20: 0 | K20: 0 | L20: =I20-K20 -> 0
C21: 1주차 | D21: 셀트리온제약 | E21: 용역 | F21: CMO상업_L&P | G21: 684982200 | H21: ='[1]2024년 계획_변경적용'!G46 -> 9.5931083e+08 | I21: 684982200 | J21: =+G21/H21 -> 0.71403572 | K21: 684982200 | L21: =I21-K21 -> 0
C22: 1주차 | D22: 셀트리온제약 | E22: 용역 | F22: CMO상업_PFS | G22: 4437683550 | H22: ='[1]2024년 계획_변경적용'!G47 -> 4.7866246e+08 | I22: 4437683550 | K22: 4437583550 | L22: =I22-K22 -> 100000
C23: 1주차 | D23: 셀트리온제약 | E23: 용역 | F23: CMO용역_GCP | G23: 40000000 | H23: ='[1]2024년 계획_변경적용'!G50 -> 40000000 | I23: 40000000 | J23: =+G23/H23 -> 1 | K23: 40000000 | L23: =I23-K23 -> 0
C24: 1주차 | D24: 셀트리온제약 | E24: 용역 | F24: CMO용역_LCM | G24: 0 | H24: ='[1]2024년 계획_변경적용'!G53 -> 766500000 | I24: 0 | J24: =+G24/H24 -> 0 | K24: 0 | L24: =I24-K24 -> 0
C25: 1주차 | D25: 셀트리온제약 | E25: 용역 | F25: CMO용역_PFS | G25: 14069429 | H25: ='[1]2024년 계획_변경적용'!G51 -> 162000000 | I25: 14069429 | J25: =+G25/H25 -> 0.086848327 | K25: 0 | L25: =I25-K25 -> 14069429
C26: 1주차 | D26: 셀트리온제약 | E26: 용역 | F26: CMO용역_내재화 | G26: 119041667 | H26: ='[1]2024년 계획_변경적용'!G52 -> 93750000 | I26: 119041667 | J26: =+G26/H26 -> 1.2697778 | K26: 93750000 | L26: =I26-K26 -> 25291667
C27: 1주차 | D27: 셀트리온제약 | E27: 용역 | F27: 용역_QA위임 | G27: 31089600 | H27: 0 | I27: 31089600 | K27: 0 | L27: =I27-K27 -> 31089600
C28: 2월 실적 | G28: =SUM(G18:G27) -> 10698931190 | H28: =SUM(H18:H27) -> 5.7537503e+09 | I28: =SUM(I18:I27) -> 10698931190 | J28: =G28/H28 -> 1.8594709 | K28: =SUM(K18:K27) -> 10628380494 | L28: =SUM(L18:L27) -> 70550696
B29: 3월 | C29: 4주차 | D29: 셀트리온제약 | E29: 용역 | F29: CMO상업_조달 | G29: 2967439150 | H29: 2762644500 | I29: 2967439150 | J29: =+G29/H29 -> 1.0741299 | K29: 2953104000 | L29: =I29-K29 -> 14335150
C30: 4주차 | D30: 셀트리온제약 | E30: 용역 | F30: CMO상업_미국 | G30: 0 | H30: 0 | I30: 0 | J30: =+G30/H30 -> #DIV/0! | K30: 0 | L30: =I30-K30 -> 0
C31: 1주차 | D31: 셀트리온제약 | E31: 용역 | F31: CMO상업_내재화 | G31: 0 | H31: 0 | I31: 0 | K31: 0 | L31: =I31-K31 -> 0
C32: 4주차 | D32: 셀트리온제약 | E32: 용역 | F32: CMO상업_L&P | G32: 1047403520 | H32: 9.5931083e+08 | I32: 1047403520 | J32: =+G32/H32 -> 1.0918291 | K32: 9.5931083e+08 | L32: =I32-K32 -> 88092692
C33: 4주차 | D33: 셀트리온제약 | E33: 용역 | F33: CMO상업_PFS | G33: 4508694300 | H33: 4.7344899e+09 | I33: 4508694300 | J33: =+G33/H33 -> 0.95230835 | K33: 4275201700 | L33: =I33-K33 -> 233492600
C34: 4주차 | D34: 셀트리온제약 | E34: 용역 | F34: CMO용역_GCP | G34: 0 | H34: 0 | I34: 0 | K34: 0 | L34: =I34-K34 -> 0
C35: 4주차 | D35: 셀트리온제약 | E35: 용역 | F35: CMO용역_LCM | G35: 520375000 | H35: 1666750000 | I35: 520375000 | J35: =+G35/H35 -> 0.31220939 | K35: 520375000 | L35: =I35-K35 -> 0
C36: 4주차 | D36: 셀트리온제약 | E36: 용역 | F36: CMO용역_PFS | G36: 421269829 | H36: 5.06e+08 | I36: 421269829 | J36: =+G36/H36 -> 0.83254907 | K36: 422269429 | L36: =I36-K36 -> -999600
C37: 4주차 | D37: 셀트리온제약 | E37: 용역 | F37: CMO용역_내재화 | G37: 25291667 | H37: 361875000 | I37: 25291667 | J37: =+G37/H37 -> 0.069890617 | K37: 212791667 | L37: =I37-K37 -> -187500000
C38: 1주차 | D38: 셀트리온제약 | E38: 용역 | F38: 용역_QA위임 | G38: 41874000 | H38: 0 | I38: 41874000 | J38: =+I38/H38 -> #DIV/0! | K38: 0 | L38: =I38-K38 -> 41874000
C39: 3월 실적 | G39: =SUM(G29:G38) -> 9532347466 | H39: =SUM(H29:H38) -> 1.099107e+10 | I39: =SUM(I29:I38) -> 9532347466 | J39: =G39/H39 -> 0.8672811 | K39: =SUM(K29:K38) -> 9.3430526e+09 | L39: =SUM(L29:L38) -> 1.8929484e+08
B40: 1분기 실적 | G40: =G28+G17+G39 -> 26963794201 | H40: =H39+H28+H17 -> 2.3336684e+10 | I40: =I39+I28+I17 -> 26963794201 | J40: =I40/H40 -> 1.1554253 | K40: =K39+K28+K17 -> 2.6632289e+10 | L40: =L39+L28+L17 -> 3.3150538e+08
B41: 4월 | C41: 1주차 | D41: 셀트리온제약 | E41: 용역 | F41: CMO상업_조달 | G41: 1151454672 | H41: 1339107000 | I41: 1151454672 | J41: =+G41/H41 -> 0.85986756 | K41: 1151454672 | L41: =I41-K41 -> 0
C42: 1주차 | D42: 셀트리온제약 | E42: 용역 | F42: CMO상업_미국 | G42: 0 | H42: 0 | I42: 0 | K42: 0 | L42: =I42-K42 -> 0
C43: 1주차 | D43: 셀트리온제약 | E43: 용역 | F43: CMO상업_내재화 | G43: 0 | H43: 0 | I43: 0 | K43: 0 | L43: =I43-K43 -> 0
C44: 1주차 | D44: 셀트리온제약 | E44: 용역 | F44: CMO상업_L&P | G44: 1304419840 | H44: 7.6219083e+08 | I44: 1304419840 | J44: =+G44/H44 -> 1.7114085 | K44: 1304419840 | L44: =I44-K44 -> 0
C45: 1주차 | D45: 셀트리온제약 | E45: 용역 | F45: CMO상업_PFS | G45: 6333791850 | H45: 4302583000 | I45: 6333791850 | J45: =+G45/H45 -> 1.4720906 | K45: 6333791850 | L45: =I45-K45 -> 0
C46: 1주차 | D46: 셀트리온제약 | E46: 용역 | F46: CMO용역_GCP | G46: 60000000 | H46: 60000000 | I46: 60000000 | J46: =+G46/H46 -> 1 | K46: 60000000 | L46: =I46-K46 -> 0
C47: 1주차 | D47: 셀트리온제약 | E47: 용역 | F47: CMO용역_LCM | G47: 0 | H47: 379000000 | I47: 0 | J47: =+G47/H47 -> 0 | K47: 0 | L47: =I47-K47 -> 0
C48: 1주차 | D48: 셀트리온제약 | E48: 용역 | F48: CMO용역_PFS | G48: 211649429 | H48: 142000000 | I48: 211649429 | J48: =+G48/H48 -> 1.4904889 | K48: 211649429 | L48: =I48-K48 -> 0
C49: 1주차 | D49: 셀트리온제약 | E49: 용역 | F49: CMO용역_내재화 | G49: 1000904167 | H49: 0 | I49: 1000904167 | K49: 994591667 | L49: =I49-K49 -> 6312500
C50: 1주차 | D50: 셀트리온제약 | E50: 용역 | F50: 용역_QA위임 | G50: 48705000 | H50: 0 | I50: 48705000 | J50: =+I50/H50 -> #DIV/0! | K50: 34035000 | L50: =I50-K50 -> 14670000
C51: 4월 실적 | G51: =SUM(G41:G50) -> 10110924958 | H51: =SUM(H41:H50) -> 6.9848808e+09 | I51: =SUM(I41:I50) -> 10110924958 | J51: =G51/H51 -> 1.4475444 | K51: =SUM(K41:K50) -> 10089942458 | L51: =SUM(L41:L50) -> 20982500
B52: 5월 | C52: 1주차 | D52: 셀트리온제약 | E52: 용역 | F52: CMO상업_조달 | G52: 0 | H52: 984368000 | I52: 0 | J52: =+G52/H52 -> 0 | L52: =I52-K52 -> 0
C53: 1주차 | D53: 셀트리온제약 | E53: 용역 | F53: CMO상업_미국 | G53: 0 | H53: 0 | I53: 0 | J53: =+G53/H53 -> #DIV/0! | K53: 0 | L53: =I53-K53 -> 0
C54: 1주차 | D54: 셀트리온제약 | E54: 용역 | F54: CMO상업_내재화 | G54: 0 | H54: 0 | I54: 0 | K54: 577847383 | L54: =I54-K54 -> -577847383
C55: 1주차 | D55: 셀트리온제약 | E55: 용역 | F55: CMO상업_L&P | G55: 1013424600 | H55: 1.1564308e+09 | I55: 1013424600 | J55: =+G55/H55 -> 0.87633828 | K55: 1.1564308e+09 | L55: =I55-K55 -> -1.4300623e+08
C56: 1주차 | D56: 셀트리온제약 | E56: 용역 | F56: CMO상업_PFS | G56: 4945229200 | H56: 3604746200 | I56: 4945229200 | J56: =+G56/H56 -> 1.3718661 | K56: 4388190400 | L56: =I56-K56 -> 557038800
C57: 1주차 | D57: 셀트리온제약 | E57: 용역 | F57: CMO용역_GCP | G57: 67000000 | H57: 67000000 | I57: 67000000 | J57: =+G57/H57 -> 1 | K57: 67000000 | L57: =I57-K57 -> 0
C58: 1주차 | D58: 셀트리온제약 | E58: 용역 | F58: CMO용역_LCM | G58: 1821375000 | H58: 183500000 | I58: 1821375000 | J58: =+G58/H58 -> 9.9257493 | K58: 1287000000 | L58: =I58-K58 -> 534375000
C59: 1주차 | D59: 셀트리온제약 | E59: 용역 | F59: CMO용역_PFS | G59: 152579274 | H59: 79000000 | I59: 152579274 | J59: =+G59/H59 -> 1.9313832 | K59: 93069429 | L59: =I59-K59 -> 59509845
C60: 1주차 | D60: 셀트리온제약 | E60: 용역 | F60: CMO용역_내재화 | G60: 31604167 | H60: 93750000 | I60: 31604167 | J60: =+G60/H60 -> 0.33711111 | K60: 293416667 | L60: =I60-K60 -> -261812500
C61: 1주차 | D61: 셀트리온제약 | E61: 용역 | F61: 용역_QA위임 | G61: 51613869 | H61: 0 | I61: 51613869 | J61: =+I61/H61 -> #DIV/0! | K61: 0 | L61: =I61-K61 -> 51613869
C62: 5월 실적 | G62: =SUM(G52:G61) -> 8082826110 | H62: =SUM(H52:H61) -> 6.168795e+09 | I62: =SUM(I52:I61) -> 8082826110 | J62: =G62/H62 -> 1.3102763 | K62: =SUM(K52:K61) -> 7.8629547e+09 | L62: =SUM(L52:L61) -> 2.198714e+08
B63: 6월 | C63: 1주차 | D63: 셀트리온제약 | E63: 용역 | F63: CMO상업_조달 | G63: 0 | H63: 2.5885437e+09 | I63: 0 | J63: =+G63/H63 -> 0 | K63: 2130332400 | L63: =I63-K63 -> -2130332400
C64: 1주차 | D64: 셀트리온제약 | E64: 용역 | F64: CMO상업_미국 | G64: 0 | H64: 0 | I64: 0 | K64: 0 | L64: =I64-K64 -> 0
C65: 1주차 | D65: 셀트리온제약 | E65: 용역 | F65: CMO상업_내재화 | G65: 490916584 | H65: 137760000 | I65: 490916584 | K65: 17260112 | L65: =I65-K65 -> 4.7365647e+08
C66: 1주차 | D66: 셀트리온제약 | E66: 용역 | F66: CMO상업_L&P | G66: 569738700 | H66: 9.5931083e+08 | I66: 569738700 | J66: =+G66/H66 -> 0.59390417 | K66: 429310828 | L66: =I66-K66 -> 140427872
C67: 1주차 | D67: 셀트리온제약 | E67: 용역 | F67: CMO상업_PFS | G67: 7345815300 | H67: 3590929395 | I67: 7345815300 | J67: =+G67/H67 -> 2.0456585 | K67: 6509592800 | L67: =I67-K67 -> 836222500
C68: 1주차 | D68: 셀트리온제약 | E68: 용역 | F68: CMO용역_GCP | G68: 67000000 | H68: 67000000 | I68: 67000000 | J68: =+G68/H68 -> 1 | K68: 67000000 | L68: =I68-K68 -> 0
C69: 1주차 | D69: 셀트리온제약 | E69: 용역 | F69: CMO용역_LCM | G69: 350250000 | H69: 48000000 | I69: 350250000 | J69: =+G69/H69 -> 7.296875 | K69: 964625000 | L69: =I69-K69 -> -614375000
C70: 1주차 | D70: 셀트리온제약 | E70: 용역 | F70: CMO용역_PFS | G70: 154620726 | H70: 0 | I70: 154620726 | J70: =+G70/H70 -> #DIV/0! | K70: 80069429 | L70: =I70-K70 -> 74551297
C71: 1주차 | D71: 셀트리온제약 | E71: 용역 | F71: CMO용역_내재화 | G71: 440354167 | H71: 395625000 | I71: 440354167 | K71: 595291667 | L71: =I71-K71 -> -154937500
C72: 1주차 | D72: 셀트리온제약 | E72: 용역 | F72: 용역_QA위임 | G72: 15204000 | H72: 0 | I72: 15204000 | J72: =+I72/H72 -> #DIV/0! | K72: 0 | L72: =I72-K72 -> 15204000
C73: 6월 예상 실적 | G73: =SUM(G63:G72) -> 9433899477 | H73: =SUM(H63:H72) -> 7.787169e+09 | I73: =SUM(I63:I72) -> 9433899477 | J73: =G73/H73 -> 1.2114672 | K73: =SUM(K63:K72) -> 1.0793482e+10 | L73: =SUM(L63:L72) -> -1.3595828e+09
B74: 2분기 실적 | G74: =G73+G62+G51 -> 27627650545 | H74: =H73+H62+H51 -> 2.0940845e+10 | I74: =I73+I62+I51 -> 27627650545 | J74: =I74/H74 -> 1.3193188 | K74: =K73+K62+K51 -> 2.8746379e+10 | L74: =L73+L62+L51 -> -1.1187289e+09
B75: 2분기 누적 실적 | G75: =G74+G40 -> 54591444746 | H75: =H74+H40 -> 4.4277529e+10 | I75: =I74+I40 -> 54591444746 | J75: =I75/H75 -> 1.2329379 | K75: =K74+K40 -> 5.5378668e+10 | L75: =L40+L51+L62+L73 -> -7.8722347e+08
B76: 7월 | C76: 1주차 | D76: 셀트리온제약 | E76: 용역 | F76: CMO상업_조달 | G76: 0 | H76: 0 | I76: 0 | J76: =+G76/H76 -> #DIV/0! | K76: 0 | L76: =I76-K76 -> 0
C77: 1주차 | D77: 셀트리온제약 | E77: 용역 | F77: CMO상업_미국 | G77: 0 | H77: 0 | I77: 0 | K77: 0 | L77: =I77-K77 -> 0
C78: 1주차 | D78: 셀트리온제약 | E78: 용역 | F78: CMO상업_내재화 | H78: 46760000 | K78: 46760000 | L78: =I78-K78 -> -46760000
C79: 1주차 | D79: 셀트리온제약 | E79: 용역 | F79: CMO상업_L&P | G79: 353775280 | H79: 9.5931083e+08 | I79: 353775280 | J79: =+G79/H79 -> 0.36878066 | K79: 1192346400 | L79: =I79-K79 -> -838571120
C80: 1주차 | D80: 셀트리온제약 | E80: 용역 | F80: CMO상업_PFS | G80: 9941539250 | H80: 6395629100 | I80: 9941539250 | J80: =+G80/H80 -> 1.5544271 | K80: 1.1211367e+10 | L80: =I80-K80 -> -1.2698276e+09
C81: 1주차 | D81: 셀트리온제약 | E81: 용역 | F81: CMO용역_GCP | G81: 0 | H81: 0 | I81: 0 | K81: 0 | L81: =I81-K81 -> 0
C82: 1주차 | D82: 셀트리온제약 | E82: 용역 | F82: CMO용역_LCM | G82: 0 | H82: 306250000 | I82: 0 | J82: =+G82/H82 -> 0 | K82: 339375000 | L82: =I82-K82 -> -339375000
C83: 1주차 | D83: 셀트리온제약 | E83: 용역 | F83: CMO용역_PFS | G83: 39754430 | H83: 0 | I83: 39754430 | J83: =+G83/H83 -> #DIV/0! | K83: 0 | L83: =I83-K83 -> 39754430
C84: 1주차 | D84: 셀트리온제약 | E84: 용역 | F84: CMO용역_내재화 | G84: 514454167 | H84: 0 | I84: 514454167 | K84: 46875000 | L84: =I84-K84 -> 467579167
C85: 1주차 | D85: 셀트리온제약 | E85: 용역 | F85: 용역_QA위임 | G85: 61027000 | H85: 0 | I85: 61027000 | J85: =+I85/H85 -> #DIV/0! | K85: 0 | L85: =I85-K85 -> 61027000
C86: 7월 실적 | G86: =SUM(G76:G85) -> 10910550127 | H86: =SUM(H76:H85) -> 7.7079499e+09 | I86: =SUM(I76:I85) -> 10910550127 | J86: =G86/H86 -> 1.4154931 | K86: =SUM(K76:K85) -> 1.2836723e+10 | L86: =SUM(L76:L85) -> -1.9261731e+09
B87: 7월 누적 실적 | G87: =G75+G86 -> 65501994873 | H87: =H86+H75 -> 5.1985479e+10 | I87: =I86+I75 -> 65501994873 | J87: =G87/H87 -> 1.2600056 | K87: =K75+K86 -> 6.8215391e+10
B88: 8월 | C88: 1주차 | D88: 셀트리온제약 | E88: 용역 | F88: CMO상업_조달 | H88: 0 | I88: 0 | J88: =+G88/H88 -> #DIV/0! | K88: 0 | L88: =I88-K88 -> 0
C89: 1주차 | D89: 셀트리온제약 | E89: 용역 | F89: CMO상업_미국 | H89: 0 | I89: 0 | K89: 0 | L89: =I89-K89 -> 0
C90: 1주차 | D90: 셀트리온제약 | E90: 용역 | F90: CMO상업_내재화 | H90: 322280000 | I90: 1058000169 | K90: 322280000 | L90: =I90-K90 -> 735720169 | M90: 9.9891499e+08
C91: 1주차 | D91: 셀트리온제약 | E91: 용역 | F91: CMO상업_L&P | H91: 9.6040683e+08 | I91: 0 | J91: =+G91/H91 -> 0 | K91: 1572321000 | L91: =I91-K91 -> -1572321000 | M91: 286643200
C92: 1주차 | D92: 셀트리온제약 | E92: 용역 | F92: CMO상업_PFS | H92: 8000557900 | I92: 13647383900 | J92: =+G92/H92 -> 0 | K92: 1.3758591e+10 | L92: =I92-K92 -> -1.1120723e+08 | M92: 15032886900 | N92: 829467900
C93: 1주차 | D93: 셀트리온제약 | E93: 용역 | F93: CMO용역_GCP | H93: 0 | I93: 0 | J93: =+G93/H93 -> #DIV/0! | K93: 40000000 | L93: =I93-K93 -> -40000000
C94: 1주차 | D94: 셀트리온제약 | E94: 용역 | F94: CMO용역_LCM | H94: 0 | I94: 143875000 | J94: =+G94/H94 -> #DIV/0! | K94: 292500000 | L94: =I94-K94 -> -148625000
C95: 1주차 | D95: 셀트리온제약 | E95: 용역 | F95: CMO용역_PFS | H95: 0 | I95: 186269430 | J95: =+G95/H95 -> #DIV/0! | K95: 155000000 | L95: =I95-K95 -> 31269430 | M95: 171269430
C96: 1주차 | D96: 셀트리온제약 | E96: 용역 | F96: CMO용역_내재화 | H96: 0 | I96: 333479167 | K96: 46875000 | L96: =I96-K96 -> 286604167
C97: 1주차 | D97: 셀트리온제약 | E97: 용역 | F97: 용역_QA위임 | H97: 0 | I97: 31683200 | J97: =+I97/H97 -> #DIV/0! | K97: 0 | L97: =I97-K97 -> 31683200
B98: 8월 예상실적 | G98: =SUM(G88:G97) -> 0 | H98: =SUM(H88:H97) -> 9.2832447e+09 | I98: =SUM(I88:I97) -> 15400690866 | J98: =G98/H98 -> 0 | K98: =SUM(K88:K97) -> 1.6187567e+10 | L98: =SUM(L88:L97) -> -7.8687627e+08
B99: 8월 누적 예상 실적 | G99: =G87+G98 -> 65501994873 | H99: =H98+H87 -> 6.1268723e+10 | I99: =I98+I87 -> 80902685739 | J99: =G99/H99 -> 1.0690935 | K99: =K98+K87 -> 8.4402959e+10 | L99: =I99-K99 -> -3.5002728e+09
B100: 9월 | C100: 1주차 | D100: 셀트리온제약 | E100: 용역 | F100: CMO상업_조달 | H100: 0 | I100: 603655560 | J100: =+G100/H100 -> #DIV/0! | K100: 603655560 | L100: =I100-K100 -> 0 | N100: 100000000
...

Sheet 2024년 계획_변경적용
B2: □ 2024년 매출 계획
B4: 사업계획_구분1 | C4: 경영정보통합 | D4: 사업계획_구분3 | E4: 사업계획_구분4 | F4: 1월 | G4: 2월 | H4: 3월 | I4: 4월 | J4: 5월 | K4: 6월 | L4: 7월 | M4: 8월 | N4: 9월 | O4: 10월 | P4: 11월 | Q4: 12월 | R4: 2024년 계획 합계 | T4: 2월 누계 | U4: 3월 누계 | V4: 4월 누계 | W4: 5월 누계 | X4: 6월 누계 | Y4: 7월 누계 | Z4: 8월 누계 | AA4: 9월 누계 | AB4: 10월 누계 | AC4: 11월 누계 | AE4: 1분기 | AF4: 2분기 | AG4: 3분기 | AH4: 4분기
B5: 케미컬 | C5: 고덱스 | D5: 고덱스 | E5: 고덱스캡슐 | F5: 2.8215448e+09 | G5: 4.2323172e+09 | H5: 7.0538621e+09 | I5: 3.775695e+09 | J5: 5.6635424e+09 | K5: 9.4392374e+09 | L5: 3.0837976e+09 | M5: 4.6256963e+09 | N5: 7.7094939e+09 | O5: 3.3189627e+09 | P5: 4.978444e+09 | Q5: 8.2974066e+09 | R5: =SUM(F5:Q5) -> 6.5e+10 | T5: =SUM(F5:G5) -> 7.0538621e+09 | U5: =T5+H5 -> 1.4107724e+10 | V5: =U5+I5 -> 1.7883419e+10 | W5: =V5+J5 -> 2.3546962e+10 | X5: =W5+K5 -> 3.2986199e+10 | Y5: =X5+L5 -> 3.6069996e+10 | Z5: =Y5+M5 -> 4.0695693e+10 | AA5: =Z5+N5 -> 4.8405187e+10 | AB5: =AA5+O5 -> 5.1724149e+10 | AC5: =AB5+P5 -> 5.6702593e+10 | AE5: =SUM(F5:H5) -> 1.4107724e+10 | AF5: =SUM(I5:K5) -> 1.8878475e+10 | AG5: =SUM(L5:N5) -> 1.5418988e+10 | AH5: =SUM(O5:Q5) -> 1.6594813e+10
B6: 케미컬 | C6: 고덱스 | D6: 고덱스 | E6: 고덱스정 | F6: 0 | G6: 0 | H6: 0 | I6: 0 | J6: 0 | K6: 0 | L6: 0 | M6: 0 | N6: 0 | O6: 0 | P6: 0 | Q6: 0 | R6: =SUM(F6:Q6) -> 0 | T6: =SUM(F6:G6) -> 0 | U6: =T6+H6 -> 0 | V6: =U6+I6 -> 0 | W6: =V6+J6 -> 0 | X6: =W6+K6 -> 0 | Y6: =X6+L6 -> 0 | Z6: =Y6+M6 -> 0 | AA6: =Z6+N6 -> 0 | AB6: =AA6+O6 -> 0 | AC6: =AB6+P6 -> 0 | AE6: =SUM(F6:H6) -> 0 | AF6: =SUM(I6:K6) -> 0 | AG6: =SUM(L6:N6) -> 0 | AH6: =SUM(O6:Q6) -> 0
B7: 케미컬 | C7: 제품기타 | D7: 약가보상(케미컬) | E7: 약가보상(케미컬) | F7: 0 | G7: 0 | H7: 0 | I7: 0 | J7: 0 | K7: 0 | L7: 0 | M7: 0 | N7: 0 | O7: 0 | P7: 0 | Q7: 0 | R7: =SUM(F7:Q7) -> 0 | T7: =SUM(F7:G7) -> 0 | U7: =T7+H7 -> 0 | V7: =U7+I7 -> 0 | W7: =V7+J7 -> 0 | X7: =W7+K7 -> 0 | Y7: =X7+L7 -> 0 | Z7: =Y7+M7 -> 0 | AA7: =Z7+N7 -> 0 | AB7: =AA7+O7 -> 0 | AC7: =AB7+P7 -> 0 | AE7: =SUM(F7:H7) -> 0 | AF7: =SUM(I7:K7) -> 0 | AG7: =SUM(L7:N7) -> 0 | AH7: =SUM(O7:Q7) -> 0
B8: 케미컬 | C8: 도네리온 | D8: 도네리온 | E8: 도네리온 | F8: 99309184 | G8: 1.4896378e+08 | H8: 2.4827296e+08 | I8: 1.3289216e+08 | J8: 1.9933824e+08 | K8: 3.322304e+08 | L8: 1.0853963e+08 | M8: 1.6280944e+08 | N8: 2.7134907e+08 | O8: 1.1686812e+08 | P8: 1.7530218e+08 | Q8: 2.921703e+08 | R8: =SUM(F8:Q8) -> 2.2880455e+09 | T8: =SUM(F8:G8) -> 2.4827296e+08 | U8: =T8+H8 -> 4.9654592e+08 | V8: =U8+I8 -> 6.2943808e+08 | W8: =V8+J8 -> 8.2877632e+08 | X8: =W8+K8 -> 1.1610067e+09 | Y8: =X8+L8 -> 1.2695463e+09 | Z8: =Y8+M8 -> 1.4323558e+09 | AA8: =Z8+N8 -> 1.7037049e+09 | AB8: =AA8+O8 -> 1.820573e+09 | AC8: =AB8+P8 -> 1.9958752e+09 | AE8: =SUM(F8:H8) -> 4.9654592e+08 | AF8: =SUM(I8:K8) -> 6.644608e+08 | AG8: =SUM(L8:N8) -> 5.4269813e+08 | AH8: =SUM(O8:Q8) -> 5.843406e+08
B9: 케미컬 | C9: 공동판매 | D9: 케미컬쌍방코프로 | E9: 케미컬쌍방코프로 | F9: 9.1157602e+08 | G9: 1.367364e+09 | H9: 2.27894e+09 | I9: 1.2198399e+09 | J9: 1.8297599e+09 | K9: 3.0495998e+09 | L9: 9.9630383e+08 | M9: 1.4944557e+09 | N9: 2.4907596e+09 | O9: 1.0722802e+09 | P9: 1.6084204e+09 | Q9: 2.6807006e+09 | R9: =SUM(F9:Q9) -> 2.1e+10 | T9: =SUM(F9:G9) -> 2.27894e+09 | U9: =T9+H9 -> 4.5578801e+09 | V9: =U9+I9 -> 5.77772e+09 | W9: =V9+J9 -> 7.6074799e+09 | X9: =W9+K9 -> 1.065708e+10 | Y9: =X9+L9 -> 1.1653383e+10 | Z9: =Y9+M9 -> 1.3147839e+10 | AA9: =Z9+N9 -> 1.5638599e+10 | AB9: =AA9+O9 -> 1.6710879e+10 | AC9: =AB9+P9 -> 1.8319299e+10 | AE9: =SUM(F9:H9) -> 4.5578801e+09 | AF9: =SUM(I9:K9) -> 6.0991996e+09 | AG9: =SUM(L9:N9) -> 4.9815191e+09 | AH9: =SUM(O9:Q9) -> 5.3614012e+09
B10: 케미컬 | C10: CSO | D10: CSO | E10: CSO-자사 | F10: 1.5840357e+09 | G10: 2.3760535e+09 | H10: 3.8386408e+09 | I10: 2.1197025e+09 | J10: 3.1795537e+09 | K10: 4.2262497e+09 | L10: 1.7312663e+09 | M10: 2.5968994e+09 | N10: 4.3281657e+09 | O10: 2.2217791e+09 | P10: 3.1538343e+09 | Q10: 4.4107027e+09 | R10: =SUM(F10:Q10) -> 3.5766883e+10 | T10: =SUM(F10:G10) -> 3.9600892e+09 | U10: =T10+H10 -> 7.79873e+09 | V10: =U10+I10 -> 9.9184325e+09 | W10: =V10+J10 -> 1.3097986e+10 | X10: =W10+K10 -> 1.7324236e+10 | Y10: =X10+L10 -> 1.9055502e+10 | Z10: =Y10+M10 -> 2.1652402e+10 | AA10: =Z10+N10 -> 2.5980567e+10 | AB10: =AA10+O10 -> 2.8202346e+10 | AC10: =AB10+P10 -> 3.1356181e+10 | AE10: =SUM(F10:H10) -> 7.79873e+09 | AF10: =SUM(I10:K10) -> 9.5255059e+09 | AG10: =SUM(L10:N10) -> 8.6563313e+09 | AH10: =SUM(O10:Q10) -> 9.7863161e+09
B11: 케미컬 | C11: CSO | D11: CSO | E11: CSO-위탁 | F11: 2.3751765e+09 | G11: 3.5331353e+09 | H11: 5.6835746e+09 | I11: 3.1562229e+09 | J11: 4.7086872e+09 | K11: 6.2476423e+09 | L11: 2.579273e+09 | M11: 3.8520117e+09 | N11: 6.3636937e+09 | O11: 3.2666776e+09 | P11: 4.6370765e+09 | Q11: 6.4850477e+09 | R11: =SUM(F11:Q11) -> 5.2888219e+10 | T11: =SUM(F11:G11) -> 5.9083118e+09 | U11: =T11+H11 -> 1.1591886e+10 | V11: =U11+I11 -> 1.4748109e+10 | W11: =V11+J11 -> 1.9456796e+10 | X11: =W11+K11 -> 2.5704439e+10 | Y11: =X11+L11 -> 2.8283712e+10 | Z11: =Y11+M11 -> 3.2135723e+10 | AA11: =Z11+N11 -> 3.8499417e+10 | AB11: =AA11+O11 -> 4.1766095e+10 | AC11: =AB11+P11 -> 4.6403171e+10 | AE11: =SUM(F11:H11) -> 1.1591886e+10 | AF11: =SUM(I11:K11) -> 1.4112552e+10 | AG11: =SUM(L11:N11) -> 1.2794978e+10 | AH11: =SUM(O11:Q11) -> 1.4388802e+10
B12: 케미컬 | C12: CSO | D12: 약가보상(전략) | E12: 약가보상(전략) | F12: -1.5083263e+08 | G12: 0 | H12: 0 | I12: 0 | J12: 0 | K12: 0 | L12: 0 | M12: 0 | N12: 0 | O12: 0 | P12: 0 | Q12: 0 | R12: =SUM(F12:Q12) -> -1.5083263e+08 | T12: =SUM(F12:G12) -> -1.5083263e+08 | U12: =T12+H12 -> -1.5083263e+08 | V12: =U12+I12 -> -1.5083263e+08 | W12: =V12+J12 -> -1.5083263e+08 | X12: =W12+K12 -> -1.5083263e+08 | Y12: =X12+L12 -> -1.5083263e+08 | Z12: =Y12+M12 -> -1.5083263e+08 | AA12: =Z12+N12 -> -1.5083263e+08 | AB12: =AA12+O12 -> -1.5083263e+08 | AC12: =AB12+P12 -> -1.5083263e+08 | AE12: =SUM(F12:H12) -> -1.5083263e+08 | AF12: =SUM(I12:K12) -> 0 | AG12: =SUM(L12:N12) -> 0 | AH12: =SUM(O12:Q12) -> 0
B13: 케미컬 | C13: 제품기타 | D13: 트레블정 | E13: 트레블정 | F13: 66242577 | G13: 99363865 | H13: 1.6052761e+08 | I13: 88643555 | J13: 1.3296533e+08 | K13: 1.7673697e+08 | L13: 72399593 | M13: 1.0859939e+08 | N13: 1.8099898e+08 | O13: 92912285 | P13: 1.3188977e+08 | Q13: 1.8445059e+08 | R13: =SUM(F13:Q13) -> 1.4957305e+09 | T13: =SUM(F13:G13) -> 1.6560644e+08 | U13: =T13+H13 -> 3.2613405e+08 | V13: =U13+I13 -> 4.147776e+08 | W13: =V13+J13 -> 5.4774294e+08 | X13: =W13+K13 -> 7.2447991e+08 | Y13: =X13+L13 -> 7.968795e+08 | Z13: =Y13+M13 -> 9.0547889e+08 | AA13: =Z13+N13 -> 1.0864779e+09 | AB13: =AA13+O13 -> 1.1793902e+09 | AC13: =AB13+P13 -> 1.3112799e+09 | AE13: =SUM(F13:H13) -> 3.2613405e+08 | AF13: =SUM(I13:K13) -> 3.9834586e+08 | AG13: =SUM(L13:N13) -> 3.6199796e+08 | AH13: =SUM(O13:Q13) -> 4.0925265e+08
B14: 케미컬 | C14: 제품기타 | D14: 제품기타 | E14: 기타-자사 | F14: 79656086 | G14: 1.1948413e+08 | H14: 1.9914021e+08 | I14: 1.0659305e+08 | J14: 1.5988958e+08 | K14: 2.6648264e+08 | L14: 87059841 | M14: 1.3058976e+08 | N14: 2.176496e+08 | O14: 93698874 | P14: 1.4054831e+08 | Q14: 2.3424719e+08 | R14: =SUM(F14:Q14) -> 1.8350393e+09 | T14: =SUM(F14:G14) -> 1.9914021e+08 | U14: =T14+H14 -> 3.9828043e+08 | V14: =U14+I14 -> 5.0487348e+08 | W14: =V14+J14 -> 6.6476307e+08 | X14: =W14+K14 -> 9.312457e+08 | Y14: =X14+L14 -> 1.0183055e+09 | Z14: =Y14+M14 -> 1.1488953e+09 | AA14: =Z14+N14 -> 1.3665449e+09 | AB14: =AA14+O14 -> 1.4602438e+09 | AC14: =AB14+P14 -> 1.6007921e+09 | AE14: =SUM(F14:H14) -> 3.9828043e+08 | AF14: =SUM(I14:K14) -> 5.3296527e+08 | AG14: =SUM(L14:N14) -> 4.352992e+08 | AH14: =SUM(O14:Q14) -> 4.6849437e+08
B15: 케미컬 | C15: 제품기타 | D15: 제품기타 | E15: 기타-위탁 | F15: 1.9381672e+08 | G15: 2.9072508e+08 | H15: 4.845418e+08 | I15: 2.5935892e+08 | J15: 3.8903838e+08 | K15: 6.483973e+08 | L15: 2.1183131e+08 | M15: 3.1774696e+08 | N15: 5.2957827e+08 | O15: 2.279852e+08 | P15: 3.419778e+08 | Q15: 5.69963e+08 | R15: =SUM(F15:Q15) -> 4.4649607e+09 | T15: =SUM(F15:G15) -> 4.845418e+08 | U15: =T15+H15 -> 9.690836e+08 | V15: =U15+I15 -> 1.2284425e+09 | W15: =V15+J15 -> 1.6174809e+09 | X15: =W15+K15 -> 2.2658782e+09 | Y15: =X15+L15 -> 2.4777095e+09 | Z15: =Y15+M15 -> 2.7954565e+09 | AA15: =Z15+N15 -> 3.3250347e+09 | AB15: =AA15+O15 -> 3.5530199e+09 | AC15: =AB15+P15 -> 3.8949977e+09 | AE15: =SUM(F15:H15) -> 9.690836e+08 | AF15: =SUM(I15:K15) -> 1.2967946e+09 | AG15: =SUM(L15:N15) -> 1.0591565e+09 | AH15: =SUM(O15:Q15) -> 1.139926e+09
B16: 케미컬 | C16: 제품기타 | D16: OTC | E16: OTC-가네진 | F16: 66819000 | G16: 66819000 | H16: 106910400 | I16: 22273000 | J16: 60600938 | K16: 51691738 | L16: 69510138 | M16: 69510138 | N16: 69510138 | O16: 71737438 | P16: 71737438 | Q16: 71737438 | R16: =SUM(F16:Q16) -> 798856800 | T16: =SUM(F16:G16) -> 133638000 | U16: =T16+H16 -> 240548400 | V16: =U16+I16 -> 262821400 | W16: =V16+J16 -> 3.2342234e+08 | X16: =W16+K16 -> 375114075 | Y16: =X16+L16 -> 4.4462421e+08 | Z16: =Y16+M16 -> 514134350 | AA16: =Z16+N16 -> 5.8364449e+08 | AB16: =AA16+O16 -> 655381925 | AC16: =AB16+P16 -> 7.2711936e+08 | AE16: =SUM(F16:H16) -> 240548400 | AF16: =SUM(I16:K16) -> 134565675 | AG16: =SUM(L16:N16) -> 2.0853041e+08 | AH16: =SUM(O16:Q16) -> 2.1521231e+08
... B53: 제약용역 | C53: 개발용역 | D53: LCM용역 | E53: LCM용역 | F53: 490500000 | G53: 766500000 | H53: 1666750000 | I53: 379000000 | J53: 183500000 | K53: 48000000 | L53: 306250000 | M53: 0 | N53: 0 | O53: 0 | P53: 720875000 | Q53: 257375000 | R53: =SUM(F53:Q53) -> 4818750000 | T53: =SUM(F53:G53) -> 1257000000 | U53: =T53+H53 -> 2923750000 | V53: =U53+I53 -> 3302750000 | W53: =V53+J53 -> 3486250000 | X53: =W53+K53 -> 3534250000 | Y53: =X53+L53 -> 3840500000 | Z53: =Y53+M53 -> 3840500000 | AA53: =Z53+N53 -> 3840500000 | AB53: =AA53+O53 -> 3840500000 | AC53: =AB53+P53 -> 4561375000 | AE53: =SUM(F53:H53) -> 2923750000 | AF53: =SUM(I53:K53) -> 610500000 | AG53: =SUM(L53:N53) -> 306250000 | AH53: =SUM(O53:Q53) -> 978250000
B54: 제약용역 | C54: 개발용역 | D54: QA위임용역 | E54: QA위임용역 | I54: 0 | J54: 0 | K54: 0 | L54: 0 | M54: 0 | N54: 0 | O54: 0 | P54: 0 | Q54: 0
B55: 기타 | C55: 제품기타 | D55: 환불부채 | E55: 환불부채 | F55: 0 | G55: 0 | H55: -100000000 | I55: 0 | J55: 0 | K55: -100000000 | L55: 0 | M55: 0 | N55: -100000000 | O55: 0 | P55: 0 | Q55: -100000000 | R55: =SUM(F55:Q55) -> -400000000 | T55: =SUM(F55:G55) -> 0 | U55: =T55+H55 -> -100000000 | V55: =U55+I55 -> -100000000 | W55: =V55+J55 -> -100000000 | X55: =W55+K55 -> -200000000 | Y55: =X55+L55 -> -200000000 | Z55: =Y55+M55 -> -200000000 | AA55: =Z55+N55 -> -300000000 | AB55: =AA55+O55 -> -300000000 | AC55: =AB55+P55 -> -300000000 | AE55: =SUM(F55:H55) -> -100000000 | AF55: =SUM(I55:K55) -> -100000000 | AG55: =SUM(L55:N55) -> -100000000 | AH55: =SUM(O55:Q55) -> -100000000
B56: 기타 | C56: 제품기타 | D56: 반품부채 | E56: 반품부채 | F56: 0 | G56: 0 | H56: -100000000 | I56: 0 | J56: 0 | K56: -100000000 | L56: 0 | M56: 0 | N56: -100000000 | O56: 0 | P56: 0 | Q56: -100000000 | R56: =SUM(F56:Q56) -> -400000000 | T56: =SUM(F56:G56) -> 0 | U56: =T56+H56 -> -100000000 | V56: =U56+I56 -> -100000000 | W56: =V56+J56 -> -100000000 | X56: =W56+K56 -> -200000000 | Y56: =X56+L56 -> -200000000 | Z56: =Y56+M56 -> -200000000 | AA56: =Z56+N56 -> -300000000 | AB56: =AA56+O56 -> -300000000 | AC56: =AB56+P56 -> -300000000 | AE56: =SUM(F56:H56) -> -100000000 | AF56: =SUM(I56:K56) -> -100000000 | AG56: =SUM(L56:N56) -> -100000000 | AH56: =SUM(O56:Q56) -> -100000000
B57: 합계 | F57: =SUM(F5:F56) -> 1.986792e+10 | G57: =SUM(G5:G56) -> 2.6258909e+10 | H57: =SUM(H5:H56) -> 4.4234092e+10 | I57: =SUM(I5:I56) -> 2.5482365e+10 | J57: =SUM(J5:J56) -> 3.3307998e+10 | K57: =SUM(K5:K56) -> 5.0157331e+10 | L57: =SUM(L5:L56) -> 2.5334259e+10 | M57: =SUM(M5:M56) -> 3.57416e+10 | ... R57: =SUM(R5:R56) -> 4.4852408e+11 | T57: =SUM(T5:T56) -> 4.6126829e+10 | U57: =SUM(U5:U56) -> 9.0360921e+10 | V57: =SUM(V5:V56) -> 1.1584329e+11 | W57: =SUM(W5:W56) -> 1.4915128e+11 | X57: =SUM(X5:X56) -> 1.9930861e+11 | Y57: =SUM(Y5:Y56) -> 2.2464287e+11 | Z57: =SUM(Z5:Z56) -> 2.6038447e+11 | AA57: =SUM(AA5:AA56) -> 3.1553611e+11 | ... AC57: =SUM(AC5:AC56) -> 3.8524113e+11 | AE57: =SUM(AE5:AE56) -> 9.0360921e+10 | AF57: =SUM(AF5:AF56) -> 1.0894769e+11 | AG57: =SUM(AG5:AG56) -> 1.1622749e+11 | AH57: =SUM(AH5:AH56) -> 1.3298797e+11
T58: =ROUND(T57,0)=ROUND(SUM($F$57:G$57),0) -> TRUE | U58: =ROUND(U57,0)=ROUND(SUM($F$57:H$57),0) -> TRUE | V58: =ROUND(V57,0)=ROUND(SUM($F$57:I$57),0) -> TRUE | W58: =ROUND(W57,0)=ROUND(SUM($F$57:J$57),0) -> TRUE | X58: =ROUND(X57,0)=ROUND(SUM($F$57:K$57),0) -> TRUE | Y58: =ROUND(Y57,0)=ROUND(SUM($F$57:L$57),0) -> TRUE | Z58: =ROUND(Z57,0)=ROUND(SUM($F$57:M$57),0) -> TRUE | AA58: =ROUND(AA57,0)=ROUND(SUM($F$57:N$57),0) -> TRUE | ... AC58: =ROUND(AC57,0)=ROUND(SUM($F$57:P$57),0) -> TRUE | AE58: =ROUND(AE57,0)=ROUND(SUM(F57:H57),0) -> TRUE | AF58: =ROUND(AF57,0)=ROUND(SUM(I57:K57),0) -> TRUE | AG58: =ROUND(AG57,0)=ROUND(SUM(L57:N57),0) -> TRUE | AH58: =ROUND(AH57,0)=ROUND(SUM(O57:Q57),0) -> TRUE
D64: CMO 합계
D65: 케미컬 상업
E66: G07 | F66: =F45 -> 736312500 | G66: =G45 -> 3253527000 | H66: =H45 -> 2762644500 | I66: =I45 -> 1339107000 | J66: =J45 -> 984368000 | K66: =K45 -> 2.5885437e+09 | L66: =L45 -> 0 | M66: =M45 -> 0 | ... Q66: =Q45 -> 0
E67: 기타 | F67: =F44 -> 0 | G67: =G44 -> 0 | H67: =H44 -> 0 | I67: =I44 -> 0 | J67: =J44 -> 0 | K67: =K44 -> 0 | L67: =L44 -> 0 | M67: =M44 -> 0 | ... Q67: =Q44 -> 0
E68: 내재화 | F68: =F48 -> 0 | G68: =G48 -> 0 | H68: =H48 -> 0 | I68: =I48 -> 0 | J68: =J48 -> 0 | K68: =K48 -> 137760000 | L68: =L48 -> 46760000 | M68: =M48 -> 322280000 | ... Q68: =Q48 -> 495684000
D69: 바이오 상업
E70: L&P | F70: =F46 -> 9.5931083e+08 | G70: =G46 -> 9.5931083e+08 | H70: =H46 -> 9.5931083e+08 | I70: =I46 -> 7.6219083e+08 | J70: =J46 -> 1.1564308e+09 | K70: =K46 -> 9.5931083e+08 | L70: =L46 -> 9.5931083e+08 | M70: =M46 -> 9.6040683e+08 | ... Q70: =Q46 -> 9.5931083e+08
E71: PFS | F71: =F47 -> 4405740000 | G71: =G47 -> 4.7866246e+08 | H71: =H47 -> 4.7344899e+09 | I71: =I47 -> 4302583000 | J71: =J47 -> 3604746200 | K71: =K47 -> 3590929395 | L71: =L47 -> 6395629100 | M71: =M47 -> 8000557900 | ... Q71: =Q47 -> 14634343765
D72: 개발 용역
E73: GCP | F73: =F50 -> 0 | G73: =G50 -> 40000000 | H73: =H50 -> 0 | I73: =I50 -> 60000000 | J73: =J50 -> 67000000 | K73: =K50 -> 67000000 | L73: =L50 -> 0 | M73: =M50 -> 0 | ... Q73: =Q50 -> 67000000
E74: LCM | F74: =F53 -> 490500000 | G74: =G53 -> 766500000 | H74: =H53 -> 1666750000 | I74: =I53 -> 379000000 | J74: =J53 -> 183500000 | K74: =K53 -> 48000000 | L74: =L53 -> 306250000 | M74: =M53 -> 0 | ... Q74: =Q53 -> 257375000
E75: PFS 개발 | F75: =F51 -> 0 | G75: =G51 -> 162000000 | H75: =H51 -> 506000000 | I75: =I51 -> 142000000 | J75: =J51 -> 79000000 | K75: =K51 -> 0 | L75: =L51 -> 0 | M75: =M51 -> 0 | ... Q75: =Q51 -> 437000000
E76: 내재화 | F76: =F52 -> 0 | G76: =G52 -> 93750000 | H76: =H52 -> 361875000 | I76: =I52 -> 0 | J76: =J52 -> 93750000 | K76: =K52 -> 395625000 | L76: =L52 -> 0 | M76: =M52 -> 0 | ... Q76: =Q52 -> 234375000
E77: 기타(QA위임등)* | F77: =F54 -> 0 | G77: =G54 -> 0 | H77: =H54 -> 0 | I77: =I54 -> 0 | J77: =J54 -> 0 | K77: =K54 -> 0 | L77: =L54 -> 0 | M77: =M54 -> 0 | ... Q77: =Q54 -> 0

Sheet 2024년 계획
B2: □ 2024년 매출 계획
B4: 사업계획_구분1 | C4: 경영정보통합 | D4: 사업계획_구분3 | E4: 사업계획_구분4 | F4: 1월 | G4: 2월 | H4: 3월 | I4: 4월 | J4: 5월 | K4: 6월 | L4: 7월 | M4: 8월 | N4: 9월 | O4: 10월 | P4: 11월 | Q4: 12월 | R4: 2024년 계획 합계 | T4: 2월 누계 | U4: 3월 누계 | V4: 4월 누계 | W4: 5월 누계 | X4: 6월 누계 | Y4: 7월 누계 | Z4: 8월 누계 | AA4: 9월 누계 | AB4: 10월 누계 | AC4: 11월 누계 | AE4: 1분기 | AF4: 2분기 | AG4: 3분기 | AH4: 4분기
B5: 케미컬 | C5: 고덱스 | D5: 고덱스 | E5: 고덱스캡슐 | F5: 2.8215448e+09 | G5: 4.2323172e+09 | H5: 7.0538621e+09 | I5: 3.775695e+09 | J5: 5.6635424e+09 | K5: 9.4392374e+09 | L5: 3.0837976e+09 | M5: 4.6256963e+09 | N5: 7.7094939e+09 | O5: 3.3189627e+09 | P5: 4.978444e+09 | Q5: 8.2974066e+09 | R5: =SUM(F5:Q5) -> 6.5e+10 | T5: =SUM(F5:G5) -> 7.0538621e+09 | U5: =T5+H5 -> 1.4107724e+10 | V5: =U5+I5 -> 1.7883419e+10 | W5: =V5+J5 -> 2.3546962e+10 | X5: =W5+K5 -> 3.2986199e+10 | Y5: =X5+L5 -> 3.6069996e+10 | Z5: =Y5+M5 -> 4.0695693e+10 | AA5: =Z5+N5 -> 4.8405187e+10 | AB5: =AA5+O5 -> 5.1724149e+10 | AC5: =AB5+P5 -> 5.6702593e+10 | AE5: =SUM(F5:H5) -> 1.4107724e+10 | AF5: =SUM(I5:K5) -> 1.8878475e+10 | AG5: =SUM(L5:N5) -> 1.5418988e+10 | AH5: =SUM(O5:Q5) -> 1.6594813e+10
B6: 케미컬 | C6: 고덱스 | D6: 고덱스 | E6: 고덱스정 | F6: 0 | G6: 0 | H6: 0 | I6: 0 | J6: 0 | K6: 0 | L6: 0 | M6: 0 | N6: 0 | O6: 0 | P6: 0 | Q6: 0 | R6: =SUM(F6:Q6) -> 0 | T6: =SUM(F6:G6) -> 0 | U6: =T6+H6 -> 0 | V6: =U6+I6 -> 0 | W6: =V6+J6 -> 0 | X6: =W6+K6 -> 0 | Y6: =X6+L6 -> 0 | Z6: =Y6+M6 -> 0 | AA6: =Z6+N6 -> 0 | AB6: =AA6+O6 -> 0 | AC6: =AB6+P6 -> 0 | AE6: =SUM(F6:H6) -> 0 | AF6: =SUM(I6:K6) -> 0 | AG6: =SUM(L6:N6) -> 0 | AH6: =SUM(O6:Q6) -> 0
B7: 케미컬 | C7: 제품기타 | D7: 약가보상(케미컬) | E7: 약가보상(케미컬) | F7: 0 | G7: 0 | H7: 0 | I7: 0 | J7: 0 | K7: 0 | L7: 0 | M7: 0 | N7: 0 | O7: 0 | P7: 0 | Q7: 0 | R7: =SUM(F7:Q7) -> 0 | T7: =SUM(F7:G7) -> 0 | U7: =T7+H7 -> 0 | V7: =U7+I7 -> 0 | W7: =V7+J7 -> 0 | X7: =W7+K7 -> 0 | Y7: =X7+L7 -> 0 | Z7: =Y7+M7 -> 0 | AA7: =Z7+N7 -> 0 | AB7: =AA7+O7 -> 0 | AC7: =AB7+P7 -> 0 | AE7: =SUM(F7:H7) -> 0 | AF7: =SUM(I7:K7) -> 0 | AG7: =SUM(L7:N7) -> 0 | AH7: =SUM(O7:Q7) -> 0
B8: 케미컬 | C8: 도네리온 | D8: 도네리온 | E8: 도네리온 | F8: 99309184 | G8: 1.4896378e+08 | H8: 2.4827296e+08 | I8: 1.3289216e+08 | J8: 1.9933824e+08 | K8: 3.322304e+08 | L8: 1.0853963e+08 | M8: 1.6280944e+08 | N8: 2.7134907e+08 | O8: 1.1686812e+08 | P8: 1.7530218e+08 | Q8: 2.921703e+08 | R8: =SUM(F8:Q8) -> 2.2880455e+09 | T8: =SUM(F8:G8) -> 2.4827296e+08 | U8: =T8+H8 -> 4.9654592e+08 | V8: =U8+I8 -> 6.2943808e+08 | W8: =V8+J8 -> 8.2877632e+08 | X8: =W8+K8 -> 1.1610067e+09 | Y8: =X8+L8 -> 1.2695463e+09 | Z8: =Y8+M8 -> 1.4323558e+09 | AA8: =Z8+N8 -> 1.7037049e+09 | AB8: =AA8+O8 -> 1.820573e+09 | AC8: =AB8+P8 -> 1.9958752e+09 | AE8: =SUM(F8:H8) -> 4.9654592e+08 | AF8: =SUM(I8:K8) -> 6.644608e+08 | AG8: =SUM(L8:N8) -> 5.4269813e+08 | AH8: =SUM(O8:Q8) -> 5.843406e+08
B9: 케미컬 | C9: 공동판매 | D9: 케미컬쌍방코프로 | E9: 케미컬쌍방코프로 | F9: 9.1157602e+08 | G9: 1.367364e+09 | H9: 2.27894e+09 | I9: 1.2198399e+09 | J9: 1.8297599e+09 | K9: 3.0495998e+09 | L9: 9.9630383e+08 | M9: 1.4944557e+09 | N9: 2.4907596e+09 | O9: 1.0722802e+09 | P9: 1.6084204e+09 | Q9: 2.6807006e+09 | R9: =SUM(F9:Q9) -> 2.1e+10 | T9: =SUM(F9:G9) -> 2.27894e+09 | U9: =T9+H9 -> 4.5578801e+09 | V9: =U9+I9 -> 5.77772e+09 | W9: =V9+J9 -> 7.6074799e+09 | X9: =W9+K9 -> 1.065708e+10 | Y9: =X9+L9 -> 1.1653383e+10 | Z9: =Y9+M9 -> 1.3147839e+10 | AA9: =Z9+N9 -> 1.5638599e+10 | AB9: =AA9+O9 -> 1.6710879e+10 | AC9: =AB9+P9 -> 1.8319299e+10 | AE9: =SUM(F9:H9) -> 4.5578801e+09 | AF9: =SUM(I9:K9) -> 6.0991996e+09 | AG9: =SUM(L9:N9) -> 4.9815191e+09 | AH9: =SUM(O9:Q9) -> 5.3614012e+09
B10: 케미컬 | C10: CSO | D10: CSO | E10: CSO-자사 | F10: 1.5840357e+09 | G10: 2.3760535e+09 | H10: 3.8386408e+09 | I10: 2.1197025e+09 | J10: 3.1795537e+09 | K10: 4.2262497e+09 | L10: 1.7312663e+09 | M10: 2.5968994e+09 | N10: 4.3281657e+09 | O10: 2.2217791e+09 | P10: 3.1538343e+09 | Q10: 4.4107027e+09 | R10: =SUM(F10:Q10) -> 3.5766883e+10 | T10: =SUM(F10:G10) -> 3.9600892e+09 | U10: =T10+H10 -> 7.79873e+09 | V10: =U10+I10 -> 9.9184325e+09 | W10: =V10+J10 -> 1.3097986e+10 | X10: =W10+K10 -> 1.7324236e+10 | Y10: =X10+L10 -> 1.9055502e+10 | Z10: =Y10+M10 -> 2.1652402e+10 | AA10: =Z10+N10 -> 2.5980567e+10 | AB10: =AA10+O10 -> 2.8202346e+10 | AC10: =AB10+P10 -> 3.1356181e+10 | AE10: =SUM(F10:H10) -> 7.79873e+09 | AF10: =SUM(I10:K10) -> 9.5255059e+09 | AG10: =SUM(L10:N10) -> 8.6563313e+09 | AH10: =SUM(O10:Q10) -> 9.7863161e+09
B11: 케미컬 | C11: CSO | D11: CSO | E11: CSO-위탁 | F11: 2.3751765e+09 | G11: 3.5331353e+09 | H11: 5.6835746e+09 | I11: 3.1562229e+09 | J11: 4.7086872e+09 | K11: 6.2476423e+09 | L11: 2.579273e+09 | M11: 3.8520117e+09 | N11: 6.3636937e+09 | O11: 3.2666776e+09 | P11: 4.6370765e+09 | Q11: 6.4850477e+09 | R11: =SUM(F11:Q11) -> 5.2888219e+10 | T11: =SUM(F11:G11) -> 5.9083118e+09 | U11: =T11+H11 -> 1.1591886e+10 | V11: =U11+I11 -> 1.4748109e+10 | W11: =V11+J11 -> 1.9456796e+10 | X11: =W11+K11 -> 2.5704439e+10 | Y11: =X11+L11 -> 2.8283712e+10 | Z11: =Y11+M11 -> 3.2135723e+10 | AA11: =Z11+N11 -> 3.8499417e+10 | AB11: =AA11+O11 -> 4.1766095e+10 | AC11: =AB11+P11 -> 4.6403171e+10 | AE11: =SUM(F11:H11) -> 1.1591886e+10 | AF11: =SUM(I11:K11) -> 1.4112552e+10 | AG11: =SUM(L11:N11) -> 1.2794978e+10 | AH11: =SUM(O11:Q11) -> 1.4388802e+10
B12: 케미컬 | C12: CSO | D12: 약가보상(전략) | E12: 약가보상(전략) | F12: -1.5083263e+08 | G12: 0 | H12: 0 | I12: 0 | J12: 0 | K12: 0 | L12: 0 | M12: 0 | N12: 0 | O12: 0 | P12: 0 | Q12: 0 | R12: =SUM(F12:Q12) -> -1.5083263e+08 | T12: =SUM(F12:G12) -> -1.5083263e+08 | U12: =T12+H12 -> -1.5083263e+08 | V12: =U12+I12 -> -1.5083263e+08 | W12: =V12+J12 -> -1.5083263e+08 | X12: =W12+K12 -> -1.5083263e+08 | Y12: =X12+L12 -> -1.5083263e+08 | Z12: =Y12+M12 -> -1.5083263e+08 | AA12: =Z12+N12 -> -1.5083263e+08 | AB12: =AA12+O12 -> -1.5083263e+08 | AC12: =AB12+P12 -> -1.5083263e+08 | AE12: =SUM(F12:H12) -> -1.5083263e+08 | AF12: =SUM(I12:K12) -> 0 | AG12: =SUM(L12:N12) -> 0 | AH12: =SUM(O12:Q12) -> 0
B13: 케미컬 | C13: 제품기타 | D13: 트레블정 | E13: 트레블정 | F13: 66242577 | G13: 99363865 | H13: 1.6052761e+08 | I13: 88643555 | J13: 1.3296533e+08 | K13: 1.7673697e+08 | L13: 72399593 | M13: 1.0859939e+08 | N13: 1.8099898e+08 | O13: 92912285 | P13: 1.3188977e+08 | Q13: 1.8445059e+08 | R13: =SUM(F13:Q13) -> 1.4957305e+09 | T13: =SUM(F13:G13) -> 1.6560644e+08 | U13: =T13+H13 -> 3.2613405e+08 | V13: =U13+I13 -> 4.147776e+08 | W13: =V13+J13 -> 5.4774294e+08 | X13: =W13+K13 -> 7.2447991e+08 | Y13: =X13+L13 -> 7.968795e+08 | Z13: =Y13+M13 -> 9.0547889e+08 | AA13: =Z13+N13 -> 1.0864779e+09 | AB13: =AA13+O13 -> 1.1793902e+09 | AC13: =AB13+P13 -> 1.3112799e+09 | AE13: =SUM(F13:H13) -> 3.2613405e+08 | AF13: =SUM(I13:K13) -> 3.9834586e+08 | AG13: =SUM(L13:N13) -> 3.6199796e+08 | AH13: =SUM(O13:Q13) -> 4.0925265e+08
B14: 케미컬 | C14: 제품기타 | D14: 제품기타 | E14: 기타-자사 | F14: 79656086 | G14: 1.1948413e+08 | H14: 1.9914021e+08 | I14: 1.0659305e+08 | J14: 1.5988958e+08 | K14: 2.6648264e+08 | L14: 87059841 | M14: 1.3058976e+08 | N14: 2.176496e+08 | O14: 93698874 | P14: 1.4054831e+08 | Q14: 2.3424719e+08 | R14: =SUM(F14:Q14) -> 1.8350393e+09 | T14: =SUM(F14:G14) -> 1.9914021e+08 | U14: =T14+H14 -> 3.9828043e+08 | V14: =U14+I14 -> 5.0487348e+08 | W14: =V14+J14 -> 6.6476307e+08 | X14: =W14+K14 -> 9.312457e+08 | Y14: =X14+L14 -> 1.0183055e+09 | Z14: =Y14+M14 -> 1.1488953e+09 | AA14: =Z14+N14 -> 1.3665449e+09 | AB14: =AA14+O14 -> 1.4602438e+09 | AC14: =AB14+P14 -> 1.6007921e+09 | AE14: =SUM(F14:H14) -> 3.9828043e+08 | AF14: =SUM(I14:K14) -> 5.3296527e+08 | AG14: =SUM(L14:N14) -> 4.352992e+08 | AH14: =SUM(O14:Q14) -> 4.6849437e+08
B15: 케미컬 | C15: 제품기타 | D15: 제품기타 | E15: 기타-위탁 | F15: 1.9381672e+08 | G15: 2.9072508e+08 | H15: 4.845418e+08 | I15: 2.5935892e+08 | J15: 3.8903838e+08 | K15: 6.483973e+08 | L15: 2.1183131e+08 | M15: 3.1774696e+08 | N15: 5.2957827e+08 | O15: 2.279852e+08 | P15: 3.419778e+08 | Q15: 5.69963e+08 | R15: =SUM(F15:Q15) -> 4.4649607e+09 | T15: =SUM(F15:G15) -> 4.845418e+08 | U15: =T15+H15 -> 9.690836e+08 | V15: =U15+I15 -> 1.2284425e+09 | W15: =V15+J15 -> 1.6174809e+09 | X15: =W15+K15 -> 2.2658782e+09 | Y15: =X15+L15 -> 2.4777095e+09 | Z15: =Y15+M15 -> 2.7954565e+09 | AA15: =Z15+N15 -> 3.3250347e+09 | AB15: =AA15+O15 -> 3.5530199e+09 | AC15: =AB15+P15 -> 3.8949977e+09 | AE15: =SUM(F15:H15) -> 9.690836e+08 | AF15: =SUM(I15:K15) -> 1.2967946e+09 | AG15: =SUM(L15:N15) -> 1.0591565e+09 | AH15: =SUM(O15:Q15) -> 1.139926e+09
B16: 케미컬 | C16: 제품기타 | D16: OTC | E16: OTC-가네진 | F16: 66819000 | G16: 66819000 | H16: 106910400 | I16: 22273000 | J16: 60600938 | K16: 51691738 | L16: 69510138 | M16: 69510138 | N16: 69510138 | O16: 71737438 | P16: 71737438 | Q16: 71737438 | R16: =SUM(F16:Q16) -> 798856800 | T16: =SUM(F16:G16) -> 133638000 | U16: =T16+H16 -> 240548400 | V16: =U16+I16 -> 262821400 | W16: =V16+J16 -> 3.2342234e+08 | X16: =W16+K16 -> 375114075 | Y16: =X16+L16 -> 4.4462421e+08 | Z16: =Y16+M16 -> 514134350 | AA16: =Z16+N16 -> 5.8364449e+08 | AB16: =AA16+O16 -> 655381925 | AC16: =AB16+P16 -> 7.2711936e+08 | AE16: =SUM(F16:H16) -> 240548400 | AF16: =SUM(I16:K16) -> 134565675 | AG16: =SUM(L16:N16) -> 2.0853041e+08 | AH16: =SUM(O16:Q16) -> 2.1521231e+08
... B55: 기타 | C55: 제품기타 | D55: 반품부채 | E55: 반품부채 | F55: 0 | G55: 0 | H55: -100000000 | I55: 0 | J55: 0 | K55: -100000000 | L55: 0 | M55: 0 | N55: -100000000 | O55: 0 | P55: 0 | Q55: -100000000 | R55: =SUM(F55:Q55) -> -400000000 | T55: =SUM(F55:G55) -> 0 | U55: =T55+H55 -> -100000000 | V55: =U55+I55 -> -100000000 | W55: =V55+J55 -> -100000000 | X55: =W55+K55 -> -200000000 | Y55: =X55+L55 -> -200000000 | Z55: =Y55+M55 -> -200000000 | AA55: =Z55+N55 -> -300000000 | AB55: =AA55+O55 -> -300000000 | AC55: =AB55+P55 -> -300000000 | AE55: =SUM(F55:H55) -> -100000000 | AF55: =SUM(I55:K55) -> -100000000 | AG55: =SUM(L55:N55) -> -100000000 | AH55: =SUM(O55:Q55) -> -100000000
B56: 합계 | F56: =SUM(F5:F55) -> 1.986792e+10 | G56: =SUM(G5:G55) -> 2.6258909e+10 | H56: =SUM(H5:H55) -> 4.4234092e+10 | I56: =SUM(I5:I55) -> 2.3663557e+10 | J56: =SUM(J5:J55) -> 3.2515276e+10 | K56: =SUM(K5:K55) -> 5.2768862e+10 | L56: =SUM(L5:L55) -> 2.2305237e+10 | M56: =SUM(M5:M55) -> 3.8465807e+10 | ... R56: =SUM(R5:R55) -> 4.4852408e+11 | T56: =SUM(T5:T55) -> 4.6126829e+10 | U56: =SUM(U5:U55) -> 9.0360921e+10 | V56: =SUM(V5:V55) -> 1.1402448e+11 | W56: =SUM(W5:W55) -> 1.4653975e+11 | X56: =SUM(X5:X55) -> 1.9930861e+11 | Y56: =SUM(Y5:Y55) -> 2.2161385e+11 | Z56: =SUM(Z5:Z55) -> 2.6007966e+11 | AA56: =SUM(AA5:AA55) -> 3.1553611e+11 | ... AC56: =SUM(AC5:AC55) -> 3.8536578e+11 | AE56: =SUM(AE5:AE55) -> 9.0360921e+10 | AF56: =SUM(AF5:AF55) -> 1.0894769e+11 | AG56: =SUM(AG5:AG55) -> 1.1622749e+11 | AH56: =SUM(AH5:AH55) -> 1.3298797e+11
T57: =ROUND(T56,0)=ROUND(SUM($F$56:G$56),0) -> TRUE | U57: =ROUND(U56,0)=ROUND(SUM($F$56:H$56),0) -> TRUE | V57: =ROUND(V56,0)=ROUND(SUM($F$56:I$56),0) -> TRUE | W57: =ROUND(W56,0)=ROUND(SUM($F$56:J$56),0) -> TRUE | X57: =ROUND(X56,0)=ROUND(SUM($F$56:K$56),0) -> TRUE | Y57: =ROUND(Y56,0)=ROUND(SUM($F$56:L$56),0) -> TRUE | Z57: =ROUND(Z56,0)=ROUND(SUM($F$56:M$56),0) -> TRUE | AA57: =ROUND(AA56,0)=ROUND(SUM($F$56:N$56),0) -> TRUE | ... AC57: =ROUND(AC56,0)=ROUND(SUM($F$56:P$56),0) -> TRUE | AE57: =ROUND(AE56,0)=ROUND(SUM(F56:H56),0) -> TRUE | AF57: =ROUND(AF56,0)=ROUND(SUM(I56:K56),0) -> TRUE | AG57: =ROUND(AG56,0)=ROUND(SUM(L56:N56),0) -> TRUE | AH57: =ROUND(AH56,0)=ROUND(SUM(O56:Q56),0) -> TRUE

Sheet 2023년 실적
B2: □ 2023년 매출 실적
B4: 사업계획_구분1 | C4: 경영정보통합 | D4: 사업계획_구분3 | E4: 사업계획_구분4 | F4: 1월 | G4: 2월 | H4: 3월 | I4: 4월 | J4: 5월 | K4: 6월 | L4: 7월 | M4: 8월 | N4: 9월 | O4: 10월 | P4: 11월 | Q4: 12월 | R4: 2023년 실적 합계 | T4: 2월 누계 | U4: 3월 누계 | V4: 4월 누계 | W4: 5월 누계 | X4: 6월 누계 | Y4: 7월 누계 | Z4: 8월 누계 | AA4: 9월 누계 | AB4: 10월 누계 | AC4: 11월 누계 | AE4: 1분기 | AF4: 2분기 | AG4: 3분기 | AH4: 4분기
B5: 케미컬 | C5: 고덱스 | D5: 고덱스 | E5: 고덱스캡슐 | F5: 3687570806 | G5: 5128395870 | H5: 6281751224 | I5: 5798431443 | J5: 5901964958 | K5: 7051975865 | L5: 5400074996 | M5: 5200429656 | N5: 7001025491 | O5: 4656527400 | P5: 6000933183 | Q5: 7006565759 | R5: =SUM(F5:Q5) -> 69115646651 | T5: =SUM(F5:G5) -> 8815966676 | U5: =SUM(T5, H5) -> 15097717900 | V5: =SUM(U5, I5) -> 20896149343 | W5: =SUM(V5, J5) -> 26798114301 | X5: =SUM(W5, K5) -> 33850090166 | Y5: =SUM(X5, L5) -> 39250165162 | Z5: =SUM(Y5, M5) -> 44450594818 | AA5: =SUM(Z5, N5) -> 51451620309 | AB5: =SUM(AA5, O5) -> 56108147709 | AC5: =SUM(AB5, P5) -> 62109080892 | AE5: =SUM(F5:H5) -> 15097717900 | AF5: =SUM(I5:K5) -> 18752372266 | AG5: =SUM(L5:N5) -> 17601530143 | AH5: =SUM(O5:Q5) -> 17664026342
B6: 케미컬 | C6: 고덱스 | D6: 고덱스 | E6: 고덱스정 | F6: 0 | G6: 0 | H6: 0 | I6: 0 | J6: 0 | K6: 0 | L6: 0 | M6: 0 | N6: 0 | O6: 0 | P6: 0 | Q6: 0 | R6: =SUM(F6:Q6) -> 0 | T6: =SUM(F6:G6) -> 0 | U6: =SUM(T6, H6) -> 0 | V6: =SUM(U6, I6) -> 0 | W6: =SUM(V6, J6) -> 0 | X6: =SUM(W6, K6) -> 0 | Y6: =SUM(X6, L6) -> 0 | Z6: =SUM(Y6, M6) -> 0 | AA6: =SUM(Z6, N6) -> 0 | AB6: =SUM(AA6, O6) -> 0 | AC6: =SUM(AB6, P6) -> 0 | AE6: =SUM(F6:H6) -> 0 | AF6: =SUM(I6:K6) -> 0 | AG6: =SUM(L6:N6) -> 0 | AH6: =SUM(O6:Q6) -> 0
B7: 케미컬 | C7: 제품기타 | D7: 약가보상(케미컬) | E7: 약가보상(케미컬) | F7: 0 | G7: 0 | H7: 0 | I7: 0 | J7: 0 | K7: 0 | L7: 0 | M7: 0 | N7: 0 | O7: 0 | P7: 0 | Q7: 0 | R7: =SUM(F7:Q7) -> 0 | T7: =SUM(F7:G7) -> 0 | U7: =SUM(T7, H7) -> 0 | V7: =SUM(U7, I7) -> 0 | W7: =SUM(V7, J7) -> 0 | X7: =SUM(W7, K7) -> 0 | Y7: =SUM(X7, L7) -> 0 | Z7: =SUM(Y7, M7) -> 0 | AA7: =SUM(Z7, N7) -> 0 | AB7: =SUM(AA7, O7) -> 0 | AC7: =SUM(AB7, P7) -> 0 | AE7: =SUM(F7:H7) -> 0 | AF7: =SUM(I7:K7) -> 0 | AG7: =SUM(L7:N7) -> 0 | AH7: =SUM(O7:Q7) -> 0
B8: 케미컬 | C8: 도네리온 | D8: 도네리온 | E8: 도네리온 | F8: 78413972 | G8: 174469864 | H8: 97871605 | I8: 0 | J8: 152109262 | K8: 235302271 | L8: 65189684 | M8: 1629519 | N8: -146768102 | O8: 0 | P8: 87360761 | Q8: 198189177 | R8: =SUM(F8:Q8) -> 943768013 | T8: =SUM(F8:G8) -> 252883836 | U8: =SUM(T8, H8) -> 350755441 | V8: =SUM(U8, I8) -> 350755441 | W8: =SUM(V8, J8) -> 502864703 | X8: =SUM(W8, K8) -> 738166974 | Y8: =SUM(X8, L8) -> 803356658 | Z8: =SUM(Y8, M8) -> 804986177 | AA8: =SUM(Z8, N8) -> 658218075 | AB8: =SUM(AA8, O8) -> 658218075 | AC8: =SUM(AB8, P8) -> 745578836 | AE8: =SUM(F8:H8) -> 350755441 | AF8: =SUM(I8:K8) -> 387411533 | AG8: =SUM(L8:N8) -> -79948899 | AH8: =SUM(O8:Q8) -> 285549938
B9: 케미컬 | C9: 공동판매 | D9: 케미컬쌍방코프로 | E9: 케미컬쌍방코프로 | F9: 0 | G9: 0 | H9: 0 | I9: 0 | J9: 0 | K9: 0 | L9: 0 | M9: 0 | N9: 0 | O9: 0 | P9: 0 | Q9: 0 | R9: =SUM(F9:Q9) -> 0 | T9: =SUM(F9:G9) -> 0 | U9: =SUM(T9, H9) -> 0 | V9: =SUM(U9, I9) -> 0 | W9: =SUM(V9, J9) -> 0 | X9: =SUM(W9, K9) -> 0 | Y9: =SUM(X9, L9) -> 0 | Z9: =SUM(Y9, M9) -> 0 | AA9: =SUM(Z9, N9) -> 0 | AB9: =SUM(AA9, O9) -> 0 | AC9: =SUM(AB9, P9) -> 0 | AE9: =SUM(F9:H9) -> 0 | AF9: =SUM(I9:K9) -> 0 | AG9: =SUM(L9:N9) -> 0 | AH9: =SUM(O9:Q9) -> 0
B10: 케미컬 | C10: CSO | D10: CSO | E10: CSO-자사 | F10: 2082552804 | G10: 3078554523 | H10: 3374653549 | I10: 3421659154 | J10: 3818044303 | K10: 5453887816 | L10: 2440478062 | M10: 1763116059 | N10: 4365284485 | O10: 372233390 | P10: 1085193190 | Q10: 3727708513 | R10: =SUM(F10:Q10) -> 34983365848 | T10: =SUM(F10:G10) -> 5161107327 | U10: =SUM(T10, H10) -> 8535760876 | V10: =SUM(U10, I10) -> 11957420030 | W10: =SUM(V10, J10) -> 15775464333 | X10: =SUM(W10, K10) -> 21229352149 | Y10: =SUM(X10, L10) -> 23669830211 | Z10: =SUM(Y10, M10) -> 25432946270 | AA10: =SUM(Z10, N10) -> 29798230755 | AB10: =SUM(AA10, O10) -> 30170464145 | AC10: =SUM(AB10, P10) -> 31255657335 | AE10: =SUM(F10:H10) -> 8535760876 | AF10: =SUM(I10:K10) -> 12693591273 | AG10: =SUM(L10:N10) -> 8568878606 | AH10: =SUM(O10:Q10) -> 5185135093
B11: 케미컬 | C11: CSO | D11: CSO | E11: CSO-위탁 | F11: 3550311181 | G11: 4314388140 | H11: 4706859695 | I11: 3622453855 | J11: 3353317521 | K11: 7767470382 | L11: 3577063318 | M11: 1210863033 | N11: 5161208709 | O11: 5561380944 | P11: 6283475731 | Q11: 2637064333 | R11: =SUM(F11:Q11) -> 51745856842 | T11: =SUM(F11:G11) -> 7864699321 | U11: =SUM(T11, H11) -> 12571559016 | V11: =SUM(U11, I11) -> 16194012871 | W11: =SUM(V11, J11) -> 19547330392 | X11: =SUM(W11, K11) -> 27314800774 | Y11: =SUM(X11, L11) -> 30891864092 | Z11: =SUM(Y11, M11) -> 32102727125 | AA11: =SUM(Z11, N11) -> 37263935834 | AB11: =SUM(AA11, O11) -> 42825316778 | AC11: =SUM(AB11, P11) -> 49108792509 | AE11: =SUM(F11:H11) -> 12571559016 | AF11: =SUM(I11:K11) -> 14743241758 | AG11: =SUM(L11:N11) -> 9949135060 | AH11: =SUM(O11:Q11) -> 14481921008
B12: 케미컬 | C12: CSO | D12: 약가보상(전략) | E12: 약가보상(전략) | F12: 0 | G12: 0 | H12: 0 | I12: 0 | J12: 0 | K12: 0 | L12: 0 | M12: 0 | N12: 0 | O12: 0 | P12: 0 | Q12: 0 | R12: =SUM(F12:Q12) -> 0 | T12: =SUM(F12:G12) -> 0 | U12: =SUM(T12, H12) -> 0 | V12: =SUM(U12, I12) -> 0 | W12: =SUM(V12, J12) -> 0 | X12: =SUM(W12, K12) -> 0 | Y12: =SUM(X12, L12) -> 0 | Z12: =SUM(Y12, M12) -> 0 | AA12: =SUM(Z12, N12) -> 0 | AB12: =SUM(AA12, O12) -> 0 | AC12: =SUM(AB12, P12) -> 0 | AE12: =SUM(F12:H12) -> 0 | AF12: =SUM(I12:K12) -> 0 | AG12: =SUM(L12:N12) -> 0 | AH12: =SUM(O12:Q12) -> 0
B13: 케미컬 | C13: 제품기타 | D13: 트레블정 | E13: 트레블정 | F13: 122256299 | G13: 115002196 | H13: 160733439 | I13: 151488284 | J13: 132601048 | K13: 155419708 | L13: 123640163 | M13: 154064407 | N13: 132619393 | O13: 577824845 | P13: 48540053 | Q13: -3296712 | R13: =SUM(F13:Q13) -> 1870893123 | T13: =SUM(F13:G13) -> 237258495 | U13: =SUM(T13, H13) -> 397991934 | V13: =SUM(U13, I13) -> 549480218 | W13: =SUM(V13, J13) -> 682081266 | X13: =SUM(W13, K13) -> 837500974 | Y13: =SUM(X13, L13) -> 961141137 | Z13: =SUM(Y13, M13) -> 1115205544 | AA13: =SUM(Z13, N13) -> 1247824937 | AB13: =SUM(AA13, O13) -> 1825649782 | AC13: =SUM(AB13, P13) -> 1874189835 | AE13: =SUM(F13:H13) -> 397991934 | AF13: =SUM(I13:K13) -> 439509040 | AG13: =SUM(L13:N13) -> 410323963 | AH13: =SUM(O13:Q13) -> 623068186
B14: 케미컬 | C14: 제품기타 | D14: 제품기타 | E14: 기타-자사 | F14: 993095217 | G14: 111229065 | H14: 152159254 | I14: 132642303 | J14: 106199151 | K14: 159502544 | L14: 150908911 | M14: 161877803 | N14: 158616763 | O14: 123596675 | P14: 159663857 | Q14: 193618626 | R14: =SUM(F14:Q14) -> 2603110169 | T14: =SUM(F14:G14) -> 1104324282 | U14: =SUM(T14, H14) -> 1256483536 | V14: =SUM(U14, I14) -> 1389125839 | W14: =SUM(V14, J14) -> 1495324990 | X14: =SUM(W14, K14) -> 1654827534 | Y14: =SUM(X14, L14) -> 1805736445 | Z14: =SUM(Y14, M14) -> 1967614248 | AA14: =SUM(Z14, N14) -> 2126231011 | AB14: =SUM(AA14, O14) -> 2249827686 | AC14: =SUM(AB14, P14) -> 2409491543 | AE14: =SUM(F14:H14) -> 1256483536 | AF14: =SUM(I14:K14) -> 398343998 | AG14: =SUM(L14:N14) -> 471403477 | AH14: =SUM(O14:Q14) -> 476879158
B15: 케미컬 | C15: 제품기타 | D15: 제품기타 | E15: 기타-위탁 | F15: 377237676 | G15: 305394957 | H15: 265246016 | I15: 351047272 | J15: 358518885 | K15: 364448917 | L15: 392769844 | M15: 356446483 | N15: 373624129 | O15: 294627291 | P15: 205841671 | Q15: 502333703 | R15: =SUM(F15:Q15) -> 4147536844 | T15: =SUM(F15:G15) -> 682632633 | U15: =SUM(T15, H15) -> 947878649 | V15: =SUM(U15, I15) -> 1298925921 | W15: =SUM(V15, J15) -> 1657444806 | X15: =SUM(W15, K15) -> 2021893723 | Y15: =SUM(X15, L15) -> 2414663567 | Z15: =SUM(Y15, M15) -> 2771110050 | AA15: =SUM(Z15, N15) -> 3144734179 | AB15: =SUM(AA15, O15) -> 3439361470 | AC15: =SUM(AB15, P15) -> 3645203141 | AE15: =SUM(F15:H15) -> 947878649 | AF15: =SUM(I15:K15) -> 1074015074 | AG15: =SUM(L15:N15) -> 1122840456 | AH15: =SUM(O15:Q15) -> 1002802665
B16: 케미컬 | C16: 제품기타 | D16: OTC | E16: OTC-가네진 | F16: 57082000 | G16: 33409500 | H16: 12080069 | I16: 34809000 | J16: 3734212 | K16: 31048200 | L16: 54500000 | M16: 67901300 | N16: 74340600 | O16: 93291560 | P16: 43877810 | Q16: 44546000 | R16: =SUM(F16:Q16) -> 5.5062025e+08 | T16: =SUM(F16:G16) -> 90491500 | U16: =SUM(T16, H16) -> 1.0257157e+08 | V16: =SUM(U16, I16) -> 1.3738057e+08 | W16: =SUM(V16, J16) -> 1.4111478e+08 | X16: =SUM(W16, K16) -> 1.7216298e+08 | Y16: =SUM(X16, L16) -> 2.2666298e+08 | Z16: =SUM(Y16, M16) -> 2.9456428e+08 | AA16: =SUM(Z16, N16) -> 3.6890488e+08 | AB16: =SUM(AA16, O16) -> 4.6219644e+08 | AC16: =SUM(AB16, P16) -> 5.0607425e+08 | AE16: =SUM(F16:H16) -> 1.0257157e+08 | AF16: =SUM(I16:K16) -> 69591412 | AG16: =SUM(L16:N16) -> 196741900 | AH16: =SUM(O16:Q16) -> 181715370
... B61: 기타 | C61: 제품기타 | D61: 반품부채 | E61: 반품부채 | F61: 0 | G61: 0 | H61: -51496272 | I61: 0 | J61: 0 | K61: -30026898 | L61: 0 | M61: 0 | N61: -56641149 | O61: 0 | P61: 0 | Q61: -9511381 | R61: =SUM(F61:Q61) -> -147675700 | T61: =SUM(F61:G61) -> 0 | U61: =SUM(T61, H61) -> -51496272 | V61: =SUM(U61, I61) -> -51496272 | W61: =SUM(V61, J61) -> -51496272 | X61: =SUM(W61, K61) -> -81523170 | Y61: =SUM(X61, L61) -> -81523170 | Z61: =SUM(Y61, M61) -> -81523170 | AA61: =SUM(Z61, N61) -> -138164319 | AB61: =SUM(AA61, O61) -> -138164319 | AC61: =SUM(AB61, P61) -> -138164319 | AE61: =SUM(F61:H61) -> -51496272 | AF61: =SUM(I61:K61) -> -30026898 | AG61: =SUM(L61:N61) -> -56641149 | AH61: =SUM(O61:Q61) -> -9511381
B62: 합계 | F62: =SUM(F5:F61) -> 24828037476 | G62: =SUM(G5:G61) -> 29587636012 | H62: =SUM(H5:H61) -> 3.5594821e+10 | I62: =SUM(I5:I61) -> 30285244588 | J62: =SUM(J5:J61) -> 34654819717 | K62: =SUM(K5:K61) -> 45304653746 | L62: =SUM(L5:L61) -> 25770055302 | M62: =SUM(M5:M61) -> 24452029939 | ... R62: =SUM(R5:R61) -> 3.8879434e+11 | T62: =SUM(T5:T61) -> 54415673488 | U62: =SUM(U5:U61) -> 9.0010495e+10 | V62: =SUM(V5:V61) -> 1.2029574e+11 | W62: =SUM(W5:W61) -> 1.5495056e+11 | X62: =SUM(X5:X61) -> 2.0025521e+11 | Y62: =SUM(Y5:Y61) -> 2.2602527e+11 | Z62: =SUM(Z5:Z61) -> 2.504773e+11 | AA62: =SUM(AA5:AA61) -> 2.9363989e+11 | ... AC62: =SUM(AC5:AC61) -> 3.5267567e+11 | AE62: =SUM(AE5:AE61) -> 9.0010495e+10 | AF62: =SUM(AF5:AF61) -> 110244718051 | AG62: =SUM(AG5:AG61) -> 93384675329 | AH62: =SUM(AH5:AH61) -> 95154447381
F63: TRUE | G63: TRUE | H63: TRUE | I63: TRUE | J63: TRUE | K63: TRUE | L63: TRUE | M63: TRUE | N63: TRUE | O63: TRUE | P63: TRUE | Q63: TRUE | R63: TRUE | T63: =ROUND(T62,0)=ROUND(SUM($F$62:G$62),0) -> TRUE | U63: =ROUND(U62,0)=ROUND(SUM($F$62:H$62),0) -> TRUE | V63: =ROUND(V62,0)=ROUND(SUM($F$62:I$62),0) -> TRUE | W63: =ROUND(W62,0)=ROUND(SUM($F$62:J$62),0) -> TRUE | X63: =ROUND(X62,0)=ROUND(SUM($F$62:K$62),0) -> TRUE | Y63: =ROUND(Y62,0)=ROUND(SUM($F$62:L$62),0) -> TRUE | Z63: =ROUND(Z62,0)=ROUND(SUM($F$62:M$62),0) -> TRUE | AA63: =ROUND(AA62,0)=ROUND(SUM($F$62:N$62),0) -> TRUE | ... AC63: =ROUND(AC62,0)=ROUND(SUM($F$62:P$62),0) -> TRUE | AE63: =ROUND(AE62,0)=ROUND(SUM(F62:H62),0) -> TRUE | AF63: =ROUND(AF62,0)=ROUND(SUM(I62:K62),0) -> TRUE | AG63: =ROUND(AG62,0)=ROUND(SUM(L62:N62),0) -> TRUE | AH63: =ROUND(AH62,0)=ROUND(SUM(O62:Q62),0) -> TRUE
F67: =F69=SUM(F44:F56) -> TRUE | G67: =G69=SUM(G44:G56) -> TRUE | H67: =H69=SUM(H44:H56) -> TRUE | I67: =I69=SUM(I44:I56) -> TRUE | J67: =J69=SUM(J44:J56) -> TRUE | K67: =K69=SUM(K44:K56) -> TRUE | L67: =L69=SUM(L44:L56) -> TRUE | M67: =M69=SUM(M44:M56) -> TRUE | ... R67: =R69=SUM(R44:R56) -> TRUE
F68: 1월 | G68: 2월 | H68: 3월 | I68: 4월 | J68: 5월 | K68: 6월 | L68: 7월 | M68: 8월 | N68: 9월 | O68: 10월 | P68: 11월 | Q68: 12월 | R68: 2023년 실적 합계
D69: CMO 합계 | F69: =SUM(F70,F74,F77) -> 7808648211 | G69: =SUM(G70,G74,G77) -> 8554402538 | H69: =SUM(H70,H74,H77) -> 6675841289 | I69: =SUM(I70,I74,I77) -> 8004678424 | J69: =SUM(J70,J74,J77) -> 6740572309 | K69: =SUM(K70,K74,K77) -> 5880250149 | L69: =SUM(L70,L74,L77) -> 6361205706 | M69: =SUM(M70,M74,M77) -> 4210776469 | ... Q69: =SUM(Q70,Q74,Q77) -> 8781528436 | R69: =SUM(F69:Q69) -> 87805019809
D70: 케미컬 상업 | F70: =SUM(F71:F73) -> 5283077660 | G70: =SUM(G71:G73) -> 6178659360 | H70: =SUM(H71:H73) -> 5064525780 | I70: =SUM(I71:I73) -> 4514293080 | J70: =SUM(J71:J73) -> 4964650080 | K70: =SUM(K71:K73) -> 2439488340 | L70: =SUM(L71:L73) -> 2625820020 | M70: =SUM(M71:M73) -> 1800537660 | ... Q70: =SUM(Q71:Q73) -> 183933540 | R70: =SUM(F70:Q70) -> 40259632040
E71: G07 | F71: =F45 -> 5126482260 | G71: =G45 -> 6178659360 | H71: =H45 -> 5064525780 | I71: =I45 -> 4514293080 | J71: =J45 -> 4964650080 | K71: =K45 -> 2439488340 | L71: =L45 -> 2625820020 | M71: =M45 -> 1800537660 | ... Q71: =Q45 -> 183933540 | R71: =SUM(F71:Q71) -> 40103036640
E72: 기타 | F72: =F44 -> 156595400 | G72: =G44 -> 0 | H72: =H44 -> 0 | I72: =I44 -> 0 | J72: =J44 -> 0 | K72: =K44 -> 0 | L72: =L44 -> 0 | M72: =M44 -> 0 | ... Q72: =Q44 -> 0 | R72: =SUM(F72:Q72) -> 156595400
E73: 내재화 | F73: =F48 -> 0 | G73: =G48 -> 0 | H73: =H48 -> 0 | I73: =I48 -> 0 | J73: =J48 -> 0 | K73: =K48 -> 0 | L73: =L48 -> 0 | M73: =M48 -> 0 | ... Q73: =Q48 -> 0 | R73: =SUM(F73:Q73) -> 0
D74: 바이오 상업 | F74: =SUM(F75:F76) -> 1207371870 | G74: =SUM(G75:G76) -> 1703047880 | H74: =SUM(H75:H76) -> 1072735080 | I74: =SUM(I75:I76) -> 1997814850 | J74: =SUM(J75:J76) -> 1457744800 | K74: =SUM(K75:K76) -> 2373503380 | L74: =SUM(L75:L76) -> 2320792290 | M74: =SUM(M75:M76) -> 1681529380 | ... Q74: =SUM(Q75:Q76) -> 7395505640 | R74: =SUM(F74:Q74) -> 34965134610
E75: L&P | F75: =F46 -> 670443570 | G75: =G46 -> 678710580 | H75: =H46 -> 672176480 | I75: =I46 -> 799032650 | J75: =J46 -> 454620400 | K75: =K46 -> 806854580 | L75: =L46 -> 1017805510 | M75: =M46 -> 671369780 | ... Q75: =Q46 -> 1261232640 | R75: =SUM(F75:Q75) -> 9613686210
E76: PFS | F76: =F47 -> 536928300 | G76: =G47 -> 1024337300 | H76: =H47 -> 400558600 | I76: =I47 -> 1198782200 | J76: =J47 -> 1003124400 | K76: =K47 -> 1566648800 | L76: =L47 -> 1302986780 | M76: =M47 -> 1010159600 | ... Q76: =Q47 -> 6134273000 | R76: =SUM(F76:Q76) -> 25351448400
D77: 개발 용역 | F77: =SUM(F78:F82) -> 1318198681 | G77: =SUM(G78:G82) -> 672695298 | H77: =SUM(H78:H82) -> 538580429 | I77: =SUM(I78:I82) -> 1492570494 | J77: =SUM(J78:J82) -> 318177429 | K77: =SUM(K78:K82) -> 1067258429 | L77: =SUM(L78:L82) -> 1414593396 | M77: =SUM(M78:M82) -> 728709429 | ... Q77: =SUM(Q78:Q82) -> 1202089256 | R77: =SUM(F77:Q77) -> 12580253159
E78: GCP | F78: =F50 -> 0 | G78: =G50 -> 147000000 | H78: =H50 -> 0 | I78: =I50 -> 62800000 | J78: =J50 -> 119500000 | K78: =K50 -> 184000000 | L78: =L50 -> 0 | M78: =M50 -> 107000000 | ... Q78: =Q50 -> 67000000 | R78: =SUM(F78:Q78) -> 1169600000
E79: LCM | F79: =F53 -> 0 | G79: =G53 -> 38500000 | H79: =H53 -> 0 | I79: =I53 -> 54875000 | J79: =J53 -> 38500000 | K79: =K53 -> 614875000 | L79: =L53 -> 0 | M79: =M53 -> 38500000 | ... Q79: =Q53 -> 0 | R79: =SUM(F79:Q79) -> 1086750000
E80: PFS 개발 | F80: =F51 -> 162069429 | G80: =G51 -> 30069429 | H80: =H51 -> 137569429 | I80: =I51 -> 718469429 | J80: =J51 -> 14069429 | K80: =K51 -> 160319429 | L80: =L51 -> 1322769429 | M80: =M51 -> 353609429 | ... Q80: =Q51 -> 769328089 | R80: =SUM(F80:Q80) -> 6028439808
E81: 내재화 | F81: =F52 -> 1140000000 | G81: =G52 -> 344375000 | H81: =H52 -> 386875000 | I81: =I52 -> 595000000 | J81: =J52 -> 93750000 | K81: =K52 -> 93750000 | L81: =L52 -> 46875000 | M81: =M52 -> 187500000 | ... Q81: =Q52 -> 339929167 | R81: =SUM(F81:Q81) -> 3779690509
E82: 기타(QA위임등)* | F82: =SUM(F54:F56) -> 16129252 | G82: =SUM(G54:G56) -> 112750869 | H82: =SUM(H54:H56) -> 14136000 | I82: =SUM(I54:I56) -> 61426065 | J82: =SUM(J54:J56) -> 52358000 | K82: =SUM(K54:K56) -> 14314000 | L82: =SUM(L54:L56) -> 44948967 | M82: =SUM(M54:M56) -> 42100000 | ... Q82: =SUM(Q54:Q56) -> 25832000 | R82: =SUM(F82:Q82) -> 515772842

Sheet 1분기 실적
A1: 24년 CMO 매출 예상실적
Z2: 2024.03.27
A3: ■ 1분기 매출
Z4: 단위 : 억원
A5: 구분 | D5: 23년 실적 | E5: 24녀 목표 | F5: 1분기 | W5: 연간 합계 | AE5: =860-835 -> 25
F6: 1월 | J6: 2월 | N6: 3월 | R6: 1분기 소계 | W6: 23년 실적 | X6: 사업 계획 | Y6: 예상 실적 | Z6: 차이
F7: 23년 실적 | G7: 사업 계획 | H7: 실적 | I7: 차이 | J7: 23년 실적 | K7: 사업 계획 | L7: 실적 | M7: 차이 | N7: 23년 실적 | O7: 사업 계획 | P7: 예상 실적 | Q7: 차이 | R7: 23년 실적 | S7: 사업 계획 | T7: 예상 실적 | U7: 차이
B8: CMO 합계 | D8: =D9+D13+D16 -> 877.55713 | E8: =E9+E13+E16 -> 1100.9891 | F8: =F9+F13+F16 -> 78.086482 | G8: =G9+G13+G16 -> 65.918633 | H8: =H9+H13+H16 -> 67.325155 | I8: =H8-G8 -> 1.4065222 | J8: =J9+J13+J16 -> 85.544025 | K8: =K9+K13+K16 -> 57.537503 | L8: =L9+L13+L16 -> 106.98931 | M8: =L8-K8 -> 49.451809 | N8: =N9+N13+N16 -> 66.758413 | O8: =O9+O13+O16 -> 109.9107 | P8: =P9+P13+P16 -> 95.323475 | Q8: =P8-O8 -> -14.587228 | R8: =R9+R13+R16 -> 230.38892 | S8: =S9+S13+S16 -> 233.36684 | T8: =T9+T13+T16 -> 269.63794 | U8: =T8-S8 -> 36.271103 | W8: =W9+W13+W16 -> 877.55713 | X8: =X9+X13+X16 -> 1100.9891 | Y8: =X8 -> 1100.9891 | Z8: =Y8-X8 -> 0 | AB8: 835.55861 | AE8: =X8-AB8 -> 265.43047 | AF8: =H8-F8 -> -10.761327 | AG8: =#REF!+R8 -> #REF! | AH8: =#REF!+T8 -> #REF! | AI8: =#REF!+U8 -> #REF! | AK8: 196.12005 | AN8: 64.038899
B9: 케미컬 상업 | D9: =SUM(D10:D12) -> 402.5531 | E9: =SUM(E10:E12) -> 192.56843 | F9: =SUM(F10:F12) -> 52.830777 | G9: =SUM(G10:G12) -> 7.363125 | H9: =SUM(H10:H12) -> 3.0259728 | I9: =H9-G9 -> -4.3371522 | J9: =SUM(J10:J12) -> 61.786594 | K9: =SUM(K10:K12) -> 32.53527 | L9: =SUM(L10:L11) -> 53.720647 | M9: =L9-K9 -> 21.185377 | N9: =SUM(N10:N12) -> 50.645258 | O9: =SUM(O10:O12) -> 27.626445 | P9: =SUM(P10:P11) -> 29.674391 | Q9: =P9-O9 -> 2.0479465 | R9: =SUM(R10:R12) -> 165.26263 | S9: =SUM(S10:S12) -> 67.52484 | T9: =SUM(T10:T11) -> 86.421012 | U9: =T9-S9 -> 18.896172 | W9: =SUM(W10:W12) -> 402.5531 | X9: =SUM(X10:X12) -> 192.56843 | Y9: =SUM(Y10:Y12) -> 192.56843 | Z9: =Y9-X9 -> 0 | AB9: 402.16812 | AE9: =X9-AB9 -> -209.59969 | AF9: =H9-F9 -> -49.804804 | AG9: =#REF!+R9 -> #REF! | AH9: =#REF!+T9 -> #REF! | AI9: =#REF!+U9 -> #REF! | AK9: 34.54857 | AO9: 21.69504 | AP9: =AO9-#REF! -> #REF!
C10: G07 | D10: 400.98715 | E10: 116.64503 | F10: ='2023년 실적'!F45/10^8 -> 51.264823 | G10: ='상세 자료 작성'!J7/10^8 -> 7.363125 | H10: ='상세 자료 작성'!K7/10^8 -> 3.0259728 | I10: =H10-G10 -> -4.3371522 | J10: ='2023년 실적'!G45/10^8 -> 61.786594 | K10: ='상세 자료 작성'!J18/10^8 -> 32.53527 | L10: ='상세 자료 작성'!I18/10^8 -> 53.720647 | M10: =L10-K10 -> 21.185377 | N10: ='2023년 실적'!H45/10^8 -> 50.645258 | O10: ='상세 자료 작성'!J29/10^8 -> 27.626445 | P10: ='상세 자료 작성'!K29/10^8 -> 29.674391 | Q10: =P10-O10 -> 2.0479465 | R10: =F10+J10+N10 -> 163.69667 | S10: =G10+K10+O10 -> 67.52484 | T10: =H10+L10+P10 -> 86.421012 | U10: =T10-S10 -> 18.896172 | W10: 400.98715 | X10: =E10 -> 116.64503 | Y10: =X10 -> 116.64503 | Z10: =Y10-X10 -> 0 | AB10: 400.60217 | AE10: =X10-AB10 -> -283.95714 | AF10: =H10-F10 -> -48.23885 | AG10: =#REF!+R10 -> #REF! | AH10: =#REF!+T10 -> #REF! | AI10: =#REF!+U10 -> #REF! | AK10: 34.54857 | AO10: 21.69504 | AP10: =AO10-#REF! -> #REF!
C11: 기타 | D11: 1.565954 | E11: 0 | F11: ='2023년 실적'!F44/10^8 -> 1.565954 | G11: ='상세 자료 작성'!J8/10^8 -> 0 | H11: ='상세 자료 작성'!K8/10^8 -> 0 | I11: =H11-G11 -> 0 | J11: ='2023년 실적'!G44/10^8 -> 0 | K11: ='상세 자료 작성'!J19/10^8 -> 0 | L11: ='상세 자료 작성'!K19/10^8 -> 0 | M11: =L11-K11 -> 0 | N11: ='2023년 실적'!H44/10^8 -> 0 | O11: ='상세 자료 작성'!J30/10^8 -> 0 | P11: ='상세 자료 작성'!K30/10^8 -> 0 | Q11: =P11-O11 -> 0 | R11: =F11+J11+N11 -> 1.565954 | S11: =G11+K11+O11 -> 0 | T11: =H11+L11+P11 -> 0 | U11: =T11-S11 -> 0 | W11: 1.565954 | X11: =E11 -> 0 | Y11: =X11 -> 0 | Z11: =Y11-X11 -> 0 | AB11: 1.565954 | AE11: =X11-AB11 -> -1.565954 | AF11: =H11-F11 -> -1.565954 | AG11: =#REF!+R11 -> #REF! | AH11: =#REF!+T11 -> #REF! | AI11: =#REF!+U11 -> #REF! | AK11: 0 | AO11: 0 | AP11: =AO11-#REF! -> #REF!
C12: 내재화 | D12: 0 | E12: 75.9234 | F12: 0 | G12: ='상세 자료 작성'!J9/10^8 -> 0 | H12: ='상세 자료 작성'!K9/10^8 -> 0 | I12: =H12-G12 -> 0 | J12: 0 | K12: 0 | L12: ='상세 자료 작성'!K20/10^8 -> 0 | M12: =L12-K12 -> 0 | N12: 0 | O12: ='상세 자료 작성'!J31/10^8 -> 0 | P12: ='상세 자료 작성'!K31/10^8 -> 0 | Q12: =P12-O12 -> 0 | R12: 0 | S12: =G12+K12+O12 -> 0 | T12: =H12+L12+P12 -> 0 | U12: =T12-S12 -> 0 | W12: 0 | X12: =E12 -> 75.9234 | Y12: =X12 -> 75.9234 | Z12: =Y12-X12 -> 0 | AF12: =H12-F12 -> 0
B13: 바이오 상업 | D13: =SUM(D14:D15) -> 356.93434 | E13: =SUM(E14:E15) -> 817.87665 | F13: =SUM(F14:F15) -> 12.073719 | G13: =SUM(G14:G15) -> 53.650508 | H13: =SUM(H14:H15) -> 58.836452 | I13: =H13-G13 -> 5.1859434 | J13: =SUM(J14:J15) -> 17.030479 | K13: =SUM(K14:K15) -> 14.379733 | L13: =SUM(L14:L15) -> 51.226658 | M13: =L13-K13 -> 36.846925 | N13: =SUM(N14:N15) -> 10.727351 | O13: =SUM(O14:O15) -> 56.938008 | P13: =SUM(P14:P15) -> 55.560978 | Q13: =P13-O13 -> -1.3770293 | R13: =SUM(R14:R15) -> 39.831548 | S13: =SUM(S14:S15) -> 124.96825 | T13: =SUM(T14:T15) -> 165.62409 | U13: =T13-S13 -> 40.655839 | W13: =SUM(W14:W15) -> 356.93434 | X13: =SUM(X14:X15) -> 817.87665 | Y13: =SUM(Y14:Y15) -> 817.87665 | Z13: =Y13-X13 -> 0 | AB13: 316.86267 | AE13: =X13-AB13 -> 501.01398 | AF13: =H13-F13 -> 46.762733 | AG13: =#REF!+R13 -> #REF! | AH13: =#REF!+T13 -> #REF! | AI13: =#REF!+U13 -> #REF! | AK13: 138.41251 | AO13: 28.231415 | AP13: =AO13-#REF! -> #REF!
C14: L&P | D14: 96.150573 | E14: 115.1173 | F14: ='2023년 실적'!F46/10^8 -> 6.7044357 | G14: ='상세 자료 작성'!J10/10^8 -> 9.5931083 | H14: ='상세 자료 작성'!K10/10^8 -> 10.13747 | I14: =H14-G14 -> 0.54436192 | J14: ='2023년 실적'!G46/10^8 -> 6.7871058 | K14: ='상세 자료 작성'!J21/10^8 -> 9.5931083 | L14: ='상세 자료 작성'!I21/10^8 -> 6.849822 | M14: =L14-K14 -> -2.7432863 | N14: ='2023년 실적'!H46/10^8 -> 6.7217648 | O14: ='상세 자료 작성'!J32/10^8 -> 9.5931083 | P14: =SUM('상세 자료 작성'!K32/10^8) -> 10.474035 | Q14: =P14-O14 -> 0.88092692 | R14: =F14+J14+N14 -> 20.213306 | S14: =G14+K14+O14 -> 28.779325 | T14: =H14+L14+P14 -> 27.461327 | U14: =T14-S14 -> -1.3179974 | W14: 96.150573 | X14: =E14 -> 115.1173 | Y14: =X14 -> 115.1173 | Z14: =Y14-X14 -> 0 | AB14: 95.97123 | AE14: =X14-AB14 -> 19.14607 | AF14: =H14-F14 -> 3.4330345 | AG14: =#REF!+R14 -> #REF! | AH14: =#REF!+T14 -> #REF! | AI14: =#REF!+U14 -> #REF! | AK14: 26.217348 | AO14: 4.8016566 | AP14: =AO14-#REF! -> #REF!
C15: PFS | D15: 260.78377 | E15: 702.75935 | F15: ='2023년 실적'!F47/10^8 -> 5.369283 | G15: ='상세 자료 작성'!J11/10^8 -> 44.0574 | H15: ='상세 자료 작성'!K11/10^8 -> 48.698982 | I15: =H15-G15 -> 4.6415815 | J15: ='2023년 실적'!G47/10^8 -> 10.243373 | K15: ='상세 자료 작성'!J22/10^8 -> 4.7866246 | L15: ='상세 자료 작성'!I22/10^8 -> 44.376835 | M15: =L15-K15 -> 39.590211 | N15: ='2023년 실적'!H47/10^8 -> 4.005586 | O15: ='상세 자료 작성'!J33/10^8 -> 47.344899 | P15: ='상세 자료 작성'!K33/10^8 -> 45.086943 | Q15: =P15-O15 -> -2.2579562 | R15: =F15+J15+N15 -> 19.618242 | S15: =G15+K15+O15 -> 96.188924 | T15: =H15+L15+P15 -> 138.16276 | U15: =T15-S15 -> 41.973836 | W15: 260.78377 | X15: =E15 -> 702.75935 | Y15: =X15 -> 702.75935 | Z15: =Y15-X15 -> 0 | AB15: 220.89144 | AE15: =X15-AB15 -> 481.86791 | AF15: =H15-F15 -> 43.329698 | AG15: =#REF!+R15 -> #REF! | AH15: =#REF!+T15 -> #REF! | AI15: =#REF!+U15 -> #REF! | AK15: 112.19517 | AO15: 23.429758 | AP15: =AO15-#REF! -> #REF!
B16: 개발 용역 | D16: =SUM(D17:D21) -> 118.06969 | E16: =SUM(E17:E21) -> 90.544 | F16: =SUM(F17:F21) -> 13.181987 | G16: =SUM(G17:G21) -> 4.905 | H16: =SUM(H17:H21) -> 5.462731 | I16: =H16-G16 -> 0.55773095 | J16: =SUM(J17:J21) -> 6.726953 | K16: =SUM(K17:K21) -> 10.6225 | L16: =SUM(L17:L21) -> 2.042007 | M16: =L16-K16 -> -8.580493 | N16: =SUM(N17:N21) -> 5.3858043 | O16: =SUM(O17:O21) -> 25.34625 | P16: =SUM(P17:P21) -> 10.088105 | Q16: =P16-O16 -> -15.258145 | R16: =SUM(R17:R21) -> 25.294744 | S16: =SUM(S17:S21) -> 40.87375 | T16: =SUM(T17:T21) -> 17.592843 | U16: =T16-S16 -> -23.280907 | W16: =SUM(W17:W21) -> 118.06969 | X16: =SUM(X17:X21) -> 90.544 | Y16: =SUM(Y17:Y21) -> 90.544 | Z16: =Y16-X16 -> 0 | AB16: 116.52782 | AE16: =X16-AB16 -> -25.983819 | AF16: =H16-F16 -> -7.7192559 | AG16: =#REF!+R16 -> #REF! | AH16: =#REF!+T16 -> #REF! | AI16: =#REF!+U16 -> #REF! | AK16: 23.158963 | AO16: 14.112444 | AP16: =AO16-#REF! -> #REF!
C17: GCP | D17: 8.513 | E17: 4.08 | F17: ='2023년 실적'!F50/10^8 -> 0 | G17: ='상세 자료 작성'!J12/10^8 -> 0 | H17: ='상세 자료 작성'!K12/10^8 -> 0 | I17: =H17-G17 -> 0 | J17: ='2023년 실적'!G50/10^8 -> 1.47 | K17: ='상세 자료 작성'!J23/10^8 -> 0.4 | L17: ='상세 자료 작성'!I23/10^8 -> 0.4 | M17: =L17-K17 -> 0 | N17: ='2023년 실적'!H50/10^8 -> 0 | O17: ='상세 자료 작성'!J34/10^8 -> 0 | P17: ='상세 자료 작성'!K34/10^8 -> 0 | Q17: =P17-O17 -> 0 | R17: =F17+J17+N17 -> 1.47 | S17: =G17+K17+O17 -> 0.4 | T17: =H17+L17+P17 -> 0.4 | U17: =T17-S17 -> 0 | W17: 8.513 | X17: =E17 -> 4.08 | Y17: =X17 -> 4.08 | Z17: =Y17-X17 -> 0 | AB17: 7.79 | AE17: =X17-AB17 -> -3.71 | AF17: =H17-F17 -> 0 | AG17: =#REF!+R17 -> #REF! | AH17: =#REF!+T17 -> #REF! | AI17: =#REF!+U17 -> #REF! | AK17: 0.67 | AO17: 0 | AP17: =AO17-#REF! -> #REF!
C18: LCM | D18: 12.795 | E18: 48.1875 | F18: ='2023년 실적'!F53/10^8 -> 0 | G18: ='상세 자료 작성'!J13/10^8 -> 4.905 | H18: ='상세 자료 작성'!K13/10^8 -> 0 | I18: =H18-G18 -> -4.905 | J18: ='2023년 실적'!G53/10^8 -> 0.385 | K18: ='상세 자료 작성'!J24/10^8 -> 7.665 | L18: ='상세 자료 작성'!I24/10^8 -> 0 | M18: =L18-K18 -> -7.665 | N18: ='2023년 실적'!H53/10^8 -> 0 | O18: ='상세 자료 작성'!J35/10^8 -> 16.6675 | P18: ='상세 자료 작성'!K35/10^8 -> 5.20375 | Q18: =P18-O18 -> -11.46375 | R18: =F18+J18+N18 -> 0.385 | S18: =G18+K18+O18 -> 29.2375 | T18: =H18+L18+P18 -> 5.20375 | U18: =T18-S18 -> -24.03375 | W18: 12.795 | X18: =E18 -> 48.1875 | Y18: =X18 -> 48.1875 | Z18: =Y18-X18 -> 0 | AB18: 12.99 | AE18: =X18-AB18 -> 35.1975 | AF18: =H18-F18 -> 0 | AG18: =#REF!+R18 -> #REF! | AH18: =#REF!+T18 -> #REF! | AI18: =#REF!+U18 -> #REF! | AK18: 3.5275 | AO18: 1.405 | AP18: =AO18-#REF! -> #REF!
C19: PFS 개발 | D19: 56.216117 | E19: 24.139 | F19: ='2023년 실적'!F51/10^8 -> 1.6206943 | G19: ='상세 자료 작성'!J14/10^8 -> 0 | H19: ='상세 자료 작성'!K14/10^8 -> 4.3913943 | I19: =H19-G19 -> 4.3913943 | J19: ='2023년 실적'!G51/10^8 -> 0.30069429 | K19: ='상세 자료 작성'!J25/10^8 -> 1.62 | L19: ='상세 자료 작성'!I25/10^8 -> 0.14069429 | M19: =L19-K19 -> -1.4793057 | N19: ='2023년 실적'!H51/10^8 -> 1.3756943 | O19: ='상세 자료 작성'!J36/10^8 -> 5.06 | P19: ='상세 자료 작성'!K36/10^8 -> 4.2126983 | Q19: =P19-O19 -> -0.84730171 | R19: =F19+J19+N19 -> 3.2970829 | S19: =G19+K19+O19 -> 6.68 | T19: =H19+L19+P19 -> 8.7447869 | U19: =T19-S19 -> 2.0647869 | W19: 56.216117 | X19: =E19 -> 24.139 | Y19: =X19 -> 24.139 | Z19: =Y19-X19 -> 0 | AB19: 54.847037 | AE19: =X19-AB19 -> -30.708037 | AF19: =H19-F19 -> 2.7707 | AG19: =#REF!+R19 -> #REF! | AH19: =#REF!+T19 -> #REF! | AI19: =#REF!+U19 -> #REF! | AK19: 14.284583 | AO19: 10.218694 | AP19: =AO19-#REF! -> #REF!
C20: 내재화 | D20: 35.67278 | E20: 14.1375 | F20: ='2023년 실적'!F52/10^8 -> 11.4 | G20: ='상세 자료 작성'!J15/10^8 -> 0 | H20: ='상세 자료 작성'!K15/10^8 -> 0.67266666 | I20: =H20-G20 -> 0.67266666 | J20: ='2023년 실적'!G52/10^8 -> 3.44375 | K20: ='상세 자료 작성'!J26/10^8 -> 0.9375 | L20: ='상세 자료 작성'!I26/10^8 -> 1.1904167 | M20: =L20-K20 -> 0.25291667 | N20: ='2023년 실적'!H52/10^8 -> 3.86875 | O20: ='상세 자료 작성'!J37/10^8 -> 3.61875 | P20: ='상세 자료 작성'!K37/10^8 -> 0.25291667 | Q20: =P20-O20 -> -3.3658333 | R20: =F20+J20+N20 -> 18.7125 | S20: =G20+K20+O20 -> 4.55625 | T20: =H20+L20+P20 -> 2.116 | U20: =T20-S20 -> -2.44025 | W20: 35.67278 | X20: =E20 -> 14.1375 | Y20: =X20 -> 14.1375 | Z20: =Y20-X20 -> 0 | AB20: 36.09263 | AE20: =X20-AB20 -> -21.95513 | AF20: =H20-F20 -> -10.727333 | AG20: =#REF!+R20 -> #REF! | AH20: =#REF!+T20 -> #REF! | AI20: =#REF!+U20 -> #REF! | AK20: 3.92188 | AO20: 2.34375 | AP20: =AO20-#REF! -> #REF!
C21: 기타(QA위임) | D21: 4.8727884 | E21: 0 | F21: =SUM('2023년 실적'!F54:F56)/10^8 -> 0.16129252 | G21: ='상세 자료 작성'!J16/10^8 -> 0 | H21: ='상세 자료 작성'!K16/10^8 -> 0.39867 | I21: =H21-G21 -> 0.39867 | J21: =SUM('2023년 실적'!G54:G56)/10^8 -> 1.1275087 | K21: ='상세 자료 작성'!J27/10^8 -> 0 | L21: ='상세 자료 작성'!I27/10^8 -> 0.310896 | M21: =L21-K21 -> 0.310896 | N21: =SUM('2023년 실적'!H54:H56)/10^8 -> 0.14136 | O21: ='상세 자료 작성'!J38/10^8 -> 0 | P21: ='상세 자료 작성'!K38/10^8 -> 0.41874 | Q21: =P21-O21 -> 0.41874 | R21: =F21+J21+N21 -> 1.4301612 | S21: =G21+K21+O21 -> 0 | T21: =H21+L21+P21 -> 1.128306 | U21: =T21-S21 -> 1.128306 | W21: 4.8727884 | X21: =E21 -> 0 | Y21: =X21 -> 0 | Z21: =Y21-X21 -> 0 | AB21: 4.8081515 | AE21: =X21-AB21 -> -4.8081515 | AF21: =H21-F21 -> 0.23737748 | AG21: =#REF!+R21 -> #REF! | AH21: =#REF!+T21 -> #REF! | AI21: =#REF!+U21 -> #REF! | AK21: 0.755 | AO21: 0.145 | AP21: =AO21-#REF! -> #REF!
P22: =SUM(P17:P20) -> 9.669365 | X22: =X15+#REF! -> #REF!
B23: 1) 3월 매출 특이사항
B24: 구분 | E24: 계획 | G24: 현재 보고 | I24: 실질 롤링 | K24: 전주대비 차이 | M24: 변경사유 / 특이사항
B25: 케미컬 상업 | E25: =K9 -> 32.53527 | G25: ='상세 자료 작성'!M29/10^8 -> 29.53104 | I25: =P10 -> 29.674391 | K25: =I25-G25 -> 0.1433515 | M25: - 재포장용역 반영 (1,400만원)
B26: 바이오상업 | E26: =SUM(E27:F28) -> 14.379733 | G26: =SUM(G27:H28) -> 52.345125 | I26: =SUM(I27:J28) -> 55.560978 | K26: =SUM(K27:L28) -> 3.2158529
C27: PFS | E27: =K15 -> 4.7866246 | G27: ='상세 자료 작성'!M33/10^8 -> 42.752017 | I27: =P15 -> 45.086943 | K27: =I27-G27 -> 2.334926 | M27: - 포장 물량 반영에 따른 매출 증가
C28: L&P | E28: =K14 -> 9.5931083 | G28: ='상세 자료 작성'!M32/10^8 -> 9.5931083 | I28: =P14 -> 10.474035 | K28: =I28-G28 -> 0.88092692 | M28: - 실질 물량 반영
B29: 개발용역 | E29: =SUM(E30:F34) -> 10.6225 | G29: =SUM(G30:H34) -> 11.554361 | I29: =SUM(I30:J34) -> 10.088105 | K29: =SUM(K30:L34) -> -1.466256
C30: GCP | E30: =K17 -> 0.4 | G30: ='상세 자료 작성'!N34/10^8 -> 0 | I30: =P17 -> 0 | K30: =I30-G30 -> 0
C31: LCM | E31: =K18 -> 7.665 | G31: ='상세 자료 작성'!M35/10^8 -> 5.20375 | I31: =P18 -> 5.20375 | K31: =I31-G31 -> 0
C32: PFS 개발 | E32: =K19 -> 1.62 | G32: ='상세 자료 작성'!M36/10^8 -> 4.2226943 | I32: =P19 -> 4.2126983 | K32: =I32-G32 -> -0.009996
C33: 내재화 | E33: =K20 -> 0.9375 | G33: ='상세 자료 작성'!M37/10^8 -> 2.1279167 | I33: =P20 -> 0.25291667 | K33: =I33-G33 -> -1.875 | M33: - APAC 마일스톤 4월 이월 요청
C34: 기타 | E34: =K21 -> 0 | G34: ='상세 자료 작성'!M27/10^8 -> 0 | I34: =P21 -> 0.41874 | K34: =I34-G34 -> 0.41874
B35: 총합 | E35: =E29+E26+E25 -> 57.537503 | G35: =G29+G26+G25 -> 93.430526 | I35: =I29+I26+I25 -> 95.323475 | K35: =I35-G35 -> 1.8929484
B37: 1) 1분기 매출 특이사항
B38: 구분 | E38: 계획 | G38: 현재 보고 | I38: 변경 | K38: 전주대비 차이 | M38: 변경사유
B39: 케미컬 상업 | E39: =S9 -> 67.52484 | G39: =H10+L10+G25 -> 86.27766 | I39: =T10 -> 86.421012 | K39: =I39-G39 -> 0.1433515 | M39: - 재포장용역 반영 (1,400만원)
B40: 바이오상업 | E40: =SUM(E41:F42) -> 124.96825 | G40: =SUM(G41:H42) -> 162.40823 | I40: =SUM(I41:J42) -> 165.62409 | K40: =I40-G40 -> 3.2158529
C41: PFS | E41: =S15 -> 96.188924 | G41: =H15+L15+G27 -> 135.82783 | I41: =T15 -> 138.16276 | K41: =I41-G41 -> 2.334926 | M41: - 포장 물량 반영에 따른 매출 증가
C42: L&P | E42: =S14 -> 28.779325 | G42: =H14+L14+'상세 자료 작성'!M32/10^8 -> 26.5804 | I42: =T14 -> 27.461327 | K42: =I42-G42 -> 0.88092692 | M42: - 실질 물량 반영
B43: 개발용역 | E43: =SUM(E44:F48) -> 40.87375 | G43: =SUM(G44:H48) -> 17.60476 | I43: =SUM(I44:J48) -> 15.72976 | K43: =I43-G43 -> -1.875
C44: GCP | E44: =S17 -> 0.4 | G44: =T17 -> 0.4 | I44: =T17 -> 0.4 | K44: =I44-G44 -> 0
C45: LCM | E45: =S18 -> 29.2375 | G45: =T18 -> 5.20375 | I45: =T18 -> 5.20375 | K45: =I45-G45 -> 0
C46: PFS 개발 | E46: =S19 -> 6.68 | G46: =T19 -> 8.7447869 | I46: =T19 -> 8.7447869 | K46: =I46-G46 -> 0
C47: 내재화 | E47: =S20 -> 4.55625 | G47: =G33 -> 2.1279167 | I47: =I33 -> 0.25291667 | K47: =I47-G47 -> -1.875 | M47: - APAC 마일스톤 4월 이월 요청
C48: 기타 | E48: =S21 -> 0 | G48: =T21 -> 1.128306 | I48: =T21 -> 1.128306 | K48: =I48-G48 -> 0
B49: 총합 | E49: =E43+E40+E39 -> 233.36684 | G49: =G43+G40+G39 -> 266.29065 | I49: =I43+I40+I39 -> 267.77486 | K49: =I49-G49 -> 1.4842044
A52: ■ 임원회의 자료
B54: 구 분 | D54: 1월 | I54: 2월 | N54: 3월 | S54: 1분기
D55: 전년 | E55: 계획 | F55: 예상 | G55: 전년비 | H55: 계획비 | I55: 전년 | J55: 계획 | K55: 예상 | L55: 전년비 | M55: 계획비 | N55: 전년 | O55: 계획 | P55: 예상 | Q55: 전년비 | R55: 계획비 | S55: 전년 | T55: 계획 | U55: 예상 | V55: 전년비 | X55: 계획비
B56: 합계 | D56: =D57+D61+D64 -> 78.086482 | E56: =E57+E61+E64 -> 65.918633 | F56: =F57+F61+F64 -> 67.325155 | G56: =F56-D56 -> -10.761327 | H56: =F56-E56 -> 1.4065222 | I56: =I57+I61+I64 -> 85.544025 | J56: =J57+J61+J64 -> 57.537503 | K56: =K57+K61+K64 -> 106.98931 | L56: =K56-I56 -> 21.445287 | M56: =K56-J56 -> 49.451809 | N56: =N57+N61+N64 -> 66.758413 | O56: =O57+O61+O64 -> 109.9107 | P56: =P57+P61+P64 -> 95.323475 | Q56: =P56-N56 -> 28.565062 | R56: =P56-O56 -> -14.587228 | S56: =S57+S61+S64 -> 230.38892 | T56: =T57+T61+T64 -> 233.36684 | U56: =U57+U61+U64 -> 269.63794 | V56: =U56-S56 -> 39.249022 | X56: =U56-T56 -> 36.271103
B57: 케미컬 상업 | D57: =SUM(D58:D59) -> 52.830777 | E57: =SUM(E58:E59) -> 7.363125 | F57: =SUM(F58:F59) -> 3.0259728 | G57: =F57-D57 -> -49.804804 | H57: =F57-E57 -> -4.3371522 | I57: =SUM(I58:I59) -> 61.786594 | J57: =SUM(J58:J59) -> 32.53527 | K57: =SUM(K58:K59) -> 53.720647 | L57: =K57-I57 -> -8.0659462 | M57: =K57-J57 -> 21.185377 | N57: =SUM(N58:N59) -> 50.645258 | O57: =SUM(O58:O59) -> 27.626445 | P57: =SUM(P58:P59) -> 29.674391 | Q57: =P57-N57 -> -20.970866 | R57: =P57-O57 -> 2.0479465 | S57: =SUM(S58:S59) -> 165.26263 | T57: =SUM(T58:T59) -> 67.52484 | U57: =SUM(U58:U59) -> 86.421012 | V57: =U57-S57 -> -78.841616 | X57: =U57-T57 -> 18.896172
C58: G07 (조달) | D58: =F10 -> 51.264823 | E58: =G10 -> 7.363125 | F58: =H10 -> 3.0259728 | G58: =F58-D58 -> -48.23885 | H58: =F58-E58 -> -4.3371522 | I58: =J10 -> 61.786594 | J58: =K10 -> 32.53527 | K58: =L10 -> 53.720647 | L58: =K58-I58 -> -8.0659462 | M58: =K58-J58 -> 21.185377 | N58: =N10 -> 50.645258 | O58: =O10 -> 27.626445 | P58: =P10 -> 29.674391 | Q58: =P58-N58 -> -20.970866 | R58: =P58-O58 -> 2.0479465 | S58: =R10 -> 163.69667 | T58: =S10 -> 67.52484 | U58: =T10 -> 86.421012 | V58: =U58-S58 -> -77.275662 | X58: =U58-T58 -> 18.896172
C59: 기타 | D59: =F11 -> 1.565954 | E59: =G11 -> 0 | F59: =H11 -> 0 | G59: =F59-D59 -> -1.565954 | H59: =F59-E59 -> 0 | I59: =J11 -> 0 | J59: =K11 -> 0 | K59: =L11 -> 0 | L59: =K59-I59 -> 0 | M59: =K59-J59 -> 0 | N59: =N11 -> 0 | O59: =O11 -> 0 | P59: =P11 -> 0 | Q59: =P59-N59 -> 0 | R59: =P59-O59 -> 0 | S59: =R11 -> 1.565954 | T59: =S11 -> 0 | U59: =T11 -> 0 | V59: =U59-S59 -> -1.565954 | X59: =U59-T59 -> 0
C60: 내재화 | D60: =F12 -> 0 | E60: =G12 -> 0 | F60: =H12 -> 0 | G60: =F60-D60 -> 0 | H60: =F60-E60 -> 0 | I60: =J12 -> 0 | J60: =K12 -> 0 | K60: =L12 -> 0 | L60: =K60-I60 -> 0 | M60: =K60-J60 -> 0 | N60: =N12 -> 0 | O60: =O12 -> 0 | P60: =P12 -> 0 | Q60: =P60-N60 -> 0 | R60: =P60-O60 -> 0 | S60: =R12 -> 0 | T60: =S12 -> 0 | U60: =T12 -> 0 | V60: =U60-S60 -> 0 | X60: =U60-T60 -> 0
B61: 바이오 상업 | D61: =SUM(D62:D63) -> 12.073719 | E61: =SUM(E62:E63) -> 53.650508 | F61: =SUM(F62:F63) -> 58.836452 | G61: =F61-D61 -> 46.762733 | H61: =F61-E61 -> 5.1859434 | I61: =SUM(I62:I63) -> 17.030479 | J61: =SUM(J62:J63) -> 14.379733 | K61: =SUM(K62:K63) -> 51.226658 | L61: =K61-I61 -> 34.196179 | M61: =K61-J61 -> 36.846925 | N61: =SUM(N62:N63) -> 10.727351 | O61: =SUM(O62:O63) -> 56.938008 | P61: =SUM(P62:P63) -> 55.560978 | Q61: =P61-N61 -> 44.833627 | R61: =P61-O61 -> -1.3770293 | S61: =SUM(S62:S63) -> 39.831548 | T61: =SUM(T62:T63) -> 124.96825 | U61: =SUM(U62:U63) -> 165.62409 | V61: =U61-S61 -> 125.79254 | X61: =U61-T61 -> 40.655839
C62: L&P 상업 | D62: =F14 -> 6.7044357 | E62: =G14 -> 9.5931083 | F62: =H14 -> 10.13747 | G62: =F62-D62 -> 3.4330345 | H62: =F62-E62 -> 0.54436192 | I62: =J14 -> 6.7871058 | J62: =K14 -> 9.5931083 | K62: =L14 -> 6.849822 | L62: =K62-I62 -> 0.0627162 | M62: =K62-J62 -> -2.7432863 | N62: =N14 -> 6.7217648 | O62: =O14 -> 9.5931083 | P62: =P14 -> 10.474035 | Q62: =P62-N62 -> 3.7522704 | R62: =P62-O62 -> 0.88092692 | S62: =R14 -> 20.213306 | T62: =S14 -> 28.779325 | U62: =T14 -> 27.461327 | V62: =U62-S62 -> 7.2480211 | X62: =U62-T62 -> -1.3179974
C63: PFS 상업 | D63: =F15 -> 5.369283 | E63: =G15 -> 44.0574 | F63: =H15 -> 48.698982 | G63: =F63-D63 -> 43.329698 | H63: =F63-E63 -> 4.6415815 | I63: =J15 -> 10.243373 | J63: =K15 -> 4.7866246 | K63: =L15 -> 44.376835 | L63: =K63-I63 -> 34.133463 | M63: =K63-J63 -> 39.590211 | N63: =N15 -> 4.005586 | O63: =O15 -> 47.344899 | P63: =P15 -> 45.086943 | Q63: =P63-N63 -> 41.081357 | R63: =P63-O63 -> -2.2579562 | S63: =R15 -> 19.618242 | T63: =S15 -> 96.188924 | U63: =T15 -> 138.16276 | V63: =U63-S63 -> 118.54452 | X63: =U63-T63 -> 41.973836
B64: 개발 용역 | D64: =SUM(D65:D69) -> 13.181987 | E64: =SUM(E65:E69) -> 4.905 | F64: =SUM(F65:F69) -> 5.462731 | G64: =F64-D64 -> -7.7192559 | H64: =F64-E64 -> 0.55773095 | I64: =SUM(I65:I69) -> 6.726953 | J64: =SUM(J65:J69) -> 10.6225 | K64: =SUM(K65:K69) -> 2.042007 | L64: =K64-I64 -> -4.684946 | M64: =K64-J64 -> -8.580493 | N64: =SUM(N65:N69) -> 5.3858043 | O64: =SUM(O65:O69) -> 25.34625 | P64: =SUM(P65:P69) -> 10.088105 | Q64: =P64-N64 -> 4.7023007 | R64: =P64-O64 -> -15.258145 | S64: =SUM(S65:S69) -> 25.294744 | T64: =SUM(T65:T69) -> 40.87375 | U64: =SUM(U65:U69) -> 17.592843 | V64: =U64-S64 -> -7.7019012 | X64: =U64-T64 -> -23.280907
C65: GCP 개발 | D65: =F17 -> 0 | E65: =G17 -> 0 | F65: =H17 -> 0 | G65: =F65-D65 -> 0 | H65: =F65-E65 -> 0 | I65: =J17 -> 1.47 | J65: =K17 -> 0.4 | K65: =L17 -> 0.4 | L65: =K65-I65 -> -1.07 | M65: =K65-J65 -> 0 | N65: =N17 -> 0 | O65: =O17 -> 0 | P65: =P17 -> 0 | Q65: =P65-N65 -> 0 | R65: =P65-O65 -> 0 | S65: =R17 -> 1.47 | T65: =S17 -> 0.4 | U65: =T17 -> 0.4 | V65: =U65-S65 -> -1.07 | X65: =U65-T65 -> 0
C66: LCM 개발 | D66: =F18 -> 0 | E66: =G18 -> 4.905 | F66: =H18 -> 0 | G66: =F66-D66 -> 0 | H66: =F66-E66 -> -4.905 | I66: =J18 -> 0.385 | J66: =K18 -> 7.665 | K66: =L18 -> 0 | L66: =K66-I66 -> -0.385 | M66: =K66-J66 -> -7.665 | N66: =N18 -> 0 | O66: =O18 -> 16.6675 | P66: =P18 -> 5.20375 | Q66: =P66-N66 -> 5.20375 | R66: =P66-O66 -> -11.46375 | S66: =R18 -> 0.385 | T66: =S18 -> 29.2375 | U66: =T18 -> 5.20375 | V66: =U66-S66 -> 4.81875 | X66: =U66-T66 -> -24.03375
C67: PFS 개발 | D67: =F19 -> 1.6206943 | E67: =G19 -> 0 | F67: =H19 -> 4.3913943 | G67: =F67-D67 -> 2.7707 | H67: =F67-E67 -> 4.3913943 | I67: =J19 -> 0.30069429 | J67: =K19 -> 1.62 | K67: =L19 -> 0.14069429 | L67: =K67-I67 -> -0.16 | M67: =K67-J67 -> -1.4793057 | N67: =N19 -> 1.3756943 | O67: =O19 -> 5.06 | P67: =P19 -> 4.2126983 | Q67: =P67-N67 -> 2.837004 | R67: =P67-O67 -> -0.84730171 | S67: =R19 -> 3.2970829 | T67: =S19 -> 6.68 | U67: =T19 -> 8.7447869 | V67: =U67-S67 -> 5.447704 | X67: =U67-T67 -> 2.0647869
C68: 생산내재화 | D68: =F20 -> 11.4 | E68: =G20 -> 0 | F68: =H20 -> 0.67266666 | G68: =F68-D68 -> -10.727333 | H68: =F68-E68 -> 0.67266666 | I68: =J20 -> 3.44375 | J68: =K20 -> 0.9375 | K68: =L20 -> 1.1904167 | L68: =K68-I68 -> -2.2533333 | M68: =K68-J68 -> 0.25291667 | N68: =N20 -> 3.86875 | O68: =O20 -> 3.61875 | P68: =P20 -> 0.25291667 | Q68: =P68-N68 -> -3.6158333 | R68: =P68-O68 -> -3.3658333 | S68: =R20 -> 18.7125 | T68: =S20 -> 4.55625 | U68: =T20 -> 2.116 | V68: =U68-S68 -> -16.5965 | X68: =U68-T68 -> -2.44025
C69: QA위임 | D69: =F21 -> 0.16129252 | E69: =G21 -> 0 | F69: =H21 -> 0.39867 | G69: =F69-D69 -> 0.23737748 | H69: =F69-E69 -> 0.39867 | I69: =J21 -> 1.1275087 | J69: =K21 -> 0 | K69: =L21 -> 0.310896 | L69: =K69-I69 -> -0.81661269 | M69: =K69-J69 -> 0.310896 | N69: =N21 -> 0.14136 | O69: =O21 -> 0 | P69: =P21 -> 0.41874 | Q69: =P69-N69 -> 0.27738 | R69: =P69-O69 -> 0.41874 | S69: =R21 -> 1.4301612 | T69: =S21 -> 0 | U69: =T21 -> 1.128306 | V69: =U69-S69 -> -0.30185521 | X69: =U69-T69 -> 1.128306

Sheet 요약(보고) 241025현실화
A1: 24년 CMO 매출 예상실적
BN2: 2024.08.07
A3: ■ 연간매출 추정
BN4: 단위 : 억원
A5: 구분 | D5: 23년 실적 | E5: 24년 목표 | F5: 1분기 소계 | J5: 2분기 | AB5: 3분기 | AR5: 4분기 | BK5: 연간 합계
J6: 4월 | O6: 5월 | S6: 6월 | W6: 2분기 소계 | AB6: 7월 | AF6: 8월 | AJ6: 9월 | AN6: 3분기 소계 | AR6: 10월 | AV6: 11월 | AZ6: 12월 | BD6: 4분기 소계 | BK6: 사업 계획 | BL6: 현실화 (8/7) | BM6: 예상 실적 | BN6: 차이
F7: 23년 실적 | G7: 사업 계획 | H7: 실적 | I7: 차이 | J7: 23년 실적 | K7: 사업 계획 | L7: 현실화 (8/7) | M7: 실적 | N7: 차이 | O7: 사업 계획 | P7: 현실화 (8/7) | Q7: 실적 | R7: 차이 | S7: 사업 계획 | T7: 현실화 (8/7) | U7: 예상 실적 | V7: 차이 | W7: 23년 실적 | X7: 사업 계획 | Y7: 현실화 (8/7) | Z7: 예상 실적 | AA7: 차이 | AB7: 사업 계획 | AC7: 현실화 (8/7) | AD7: 예상 실적 | AE7: 차이 | AF7: 사업 계획 | AG7: 현실화 (8/7) | AH7: 예상 실적 | AI7: 차이 | AJ7: 사업 계획 | AK7: 현실화 (8/7) | AL7: 예상 실적 | AM7: 차이 | AN7: 사업 계획 | AO7: 현실화 (8/7) | AP7: 예상 실적 | AQ7: 차이 | AR7: 사업 계획 | AS7: 현실화 (8/7) | AT7: 예상 실적 | AU7: 차이 | AV7: 사업 계획 | AW7: 현실화 (8/7) | AX7: 예상 실적 | AY7: 차이 | AZ7: 사업 계획 | BA7: 현실화 (8/7) | BB7: 예상 실적 | BC7: 차이 | BD7: 사업 계획 | BE7: 현실화 (8/7) | BF7: 예상 실적 | BG7: 차이
B8: CMO 합계 | D8: =D9+D13+D16 -> 877.55713 | E8: =E9+E13+E16 -> 1100.9891 | F8: =F9+F13+F16 -> 230.38892 | G8: =G9+G13+G16 -> 233.36684 | H8: =H9+H13+H16 -> 269.63794 | I8: =H8-G8 -> 36.271103 | J8: =J9+J13+J16 -> 80.046784 | K8: =K9+K13+K16 -> 69.848808 | L8: =L9+L13+L16 -> 101.04612 | M8: =M9+M13+M16 -> 101.10925 | N8: =M8-L8 -> 0.063125 | O8: =O9+O13+O16 -> 61.68795 | P8: =P9+P13+P16 -> 80.738038 | Q8: =Q9+Q13+Q16 -> 80.828261 | R8: =Q8-P8 -> 0.09022345 | S8: =S9+S13+S16 -> 77.87169 | T8: =T9+T13+T16 -> 93.62635 | U8: =U9+U13+U16 -> 94.338995 | V8: =U8-T8 -> 0.7126445 | W8: =W9+W13+W16 -> #REF! | X8: =X9+X13+X16 -> 209.40845 | Y8: =Y9+Y13+Y16 -> 275.41051 | Z8: =Z9+Z13+Z16 -> 276.27651 | AA8: =Z8-Y8 -> 0.86599295 | AB8: =AB9+AB13+AB16 -> 77.123208 | AC8: =AC9+AC13+AC16 -> 108.94465 | AD8: =AD9+AD13+AD16 -> 109.1055 | AE8: =AD8-AC8 -> 0.16085 | AF8: =AF9+AF13+AF16 -> 92.815908 | AG8: =AG9+AG13+AG16 -> 170.35069 | AH8: =AH9+AH13+AH16 -> 154.00691 | AI8: =AH8-AG8 -> -16.343778 | AJ8: =AJ9+AJ13+AJ16 -> 119.56691 | AK8: =AK9+AK13+AK16 -> 130.69165 | AL8: =AL9+AL13+AL16 -> 147.2023 | AM8: =AL8-AK8 -> 16.510642 | AN8: =AN9+AN13+AN16 -> 289.50603 | AO8: =AO9+AO13+AO16 -> 409.98699 | AP8: =AP9+AP13+AP16 -> 410.31471 | AQ8: =AP8-AO8 -> 0.32771377 | AR8: =AR9+AR13+AR16 -> 106.90715 | AS8: =AS9+AS13+AS16 -> 144.64315 | AT8: =AT9+AT13+AT16 -> 141.2707 | AU8: =AT8-AS8 -> -3.3724468 | AV8: =AV9+AV13+AV16 -> 90.887128 | AW8: =AW9+AW13+AW16 -> 103.56901 | AX8: =AX9+AX13+AX16 -> 92.58814 | AY8: =AX8-AW8 -> -10.980867 | AZ8: =AZ9+AZ13+AZ16 -> 170.91349 | BA8: =BA9+BA13+BA16 -> 109.08276 | BB8: =BB9+BB13+BB16 -> 104.35556 | BC8: =BB8-BA8 -> -4.7271996 | BD8: =BD9+BD13+BD16 -> 374.79443 | BE8: =BE9+BE13+BE16 -> 357.29492 | BF8: =BF9+BF13+BF16 -> 338.21441 | BG8: =BF8-BE8 -> -19.080514 | BK8: =BK9+BK13+BK16 -> 1100.9891 | BL8: 1312.8964 | BM8: =BM9+BM13+BM16 -> 1294.4436 | BN8: =BM8-BL8 -> -18.4528
B9: 케미컬 상업 | D9: =SUM(D10:D12) -> 402.5531 | E9: =SUM(E10:E12) -> 192.56843 | F9: =SUM(F10:F12) -> 165.26263 | G9: =SUM(G10:G12) -> 67.52484 | H9: =SUM(H10:H12) -> 86.421012 | I9: =H9-G9 -> 18.896172 | J9: =SUM(J10:J12) -> 45.142931 | K9: =SUM(K10:K12) -> 13.39107 | L9: =SUM(L10:L12) -> 11.514547 | M9: =SUM(M10:M12) -> 11.514547 | N9: =M9-L9 -> 0 | O9: =SUM(O10:O12) -> 9.84368 | P9: =SUM(P10:P12) -> 0 | Q9: =SUM(Q10:Q12) -> 0 | R9: =Q9-P9 -> 0 | S9: =SUM(S10:S12) -> 27.263037 | T9: =SUM(T10:T12) -> 4.9091658 | U9: =SUM(U10:U12) -> 4.9091658 | V9: =U9-T9 -> 0 | W9: =SUM(W10:W12) -> #REF! | X9: =SUM(X10:X12) -> 50.497787 | Y9: =SUM(Y10:Y12) -> 16.423713 | Z9: =SUM(Z10:Z12) -> 16.423713 | AA9: =Z9-Y9 -> 0 | AB9: =SUM(AB10:AB12) -> 0.4676 | AC9: =SUM(AC10:AC12) -> 0 | AD9: =SUM(AD10:AD12) -> 0 | AE9: =AD9-AC9 -> 0 | AF9: =SUM(AF10:AF12) -> 3.2228 | AG9: =SUM(AG10:AG12) -> 9.9891499 | AH9: =SUM(AH10:AH12) -> 10.580002 | AI9: =AH9-AG9 -> 0.59085179 | AJ9: =SUM(AJ10:AJ12) -> 15.792 | AK9: =SUM(AK10:AK12) -> 14.965843 | AL9: =SUM(AL10:AL12) -> 18.690581 | AM9: =AL9-AK9 -> 3.7247375 | AN9: =SUM(AN10:AN12) -> 19.4824 | AO9: =SUM(AO10:AO12) -> 24.954993 | AP9: =SUM(AP10:AP12) -> 29.270583 | AQ9: =AP9-AO9 -> 4.3155893 | AR9: =SUM(AR10:AR12) -> 28.68404 | AS9: =SUM(AS10:AS12) -> 38.943388 | AT9: =SUM(AT10:AT12) -> 31.877654 | AU9: =AT9-AS9 -> -7.0657348 | AV9: =SUM(AV10:AV12) -> 21.42252 | AW9: =SUM(AW10:AW12) -> 27.691727 | AX9: =SUM(AX10:AX12) -> 26.563247 | AY9: =AX9-AW9 -> -1.1284798 | AZ9: =SUM(AZ10:AZ12) -> 4.95684 | BA9: =SUM(BA10:BA12) -> 13.481149 | BB9: =SUM(BB10:BB12) -> 8.6666487 | BC9: =BB9-BA9 -> -4.8145004 | BD9: =SUM(BD10:BD12) -> 61.150064 | BE9: =SUM(BE10:BE12) -> 80.116264 | BF9: =SUM(BF10:BF12) -> 67.10755 | BG9: =BF9-BE9 -> -13.008715 | BK9: =SUM(BK10:BK12) -> 192.56843 | BL9: 207.91598 | BM9: =SUM(BM10:BM12) -> 199.22286 | BN9: =BM9-BL9 -> -8.6931256
C10: G07 | D10: 400.98715 | E10: 116.64503 | F10: ='[1]1분기 실적'!R10 -> 163.69667 | G10: ='[1]1분기 실적'!S10 -> 67.52484 | H10: =SUM('상세 자료 작성 241025현실화'!G7,'상세 자료 작성 241025현실화'!G18,'상세 자료 작성 241025현실화'!G29)/10^8 -> 86.421012 | I10: =H10-G10 -> 18.896172 | J10: ='[1]2023년 실적'!I45/10^8 -> 45.142931 | K10: ='상세 자료 작성 241025현실화'!H41/10^8 -> 13.39107 | L10: 11.514547 | M10: ='상세 자료 작성 241025현실화'!I41/10^8 -> 11.514547 | N10: =M10-L10 -> 0 | O10: ='상세 자료 작성 241025현실화'!H52/10^8 -> 9.84368 | P10: 0 | Q10: ='상세 자료 작성 241025현실화'!I52/10^8 -> 0 | R10: =Q10-P10 -> 0 | S10: ='상세 자료 작성 241025현실화'!H63/10^8 -> 25.885437 | T10: 0 | U10: ='상세 자료 작성 241025현실화'!I63/10^8 -> 0 | V10: =U10-T10 -> 0 | W10: =J10+#REF!+#REF! -> #REF! | X10: =K10+O10+S10 -> 49.120187 | Y10: =L10+P10+T10 -> 11.514547 | Z10: =M10+Q10+U10 -> 11.514547 | AA10: =Z10-Y10 -> 0 | AB10: 0 | AC10: 0 | AD10: ='상세 자료 작성 241025현실화'!I76/10^8 -> 0 | AE10: =AD10-AC10 -> 0 | AF10: 0 | AG10: 0 | AH10: ='상세 자료 작성 241025현실화'!I88/10^8 -> 0 | AI10: =AH10-AG10 -> 0 | AJ10: 0 | AK10: 0 | AL10: ='상세 자료 작성 241025현실화'!I100/10^8 -> 6.0365556 | AM10: =AL10-AK10 -> 6.0365556 | AN10: =AB10+AF10+AK10 -> 0 | AO10: =AC10+AG10+AK10 -> 0 | AP10: =AD10+AH10+AL10 -> 6.0365556 | AQ10: =AP10-AO10 -> 6.0365556 | AR10: 0 | AS10: 15.0102 | AT10: ='상세 자료 작성 241025현실화'!I112/10^8 -> 8.8857036 | AU10: =AT10-AS10 -> -6.1244964 | AV10: 0 | AW10: 0 | AX10: ='상세 자료 작성 241025현실화'!I123/10^8 -> 0 | AY10: =AX10-AW10 -> 0 | AZ10: 0 | BA10: 6.086664 | BB10: ='상세 자료 작성 241025현실화'!I134/10^8 -> 0 | BC10: =BB10-BA10 -> -6.086664 | BD10: =AR10+AV10+BA10 -> 6.086664 | BE10: =AS10+AW10+BA10 -> 21.096864 | BF10: =AT10+AX10+BB10 -> 8.8857036 | BG10: =BF10-BE10 -> -12.21116 | BK10: =E10 -> 116.64503 | BL10: 119.03242 | BM10: =BF10+AP10+Z10+H10 -> 112.85782 | BN10: =BM10-BL10 -> -6.1746048 | BP10: 112.85782 | BQ10: =BP10-BM10 -> 0
C11: 기타 | D11: 1.565954 | E11: 0 | F11: ='[1]1분기 실적'!R11 -> 1.565954 | G11: ='[1]1분기 실적'!S11 -> 0 | H11: =SUM('상세 자료 작성 241025현실화'!G8,'상세 자료 작성 241025현실화'!G19,'상세 자료 작성 241025현실화'!G30)/10^8 -> 0 | I11: =H11-G11 -> 0 | J11: ='[1]2023년 실적'!I44/10^8 -> 0 | K11: ='상세 자료 작성 241025현실화'!H42/10^8 -> 0 | L11: 0 | M11: ='상세 자료 작성 241025현실화'!I42/10^8 -> 0 | N11: =M11-L11 -> 0 | O11: ='상세 자료 작성 241025현실화'!H53/10^8 -> 0 | P11: 0 | Q11: ='상세 자료 작성 241025현실화'!I53/10^8 -> 0 | R11: =Q11-P11 -> 0 | S11: ='상세 자료 작성 241025현실화'!H64/10^8 -> 0 | T11: 0 | U11: ='상세 자료 작성 241025현실화'!I64/10^8 -> 0 | V11: =U11-T11 -> 0 | W11: =J11+#REF!+#REF! -> #REF! | X11: =K11+O11+S11 -> 0 | Y11: =L11+P11+T11 -> 0 | Z11: =M11+Q11+U11 -> 0 | AA11: =Z11-Y11 -> 0 | AB11: 0 | AC11: 0 | AD11: ='상세 자료 작성 241025현실화'!I77/10^8 -> 0 | AE11: =AD11-AC11 -> 0 | AF11: 0 | AG11: 0 | AH11: ='상세 자료 작성 241025현실화'!I89/10^8 -> 0 | AI11: =AH11-AG11 -> 0 | AJ11: 0 | AK11: 0 | AL11: ='상세 자료 작성 241025현실화'!I101/10^8 -> 0 | AM11: =AL11-AK11 -> 0 | AN11: =AB11+AF11+AJ11 -> 0 | AO11: =AC11+AG11+AK11 -> 0 | AP11: =AD11+AH11+AL11 -> 0 | AQ11: =AP11-AO11 -> 0 | AR11: 0 | AS11: 0 | AT11: ='상세 자료 작성 241025현실화'!I113/10^8 -> 0 | AU11: =AT11-AS11 -> 0 | AV11: 0 | AW11: 0 | AX11: ='상세 자료 작성 241025현실화'!I124/10^8 -> 0 | AY11: =AX11-AW11 -> 0 | AZ11: 0 | BA11: 0 | BB11: ='상세 자료 작성 241025현실화'!I135/10^8 -> 0 | BC11: =BB11-BA11 -> 0 | BD11: =AR11+AV11+AZ11 -> 0 | BE11: =AS11+AW11+BA11 -> 0 | BF11: =AT11+AX11+BB11 -> 0 | BG11: =BF11-BE11 -> 0 | BK11: =E11 -> 0 | BL11: 0 | BM11: =BF11+AP11+Z11+H11 -> 0 | BN11: =BM11-BL11 -> 0
C12: 내재화 | D12: 0 | E12: 75.9234 | F12: ='[1]1분기 실적'!R12 -> 0 | G12: ='[1]1분기 실적'!S12 -> 0 | H12: =SUM('상세 자료 작성 241025현실화'!G9,'상세 자료 작성 241025현실화'!G20,'상세 자료 작성 241025현실화'!G31)/10^8 -> 0 | I12: =H12-G12 -> 0 | J12: 0 | K12: ='상세 자료 작성 241025현실화'!H43/10^8 -> 0 | L12: 0 | M12: ='상세 자료 작성 241025현실화'!I43/10^8 -> 0 | N12: =M12-L12 -> 0 | O12: ='상세 자료 작성 241025현실화'!H54/10^8 -> 0 | P12: 0 | Q12: ='상세 자료 작성 241025현실화'!I54/10^8 -> 0 | R12: =Q12-P12 -> 0 | S12: ='상세 자료 작성 241025현실화'!H65/10^8 -> 1.3776 | T12: 4.9091658 | U12: ='상세 자료 작성 241025현실화'!I65/10^8 -> 4.9091658 | V12: =U12-T12 -> 0 | W12: 0 | X12: =K12+O12+S12 -> 1.3776 | Y12: =L12+P12+T12 -> 4.9091658 | Z12: =M12+Q12+U12 -> 4.9091658 | AA12: =Z12-Y12 -> 0 | AB12: 0.4676 | AC12: 0 | AD12: ='상세 자료 작성 241025현실화'!I78/10^8 -> 0 | AE12: =AD12-AC12 -> 0 | AF12: 3.2228 | AG12: 9.9891499 | AH12: ='상세 자료 작성 241025현실화'!I90/10^8 -> 10.580002 | AI12: =AH12-AG12 -> 0.59085179 | AJ12: 15.792 | AK12: 14.965843 | AL12: ='상세 자료 작성 241025현실화'!I102/10^8 -> 12.654025 | AM12: =AL12-AK12 -> -2.3118181 | AN12: =AB12+AF12+AJ12 -> 19.4824 | AO12: =AC12+AG12+AK12 -> 24.954993 | AP12: =AD12+AH12+AL12 -> 23.234027 | AQ12: =AP12-AO12 -> -1.7209663 | AR12: 28.68404 | AS12: 23.933188 | AT12: ='상세 자료 작성 241025현실화'!I114/10^8 -> 22.99195 | AU12: =AT12-AS12 -> -0.94123836 | AV12: 21.42252 | AW12: 27.691727 | AX12: ='상세 자료 작성 241025현실화'!I125/10^8 -> 26.563247 | AY12: =AX12-AW12 -> -1.1284798 | AZ12: 4.95684 | BA12: 7.394485 | BB12: ='상세 자료 작성 241025현실화'!I136/10^8 -> 8.6666487 | BC12: =BB12-BA12 -> 1.2721636 | BD12: =AR12+AV12+AZ12 -> 55.0634 | BE12: =AS12+AW12+BA12 -> 59.0194 | BF12: =AT12+AX12+BB12 -> 58.221846 | BG12: =BF12-BE12 -> -0.7975545 | BK12: =E12 -> 75.9234 | BL12: 88.88356 | BM12: =BF12+AP12+Z12+H12 -> 86.365039 | BN12: =BM12-BL12 -> -2.5185208 | BP12: 86.365039 | BQ12: =BP12-BM12 -> 0
B13: 바이오 상업 | D13: =SUM(D14:D15) -> 356.93434 | E13: =SUM(E14:E15) -> 817.87665 | F13: =SUM(F14:F15) -> 39.831548 | G13: =SUM(G14:G15) -> 124.96825 | H13: =SUM(H14:H15) -> 165.62409 | I13: =H13-G13 -> 40.655839 | J13: =SUM(J14:J15) -> 19.978148 | K13: =SUM(K14:K15) -> 50.647738 | L13: =SUM(L14:L15) -> 76.382117 | M13: =SUM(M14:M15) -> 76.382117 | N13: =M13-L13 -> 0 | O13: =SUM(O14:O15) -> 47.61177 | P13: =SUM(P14:P15) -> 59.586538 | Q13: =SUM(Q14:Q15) -> 59.586538 | R13: =Q13-P13 -> 0 | S13: =SUM(S14:S15) -> 45.502402 | T13: =SUM(T14:T15) -> 78.594936 | U13: =SUM(U14:U15) -> 79.15554 | V13: =U13-T13 -> 0.5606045 | W13: =SUM(W14:W15) -> #REF! | X13: =SUM(X14:X15) -> 143.76191 | Y13: =SUM(Y14:Y15) -> 214.56359 | Z13: =SUM(Z14:Z15) -> 215.12419 | AA13: =Z13-Y13 -> 0.5606045 | AB13: =SUM(AB14:AB15) -> 73.593108 | AC13: =SUM(AC14:AC15) -> 102.95315 | AD13: =SUM(AD14:AD15) -> 102.95315 | AE13: =AD13-AC13 -> 0 | AF13: =SUM(AF14:AF15) -> 89.593108 | AG13: =SUM(AG14:AG15) -> 153.1953 | AH13: =SUM(AH14:AH15) -> 136.47384 | AI13: =AH13-AG13 -> -16.721462 | AJ13: =SUM(AJ14:AJ15) -> 103.77491 | AK13: =SUM(AK14:AK15) -> 110.38957 | AL13: =SUM(AL14:AL15) -> 115.6814 | AM13: =AL13-AK13 -> 5.2918245 | AN13: =SUM(AN14:AN15) -> 266.96113 | AO13: =SUM(AO14:AO15) -> 366.53802 | AP13: =SUM(AP14:AP15) -> 355.10838 | AQ13: =AP13-AO13 -> -11.429638 | AR13: =SUM(AR14:AR15) -> 74.593108 | AS13: =SUM(AS14:AS15) -> 96.535077 | AT13: =SUM(AT14:AT15) -> 102.80316 | AU13: =AT13-AS13 -> 6.2680796 | AV13: =SUM(AV14:AV15) -> 51.593108 | AW13: =SUM(AW14:AW15) -> 72.826044 | AX13: =SUM(AX14:AX15) -> 62.973656 | AY13: =AX13-AW13 -> -9.8523876 | AZ13: =SUM(AZ14:AZ15) -> 155.99915 | BA13: =SUM(BA14:BA15) -> 91.879126 | BB13: =SUM(BB14:BB15) -> 88.368927 | BC13: =BB13-BA13 -> -3.5101993 | BD13: =SUM(BD14:BD15) -> 282.18536 | BE13: =SUM(BE14:BE15) -> 261.24025 | BF13: =SUM(BF14:BF15) -> 254.14574 | BG13: =BF13-BE13 -> -7.0945073 | BK13: =SUM(BK14:BK15) -> 817.87665 | BL13: 1008.5265 | BM13: =SUM(BM14:BM15) -> 990.0024 | BN13: =BM13-BL13 -> -18.524145
C14: L&P | D14: 96.150573 | E14: 115.1173 | F14: ='[1]1분기 실적'!R14 -> 20.213306 | G14: ='[1]1분기 실적'!S14 -> 28.779325 | H14: =SUM('상세 자료 작성 241025현실화'!G10,'상세 자료 작성 241025현실화'!G21,'상세 자료 작성 241025현실화'!G32)/10^8 -> 27.461327 | I14: =H14-G14 -> -1.3179974 | J14: ='[1]2023년 실적'!I46/10^8 -> 7.9903265 | K14: ='상세 자료 작성 241025현실화'!H44/10^8 -> 7.6219083 | L14: 13.044198 | M14: ='상세 자료 작성 241025현실화'!I44/10^8 -> 13.044198 | N14: =M14-L14 -> 0 | O14: ='상세 자료 작성 241025현실화'!H55/10^8 -> 11.564308 | P14: 10.134246 | Q14: ='상세 자료 작성 241025현실화'!I55/10^8 -> 10.134246 | R14: =Q14-P14 -> 0 | S14: ='상세 자료 작성 241025현실화'!H66/10^8 -> 9.5931083 | T14: 5.697387 | U14: ='상세 자료 작성 241025현실화'!I66/10^8 -> 5.697387 | V14: =U14-T14 -> 0 | W14: =J14+#REF!+#REF! -> #REF! | X14: =K14+O14+S14 -> 28.779325 | Y14: =L14+P14+T14 -> 28.875831 | Z14: =M14+Q14+U14 -> 28.875831 | AA14: =Z14-Y14 -> 0 | AB14: 9.5931083 | AC14: 3.5377528 | AD14: ='상세 자료 작성 241025현실화'!I79/10^8 -> 3.5377528 | AE14: =AD14-AC14 -> 0 | AF14: 9.5931083 | AG14: 2.866432 | AH14: ='상세 자료 작성 241025현실화'!I91/10^8 -> 0 | AI14: =AH14-AG14 -> -2.866432 | AJ14: 9.5931083 | AK14: 4.470168 | AL14: ='상세 자료 작성 241025현실화'!I103/10^8 -> 3.630593 | AM14: =AL14-AK14 -> -0.839575 | AN14: =AB14+AF14+AJ14 -> 28.779325 | AO14: =AC14+AG14+AK14 -> 10.874353 | AP14: =AD14+AH14+AL14 -> 7.1683458 | AQ14: =AP14-AO14 -> -3.706007 | AR14: 9.5931083 | AS14: 6.64072 | AT14: ='상세 자료 작성 241025현실화'!I115/10^8 -> 1.6385556 | AU14: =AT14-AS14 -> -5.0021644 | AV14: 9.5931083 | AW14: 4.5954 | AX14: ='상세 자료 작성 241025현실화'!I126/10^8 -> 0.5736836 | AY14: =AX14-AW14 -> -4.0217164 | AZ14: 9.5931083 | BA14: 6.140404 | BB14: ='상세 자료 작성 241025현실화'!I137/10^8 -> 5.458004 | BC14: =BB14-BA14 -> -0.6824 | BD14: =AR14+AV14+AZ14 -> 28.779325 | BE14: =AS14+AW14+BA14 -> 17.376524 | BF14: =AT14+AX14+BB14 -> 7.6702432 | BG14: =BF14-BE14 -> -9.7062808 | BK14: =E14 -> 115.1173 | BL14: 84.588036 | BM14: =BF14+AP14+Z14+H14 -> 71.175748 | BN14: =BM14-BL14 -> -13.412288 | BP14: 71.175748 | BQ14: =BP14-BM14 -> 0
C15: PFS | D15: 260.78377 | E15: 702.75935 | F15: ='[1]1분기 실적'!R15 -> 19.618242 | G15: ='[1]1분기 실적'!S15 -> 96.188924 | H15: =SUM('상세 자료 작성 241025현실화'!G11,'상세 자료 작성 241025현실화'!G22,'상세 자료 작성 241025현실화'!G33)/10^8 -> 138.16276 | I15: =H15-G15 -> 41.973836 | J15: ='[1]2023년 실적'!I47/10^8 -> 11.987822 | K15: ='상세 자료 작성 241025현실화'!H45/10^8 -> 43.02583 | L15: 63.337919 | M15: ='상세 자료 작성 241025현실화'!I45/10^8 -> 63.337919 | N15: =M15-L15 -> 0 | O15: ='상세 자료 작성 241025현실화'!H56/10^8 -> 36.047462 | P15: 49.452292 | Q15: ='상세 자료 작성 241025현실화'!I56/10^8 -> 49.452292 | R15: =Q15-P15 -> 0 | S15: ='상세 자료 작성 241025현실화'!H67/10^8 -> 35.909294 | T15: 72.897548 | U15: ='상세 자료 작성 241025현실화'!I67/10^8 -> 73.458153 | V15: =U15-T15 -> 0.5606045 | W15: =J15+#REF!+#REF! -> #REF! | X15: =K15+O15+S15 -> 114.98259 | Y15: =L15+P15+T15 -> 185.68776 | Z15: =M15+Q15+U15 -> 186.24836 | AA15: =Z15-Y15 -> 0.5606045 | AB15: 64 | AC15: 99.415392 | AD15: ='상세 자료 작성 241025현실화'!I80/10^8 -> 99.415392 | AE15: =AD15-AC15 -> 0 | AF15: 80 | AG15: 150.32887 | AH15: ='상세 자료 작성 241025현실화'!I92/10^8 -> 136.47384 | AI15: =AH15-AG15 -> -13.85503 | AJ15: 94.181802 | AK15: 105.91941 | AL15: ='상세 자료 작성 241025현실화'!I104/10^8 -> 112.05081 | AM15: =AL15-AK15 -> 6.1313995 | AN15: =AB15+AF15+AJ15 -> 238.1818 | AO15: =AC15+AG15+AK15 -> 355.66367 | AP15: =AD15+AH15+AL15 -> 347.94004 | AQ15: =AP15-AO15 -> -7.7236305 | AR15: 65 | AS15: 89.894357 | AT15: ='상세 자료 작성 241025현실화'!I116/10^8 -> 101.1646 | AU15: =AT15-AS15 -> 11.270244 | AV15: 42 | AW15: 68.230644 | AX15: ='상세 자료 작성 241025현실화'!I127/10^8 -> 62.399973 | AY15: =AX15-AW15 -> -5.8306712 | AZ15: 146.40604 | BA15: 85.738722 | BB15: ='상세 자료 작성 241025현실화'!I138/10^8 -> 82.910923 | BC15: =BB15-BA15 -> -2.8277993 | BD15: =AR15+AV15+AZ15 -> 253.40604 | BE15: =AS15+AW15+BA15 -> 243.86372 | BF15: =AT15+AX15+BB15 -> 246.4755 | BG15: =BF15-BE15 -> 2.6117735 | BK15: =E15 -> 702.75935 | BL15: 923.93851 | BM15: =BF15+AP15+Z15+H15 -> 918.82666 | BN15: =BM15-BL15 -> -5.111857 | BP15: 918.82666 | BQ15: =BP15-BM15 -> 0
B16: 개발 용역 | D16: =SUM(D17:D21) -> 118.06969 | E16: =SUM(E17:E21) -> 90.544 | F16: 25.294744 | G16: 40.87375 | H16: =SUM(H17:H21) -> 17.592843 | I16: =H16-G16 -> -23.280907 | J16: =SUM(J17:J21) -> 14.925705 | K16: =SUM(K17:K21) -> 5.81 | L16: =SUM(L17:L21) -> 13.149461 | M16: =SUM(M17:M21) -> 13.212586 | N16: =M16-L16 -> 0.063125 | O16: =SUM(O17:O21) -> 4.2325 | P16: =SUM(P17:P21) -> 21.1515 | Q16: =SUM(Q17:Q21) -> 21.241723 | R16: =Q16-P16 -> 0.09022345 | S16: =SUM(S17:S21) -> 5.10625 | T16: =SUM(T17:T21) -> 10.122249 | U16: =SUM(U17:U21) -> 10.274289 | V16: =U16-T16 -> 0.15204 | W16: =SUM(W17:W21) -> #REF! | X16: =SUM(X17:X21) -> 15.14875 | Y16: =SUM(Y17:Y21) -> 44.42321 | Z16: =SUM(Z17:Z21) -> 44.728598 | AA16: =Z16-Y16 -> 0.30538845 | AB16: =SUM(AB17:AB21) -> 3.0625 | AC16: =SUM(AC17:AC21) -> 5.991506 | AD16: =SUM(AD17:AD21) -> 6.152356 | AE16: =AD16-AC16 -> 0.16085 | AF16: =SUM(AF17:AF21) -> 0 | AG16: =SUM(AG17:AG21) -> 7.166236 | AH16: =SUM(AH17:AH21) -> 6.953068 | AI16: =AH16-AG16 -> -0.213168 | AJ16: =SUM(AJ17:AJ21) -> 0 | AK16: =SUM(AK17:AK21) -> 5.336236 | AL16: =SUM(AL17:AL21) -> 12.830316 | AM16: =AL16-AK16 -> 7.49408 | AN16: =SUM(AN17:AN21) -> 3.0625 | AO16: =SUM(AO17:AO21) -> 18.493978 | AP16: =SUM(AP17:AP21) -> 25.93574 | AQ16: =AP16-AO16 -> 7.441762 | AR16: =SUM(AR17:AR21) -> 3.63 | AS16: =SUM(AS17:AS21) -> 9.164686 | AT16: =SUM(AT17:AT21) -> 6.5898943 | AU16: =AT16-AS16 -> -2.5747917 | AV16: =SUM(AV17:AV21) -> 17.8715 | AW16: =SUM(AW17:AW21) -> 3.051236 | AX16: =SUM(AX17:AX21) -> 3.051236 | AY16: =AX16-AW16 -> 0 | AZ16: =SUM(AZ17:AZ21) -> 9.9575 | BA16: =SUM(BA17:BA21) -> 3.722486 | BB16: =SUM(BB17:BB21) -> 7.319986 | BC16: =BB16-BA16 -> 3.5975 | BD16: =SUM(BD17:BD21) -> 31.459 | BE16: =SUM(BE17:BE21) -> 15.938408 | BF16: =SUM(BF17:BF21) -> 16.961116 | BG16: =BF16-BE16 -> 1.0227083 | BK16: =SUM(BK17:BK21) -> 90.544 | BL16: 96.453827 | BM16: =SUM(BM17:BM21) -> 105.2183 | BN16: =BM16-BL16 -> 8.7644703
C17: GCP | D17: 8.513 | E17: 4.08 | F17: ='[1]1분기 실적'!R17 -> 1.47 | G17: ='[1]1분기 실적'!S17 -> 0.4 | H17: =SUM('상세 자료 작성 241025현실화'!G12,'상세 자료 작성 241025현실화'!G23,'상세 자료 작성 241025현실화'!G34)/10^8 -> 0.4 | I17: =H17-G17 -> 0 | J17: ='[1]2023년 실적'!I50/10^8 -> 0.628 | K17: ='상세 자료 작성 241025현실화'!H46/10^8 -> 0.6 | L17: 0.6 | M17: ='상세 자료 작성 241025현실화'!I46/10^8 -> 0.6 | N17: =M17-L17 -> 0 | O17: ='상세 자료 작성 241025현실화'!H57/10^8 -> 0.67 | P17: 0.67 | Q17: ='상세 자료 작성 241025현실화'!I57/10^8 -> 0.67 | R17: =Q17-P17 -> 0 | S17: ='상세 자료 작성 241025현실화'!H68/10^8 -> 0.67 | T17: 0.67 | U17: ='상세 자료 작성 241025현실화'!I68/10^8 -> 0.67 | V17: =U17-T17 -> 0 | W17: =J17+#REF!+#REF! -> #REF! | X17: =K17+O17+S17 -> 1.94 | Y17: =L17+P17+T17 -> 1.94 | Z17: =M17+Q17+U17 -> 1.94 | AA17: =Z17-Y17 -> 0 | AB17: 0 | AC17: 0 | AD17: ='상세 자료 작성 241025현실화'!I81/10^8 -> 0 | AE17: =AD17-AC17 -> 0 | AF17: 0 | AG17: 0 | AH17: ='상세 자료 작성 241025현실화'!I93/10^8 -> 0 | AI17: =AH17-AG17 -> 0 | AJ17: 0 | AK17: 0 | AL17: ='상세 자료 작성 241025현실화'!I105/10^8 -> 0.3 | AM17: =AL17-AK17 -> 0.3 | AN17: =AB17+AF17+AJ17 -> 0 | AO17: =AC17+AG17+AK17 -> 0 | AP17: =AB17+AG17+AL17 -> 0.3 | AQ17: =AP17-AO17 -> 0.3 | AR17: 0 | AS17: 0.3 | AT17: ='상세 자료 작성 241025현실화'!I117/10^8 -> 0 | AU17: =AT17-AS17 -> -0.3 | AV17: 1.07 | AW17: 0.67 | AX17: ='상세 자료 작성 241025현실화'!I128/10^8 -> 0.67 | AY17: =AX17-AW17 -> 0 | AZ17: 0.67 | BA17: 0.67 | BB17: ='상세 자료 작성 241025현실화'!I139/10^8 -> 0.67 | BC17: =BB17-BA17 -> 0 | BD17: =AR17+AV17+AZ17 -> 1.74 | BE17: =AS17+AW17+BA17 -> 1.64 | BF17: =AR17+AW17+BB17 -> 1.34 | BG17: =BF17-BE17 -> -0.3 | BK17: =E17 -> 4.08 | BL17: 3.68 | BM17: =BF17+AP17+Z17+H17 -> 3.98 | BN17: =BM17-BL17 -> 0.3 | BP17: 3.98 | BQ17: =BP17-BM17 -> 0
C18: LCM | D18: 12.795 | E18: 48.1875 | F18: ='[1]1분기 실적'!R18 -> 0.385 | G18: ='[1]1분기 실적'!S18 -> 29.2375 | H18: =SUM('상세 자료 작성 241025현실화'!G13,'상세 자료 작성 241025현실화'!G24,'상세 자료 작성 241025현실화'!G35)/10^8 -> 5.20375 | I18: =H18-G18 -> -24.03375 | J18: ='[1]2023년 실적'!I53/10^8 -> 0.54875 | K18: ='상세 자료 작성 241025현실화'!H47/10^8 -> 3.79 | L18: 0 | M18: ='상세 자료 작성 241025현실화'!I47/10^8 -> 0 | N18: =M18-L18 -> 0 | O18: ='상세 자료 작성 241025현실화'!H58/10^8 -> 1.835 | P18: 18.21375 | Q18: ='상세 자료 작성 241025현실화'!I58/10^8 -> 18.21375 | R18: =Q18-P18 -> 0 | S18: ='상세 자료 작성 241025현실화'!H69/10^8 -> 0.48 | T18: 3.5025 | U18: ='상세 자료 작성 241025현실화'!I69/10^8 -> 3.5025 | V18: =U18-T18 -> 0 | W18: =J18+#REF!+#REF! -> #REF! | X18: =K18+O18+S18 -> 6.105 | Y18: =L18+P18+T18 -> 21.71625 | Z18: =M18+Q18+U18 -> 21.71625 | AA18: =Z18-Y18 -> 0 | AB18: 3.0625 | AC18: 0 | AD18: ='상세 자료 작성 241025현실화'!I82/10^8 -> 0 | AE18: =AD18-AC18 -> 0 | AF18: 0 | AG18: 2.11875 | AH18: ='상세 자료 작성 241025현실화'!I94/10^8 -> 1.43875 | AI18: =AH18-AG18 -> -0.68 | AJ18: 0 | AK18: 0 | AL18: ='상세 자료 작성 241025현실화'!I106/10^8 -> 2.3 | AM18: =AL18-AK18 -> 2.3 | AN18: =AB18+AF18+AJ18 -> 3.0625 | AO18: =AC18+AG18+AK18 -> 2.11875 | AP18: =AD18+AH18+AL18 -> 3.73875 | AQ18: =AP18-AO18 -> 1.62 | AR18: 0 | AS18: 1.49 | AT18: ='상세 자료 작성 241025현실화'!I118/10^8 -> 0 | AU18: =AT18-AS18 -> -1.49 | AV18: 7.20875 | AW18: 0.385 | AX18: ='상세 자료 작성 241025현실화'!I129/10^8 -> 0.385 | AY18: =AX18-AW18 -> 0 | AZ18: 2.57375 | BA18: 0.46875 | BB18: ='상세 자료 작성 241025현실화'!I140/10^8 -> 1.40625 | BC18: =BB18-BA18 -> 0.9375 | BD18: =AR18+AV18+AZ18 -> 9.7825 | BE18: =AS18+AW18+BA18 -> 2.34375 | BF18: =AT18+AX18+BB18 -> 1.79125 | BG18: =BF18-BE18 -> -0.5525 | BK18: =E18 -> 48.1875 | BL18: 31.3825 | BM18: =BF18+AP18+Z18+H18 -> 32.45 | BN18: =BM18-BL18 -> 1.0675 | BP18: 32.45 | BQ18: =BP18-BM18 -> 0
C19: PFS 개발 | D19: 56.216117 | E19: 24.139 | F19: ='[1]1분기 실적'!R19 -> 3.2970829 | G19: ='[1]1분기 실적'!S19 -> 6.68 | H19: =SUM('상세 자료 작성 241025현실화'!G14,'상세 자료 작성 241025현실화'!G25,'상세 자료 작성 241025현실화'!G36)/10^8 -> 8.7447869 | I19: =H19-G19 -> 2.0647869 | J19: ='[1]2023년 실적'!I51/10^8 -> 7.1846943 | K19: ='상세 자료 작성 241025현실화'!H48/10^8 -> 1.42 | L19: 2.1164943 | M19: ='상세 자료 작성 241025현실화'!I48/10^8 -> 2.1164943 | N19: =M19-L19 -> 0 | O19: ='상세 자료 작성 241025현실화'!H59/10^8 -> 0.79 | P19: 1.4986943 | Q19: ='상세 자료 작성 241025현실화'!I59/10^8 -> 1.5257927 | R19: =Q19-P19 -> 0.02709845 | S19: ='상세 자료 작성 241025현실화'!H70/10^8 -> 0 | T19: 1.5462073 | U19: ='상세 자료 작성 241025현실화'!I70/10^8 -> 1.5462073 | V19: =U19-T19 -> 0 | W19: =J19+#REF!+#REF! -> #REF! | X19: =K19+O19+S19 -> 2.21 | Y19: =L19+P19+T19 -> 5.1613958 | Z19: =M19+Q19+U19 -> 5.1884943 | AA19: =Z19-Y19 -> 0.02709845 | AB19: 0 | AC19: 0.2366943 | AD19: ='상세 자료 작성 241025현실화'!I83/10^8 -> 0.3975443 | AE19: =AD19-AC19 -> 0.16085 | AF19: 0 | AG19: 1.7126943 | AH19: ='상세 자료 작성 241025현실화'!I95/10^8 -> 1.8626943 | AI19: =AH19-AG19 -> 0.15 | AJ19: 0 | AK19: 4.0826943 | AL19: ='상세 자료 작성 241025현실화'!I107/10^8 -> 6.7064943 | AM19: =AL19-AK19 -> 2.6238 | AN19: =AB19+AF19+AJ19 -> 0 | AO19: =AC19+AG19+AK19 -> 6.0320829 | AP19: =AD19+AH19+AL19 -> 8.9667329 | AQ19: =AP19-AO19 -> 2.93465 | AR19: 3.63 | AS19: 6.5898943 | AT19: ='상세 자료 작성 241025현실화'!I119/10^8 -> 6.5898943 | AU19: =AT19-AS19 -> 0 | AV19: 7.249 | AW19: 0.7426943 | AX19: ='상세 자료 작성 241025현실화'!I130/10^8 -> 0.7426943 | AY19: =AX19-AW19 -> 0 | AZ19: 4.37 | BA19: 0.3926943 | BB19: ='상세 자료 작성 241025현실화'!I141/10^8 -> 3.0526943 | BC19: =BB19-BA19 -> 2.66 | BD19: =AR19+AV19+AZ19 -> 15.249 | BE19: =AS19+AW19+BA19 -> 7.7252829 | BF19: =AT19+AX19+BB19 -> 10.385283 | BG19: =BF19-BE19 -> 2.66 | BK19: =E19 -> 24.139 | BL19: 27.690647 | BM19: =BF19+AP19+Z19+H19 -> 33.285297 | BN19: =BM19-BL19 -> 5.59465 | BP19: 33.285297 | BQ19: =BP19-BM19 -> 0
C20: 내재화 | D20: 35.67278 | E20: 14.1375 | F20: ='[1]1분기 실적'!R20 -> 18.7125 | G20: ='[1]1분기 실적'!S20 -> 4.55625 | H20: =SUM('상세 자료 작성 241025현실화'!G15,'상세 자료 작성 241025현실화'!G26,'상세 자료 작성 241025현실화'!G37)/10^8 -> 2.116 | I20: =H20-G20 -> -2.44025 | J20: ='[1]2023년 실적'!I52/10^8 -> 5.95 | K20: ='상세 자료 작성 241025현실화'!H49/10^8 -> 0 | L20: 9.9459167 | M20: ='상세 자료 작성 241025현실화'!I49/10^8 -> 10.009042 | N20: =M20-L20 -> 0.063125 | O20: ='상세 자료 작성 241025현실화'!H60/10^8 -> 0.9375 | P20: 0.25291667 | Q20: ='상세 자료 작성 241025현실화'!I60/10^8 -> 0.31604167 | R20: =Q20-P20 -> 0.063125 | S20: ='상세 자료 작성 241025현실화'!H71/10^8 -> 3.95625 | T20: 4.4035417 | U20: ='상세 자료 작성 241025현실화'!I71/10^8 -> 4.4035417 | V20: =U20-T20 -> 0 | W20: =J20+#REF!+#REF! -> #REF! | X20: =K20+O20+S20 -> 4.89375 | Y20: =L20+P20+T20 -> 14.602375 | Z20: =M20+Q20+U20 -> 14.728625 | AA20: =Z20-Y20 -> 0.12625 | AB20: 0 | AC20: 5.1445417 | AD20: ='상세 자료 작성 241025현실화'!I84/10^8 -> 5.1445417 | AE20: =AD20-AC20 -> 0 | AF20: 0 | AG20: 3.3347917 | AH20: ='상세 자료 작성 241025현실화'!I96/10^8 -> 3.3347917 | AI20: =AH20-AG20 -> 0 | AJ20: 0 | AK20: 1.2535417 | AL20: ='상세 자료 작성 241025현실화'!I108/10^8 -> 2.9412917 | AM20: =AL20-AK20 -> 1.68775 | AN20: =AB20+AF20+AJ20 -> 0 | AO20: =AC20+AG20+AK20 -> 9.732875 | AP20: =AD20+AH20+AL20 -> 11.420625 | AQ20: =AP20-AO20 -> 1.68775 | AR20: 0 | AS20: 0.78479167 | AT20: ='상세 자료 작성 241025현실화'!I120/10^8 -> 0 | AU20: =AT20-AS20 -> -0.78479167 | AV20: 2.34375 | AW20: 1.2535417 | AX20: ='상세 자료 작성 241025현실화'!I131/10^8 -> 1.2535417 | AY20: =AX20-AW20 -> 0 | AZ20: 2.34375 | BA20: 2.1910417 | BB20: ='상세 자료 작성 241025현실화'!I142/10^8 -> 2.1910417 | BC20: =BB20-BA20 -> 0 | BD20: =AR20+AV20+AZ20 -> 4.6875 | BE20: =AS20+AW20+BA20 -> 4.229375 | BF20: =AT20+AX20+BB20 -> 3.4445833 | BG20: =BF20-BE20 -> -0.78479167 | BK20: =E20 -> 14.1375 | BL20: 30.806875 | BM20: =BF20+AP20+Z20+H20 -> 31.709833 | BN20: =BM20-BL20 -> 0.90295833 | BP20: 31.709833 | BQ20: =BP20-BM20 -> 0
C21: 기타(QA위임등)* | D21: 4.8727884 | E21: 0 | F21: ='[1]1분기 실적'!R21 -> 1.4301612 | G21: ='[1]1분기 실적'!S21 -> 0 | H21: =SUM('상세 자료 작성 241025현실화'!G16,'상세 자료 작성 241025현실화'!G27,'상세 자료 작성 241025현실화'!G38)/10^8 -> 1.128306 | I21: =H21-G21 -> 1.128306 | J21: =SUM('[1]2023년 실적'!I54:I56)/10^8 -> 0.61426065 | K21: ='상세 자료 작성 241025현실화'!H50/10^8 -> 0 | L21: 0.48705 | M21: ='상세 자료 작성 241025현실화'!I50/10^8 -> 0.48705 | N21: =M21-L21 -> 0 | O21: ='상세 자료 작성 241025현실화'!H61/10^8 -> 0 | P21: 0.51613869 | Q21: ='상세 자료 작성 241025현실화'!I61/10^8 -> 0.51613869 | R21: =Q21-P21 -> 0 | S21: ='상세 자료 작성 241025현실화'!H72/10^8 -> 0 | T21: 0 | U21: ='상세 자료 작성 241025현실화'!I72/10^8 -> 0.15204 | V21: =U21-T21 -> 0.15204 | W21: =J21+#REF!+#REF! -> #REF! | X21: =K21+O21+S21 -> 0 | Y21: =L21+P21+T21 -> 1.0031887 | Z21: =M21+Q21+U21 -> 1.1552287 | AA21: =Z21-Y21 -> 0.15204 | AB21: 0 | AC21: 0.61027 | AD21: ='상세 자료 작성 241025현실화'!I85/10^8 -> 0.61027 | AE21: =AD21-AC21 -> 0 | AF21: 0 | AG21: 0 | AH21: ='상세 자료 작성 241025현실화'!I97/10^8 -> 0.316832 | AI21: =AH21-AG21 -> 0.316832 | AJ21: 0 | AK21: 0 | AL21: ='상세 자료 작성 241025현실화'!I109/10^8 -> 0.58253 | AM21: =AL21-AK21 -> 0.58253 | AN21: =AB21+AF21+AJ21 -> 0 | AO21: =AC21+AG21+AK21 -> 0.61027 | AP21: =AD21+AH21+AL21 -> 1.509632 | AQ21: =AP21-AO21 -> 0.899362 | AR21: 0 | AS21: 0 | AT21: ='상세 자료 작성 241025현실화'!I121/10^8 -> 0 | AU21: =AT21-AS21 -> 0 | AV21: 0 | AW21: 0 | AX21: ='상세 자료 작성 241025현실화'!I132/10^8 -> 0 | AY21: =AX21-AW21 -> 0 | AZ21: 0 | BA21: 0 | BB21: ='상세 자료 작성 241025현실화'!I143/10^8 -> 0 | BC21: =BB21-BA21 -> 0 | BD21: =AR21+AV21+AZ21 -> 0 | BE21: =AS21+AW21+BA21 -> 0 | BF21: =AT21+AX21+BB21 -> 0 | BG21: =BF21-BE21 -> 0 | BK21: =E21 -> 0 | BL21: 2.8938047 | BM21: =BF21+AP21+Z21+H21 -> 3.7931667 | BN21: =BM21-BL21 -> 0.899362 | BP21: 1.63308 | BQ21: =BP21-BM21 -> -2.1600867
B22: 국내영업 | D22: =SUM(D23:D25) -> 0 | E22: =SUM(E23:E25) -> 3392.2517 | F22: =SUM(F23:F25) -> 0 | G22: =SUM(G23:G25) -> 672.24237 | H22: =SUM(H23:H25) -> 672.24237 | I22: =SUM(I23:I25) -> 0 | J22: =SUM(J23:J25) -> 0 | K22: =SUM(K23:K25) -> 236.81199 | M22: =SUM(M23:M25) -> 236.81199 | N22: =SUM(N23:N25) -> 0 | O22: =SUM(O23:O25) -> 280.61593 | Q22: =SUM(Q23:Q25) -> 280.61593 | R22: =SUM(R23:R25) -> 0 | S22: =SUM(S23:S25) -> 364.64057 | U22: =SUM(U23:U25) -> 364.64057 | V22: =SUM(V23:V25) -> 0 | W22: =SUM(W23:W25) -> 0 | X22: =SUM(X23:X25) -> 882.06849 | Z22: =SUM(Z23:Z25) -> 882.06849 | AA22: =SUM(AA23:AA25) -> 0 | AB22: =SUM(AB23:AB25) -> 280.61593 | AD22: =SUM(AD23:AD25) -> 280.61593 | AE22: =SUM(AE23:AE25) -> 0 | AU22: =SUM(AU23:AU25) -> 0 | BK22: =SUM(BK23:BK25) -> 0 | BL22: =SUM(BL23:BL25) -> 3392.2517 | BM22: =SUM(BM23:BM25) -> 3392.2517 | BN22: =SUM(BN23:BN25) -> 0
C23: 케미컬 | D23: 0 | E23: 1869.8805 | F23: 0 | G23: 404.56184 | H23: 404.56184 | I23: =H23-G23 -> 0 | J23: 0 | K23: 157.15481 | M23: 157.15481 | N23: =M23-K23 -> 0 | O23: 170.53756 | Q23: 170.53756 | R23: =Q23-O23 -> 0 | S23: 194.32657 | U23: 194.32657 | V23: =U23-S23 -> 0 | W23: 0 | X23: =K23+O23+S23 -> 522.01894 | Z23: =M23+Q23+U23 -> 522.01894 | AA23: =Z23-X23 -> 0 | AB23: 170.53756 | AD23: 170.53756 | AE23: =AD23-AB23 -> 0 | AU23: =AT23-AR23 -> 0 | BK23: 0 | BL23: =E23 -> 1869.8805 | BM23: =BL23 -> 1869.8805 | BN23: =BM23-BL23 -> 0
C24: 바이오 | D24: 0 | E24: 1000 | F24: 0 | G24: 214.70497 | H24: 214.70497 | I24: =H24-G24 -> 0 | J24: 0 | K24: 57.938842 | M24: 57.938842 | N24: =M24-K24 -> 0 | O24: 86.908263 | Q24: 86.908263 | R24: =Q24-O24 -> 0 | S24: 144.97406 | U24: 144.97406 | V24: =U24-S24 -> 0 | W24: 0 | X24: =K24+O24+S24 -> 289.82116 | Z24: =M24+Q24+U24 -> 289.82116 | AA24: =Z24-X24 -> 0 | AB24: 86.908263 | AD24: 86.908263 | AE24: =AD24-AB24 -> 0 | AU24: =AT24-AR24 -> 0 | BK24: 0 | BL24: =E24 -> 1000 | BM24: =BL24 -> 1000 | BN24: =BM24-BL24 -> 0
C25: APAC | D25: 0 | E25: 522.37127 | F25: 0 | G25: 52.975551 | H25: 52.975551 | I25: =H25-G25 -> 0 | J25: 0 | K25: 21.718335 | M25: 21.718335 | N25: =M25-K25 -> 0 | O25: 23.17011 | Q25: 23.17011 | R25: =Q25-O25 -> 0 | S25: 25.339943 | U25: 25.339943 | V25: =U25-S25 -> 0 | W25: 0 | X25: =K25+O25+S25 -> 70.228388 | Z25: =M25+Q25+U25 -> 70.228388 | AA25: =Z25-X25 -> 0 | AB25: 23.17011 | AD25: 23.17011 | AE25: =AD25-AB25 -> 0 | AU25: =AT25-AR25 -> 0 | BK25: 0 | BL25: =E25 -> 522.37127 | BM25: =BL25 -> 522.37127 | BN25: =BM25-BL25 -> 0
B26: *기타 : 약물감시, IIT 용역 추가 반영
B27: ※ 연간 롤링 계획 특이사항 : 8/7 현실화 대비 19억원 감소 (1,313억원 → 1,294억원)
B29: ※ 롤링 이력
V30: (단위 : 억원) | Y30: *바이오 포장 FCST 비교 | AG30: (단위 : 만개)
C31: 구분 | E31: 금액 | G31: 증감 | K31: 비고
C32: 사업계획 | E32: 1101 | BQ32: 8/7 기준 | BR32: 9/4기준
C33: 2024.04.09 | E33: 1337 | G33: =E33-E32 -> 236 | K33: - 바이오상업 : 시린지 수급 개선 및 조립/포장 물량 증가에 따른 매출 증가 | BP33: 충전 | BQ33: 39535369300 | BR33: 40700737600 | BS33: =BR33-BQ33 -> 1165368300 | BT33: =BS33/10^8 -> 11.653683
C34: 2024.05.14 | E34: 1341 | G34: =E34-E33 -> 4 | K34: - 케미컬상업 : FCST 변경에 따른 감소 (-7억) - 바이오상업 : PFS 이물검사 기간 단축 (+2억) - 개발용역 : M07 중단 선수금 일괄 매출 인식 (+7억), PFS 안정성 등 (+1억) | BP34: 조립 | BQ34: 40906658600 | BR34: 42993797800 | BS34: =BR34-BQ34 -> 2087139200 | BT34: =BS34/10^8 -> 20.871392
C35: 2024.05.20 | E35: 1280 | G35: =E35-E34 -> -61 | K35: - 바이오상업 : 5월 FCST 물량 축소에 따른 감소 (PFS -44억, L&P 17억) 1) PFS포장 : 419만개 → 215만개(-204만개) 2) L&P포장 : 379만개 → 329만개(-50만개) | BP35: 포장 | BQ35: 11220431200 | BR35: 7917373450 | BS35: =BR35-BQ35 -> -3303057750 | BT35: =BS35/10^8 -> -33.030577
C36: 2024.06.14 | E36: 1321.0488 | G36: =E36-E35 -> 41.048818 | K36: - 케미컬상업 : 내재화 FCST 변경 (+33억, 121배치 → 151배치) - 바이오상업 : 출하 승인 단축 및 제품 믹스업에 따른 변경 (+6억) | BP36: LP
C37: 2024.07.04 | E37: 1317.3105 | G37: =E37-E36 -> -3.7383521 | K37: - 바이오상업 : 6월 FCST 포장 물량 증가에 따른 증가 (PFS +11억) 1) PFS포장 : 215만개 → 255만개(+40만개)
C38: 2024.08.07 | E38: =BL8 -> 1312.8964 | G38: =E38-E37 -> -4.4141077 | K38: - 케미컬상업 : G07 10배치 수주 가능성 낮아 매출 제외(-6억원, 내재화 FCST 선적 기준 현실화 적용 (-17억원, '24.12월 → '25.1월) - 바이오상업 : PFS/VIAL 수율 증가 및 생산계획 조정에 따른 증가 (+6억원)
C39: 2024.09.04 | E39: =BM8 -> 1294.4436 | G39: =E39-E38 -> -18.4528 | K39: - 케미컬상업 : G07 10배치 수주 가능성 낮아 매출 제외(-6억원) - 바이오상업 : 8월 포장 FCST 반영 롤링 (-18억원) 1) PFS : 충전/조립 출하 승인 단축(+26억), 8월 포장FCST 감소(-33억, 241만개→190만개) 2) L&P포장 : 8월 포장FCST 감소 (-11억, 346만→326만) - 개발용역 : 연간 매출 조정 - PFS PKV추가(+3억), L06 안정성 3M(0.5억), 3분기 공급망내재화 금액(+0.9억) | Y39: *Make-up Item (10억원) 1) PFS 수율 상승 : 9~12월, 약 6억 예상 2) CT-P17 10mg PV 12월 수행 시 Protocol 4억
H42: 구분 | L42: 7월 | M42: 8월 | N42: 9월 | O42: 10월 | P42: 11월 | Q42: 12월
H43: PFS | K43: 7월FCST | L43: 18 | M43: 15 | N43: 28 | O43: 33 | P43: 42 | Q43: 36
K44: 8월FCST | L44: 18 | M44: 19 | N44: 14 | O44: 19 | P44: 17 | Q44: 35
H45: GAP | L45: =L44-L43 -> 0 | M45: =M44-M43 -> 4 | N45: =N44-N43 -> -14 | O45: =O44-O43 -> -14 | P45: =P44-P43 -> -25 | Q45: =Q44-Q43 -> -1
H46: L&P | K46: 7월FCST | L46: 14 | M46: 20 | N46: 25 | O46: 18 | P46: 24 | Q46: 11
K47: 8월FCST | L47: 14 | M47: 3 | N47: 16 | O47: 15 | P47: 15 | Q47: 25
H48: GAP | L48: =L47-L46 -> 0 | M48: =M47-M46 -> -17 | N48: =N47-N46 -> -9 | O48: =O47-O46 -> -3 | P48: =P47-P46 -> -9 | Q48: =Q47-Q46 -> 14
H49: *PFS바인딩 : 1~2개월(100%), 3개월(70%), 이후 Non
H50: *L&P바인딩 : 1개월(100%), 2개월(70%), 3개월(50%), 이후 Non

Sheet 연간 에상 (사장님보고)
A1: 23년 CMO 매출 예상실적
AD2: 2023.09.05
A3: ■ 3분기 매출 : 사업계획 대비 11억 미달 예상되나, 3분기 누적 23억 초과 예상됨
AD4: 단위 : 억원
A5: 구분 | D5: 22년 실적 | E5: 23년 목표 | F5: 상반기 | I5: 3분기 | U5: 3분기 누적 | X5: 4분기 | AB5: 연간 합계
F6: 목표 | G6: 실적 | H6: 차이 | I6: 7월 | L6: 8월 | O6: 9월 | R6: 3분기 소계 | U6: 목표 | V6: 전망 | W6: 차이 | X6: 목표 | Y6: 전망 | Z6: 차이 | AB6: 목표 | AC6: 전망 | AD6: 차이
I7: 목표 | J7: 실적 | K7: 차이 | L7: 목표 | M7: 실적 | N7: 차이 | O7: 목표 | P7: 전망 | Q7: 차이 | R7: 목표 | S7: 전망 | T7: 차이
B8: CMO 합계 | D8: =D9+D12+D15 -> #REF! | E8: =E9+E12+E15 -> #REF! | F8: =F9+F12+F15 -> #REF! | G8: =G9+G12+G15 -> #REF! | H8: =H9+H12+H15 -> #REF! | I8: =I9+I12+I15 -> #REF! | J8: =J9+J12+J15 -> #REF! | K8: =J8-I8 -> #REF! | L8: =L9+L12+L15 -> #REF! | M8: =M9+M12+M15 -> #REF! | N8: =M8-L8 -> #REF! | O8: =O9+O12+O15 -> #REF! | P8: =P9+P12+P15 -> #REF! | Q8: =P8-O8 -> #REF! | R8: =R9+R12+R15 -> #REF! | S8: =S9+S12+S15 -> #REF! | T8: =S8-R8 -> #REF! | U8: =U9+U12+U15 -> #REF! | V8: =V9+V12+V15 -> #REF! | W8: =V8-U8 -> #REF! | X8: =X9+X12+X15 -> #REF! | Y8: =Y9+Y12+Y15 -> #REF! | Z8: =Y8-X8 -> #REF! | AB8: =AB9+AB12+AB15 -> #REF! | AC8: =AC9+AC12+AC15 -> #REF! | AD8: =AC8-AB8 -> #REF!
B9: 케미컬 상업 | D9: =SUM(D10:D11) -> 549.53106 | E9: =SUM(E10:E11) -> 595.19048 | F9: =SUM(F10:F11) -> #REF! | G9: =SUM(G10:G11) -> #REF! | H9: =SUM(H10:H11) -> #REF! | I9: =SUM(I10:I11) -> #REF! | J9: =SUM(J10:J11) -> #REF! | K9: =J9-I9 -> #REF! | L9: =SUM(L10:L11) -> #REF! | M9: =SUM(M10:M11) -> #REF! | N9: =M9-L9 -> #REF! | O9: =SUM(O10:O11) -> #REF! | P9: =SUM(P10:P11) -> #REF! | Q9: =P9-O9 -> #REF! | R9: =SUM(R10:R11) -> #REF! | S9: =SUM(S10:S11) -> #REF! | T9: =S9-R9 -> #REF! | U9: =SUM(U10:U11) -> #REF! | V9: =SUM(V10:V11) -> #REF! | W9: =V9-U9 -> #REF! | X9: =SUM(X10:X11) -> #REF! | Y9: =SUM(Y10:Y11) -> #REF! | Z9: =Y9-X9 -> #REF! | AB9: =SUM(AB10:AB11) -> #REF! | AC9: =SUM(AC10:AC11) -> #REF! | AD9: =AC9-AB9 -> #REF!
C10: G07 | D10: 529.0366 | E10: 586.22559 | F10: =#REF!+#REF! -> #REF! | G10: =#REF!+#REF! -> #REF! | H10: =G10-F10 -> #REF! | I10: =#REF! -> #REF! | J10: =#REF! -> #REF! | K10: =J10-I10 -> #REF! | L10: =#REF! -> #REF! | M10: =#REF! -> #REF! | N10: =M10-L10 -> #REF! | O10: =#REF! -> #REF! | P10: =#REF! -> #REF! | Q10: =P10-O10 -> #REF! | R10: =I10+L10+O10 -> #REF! | S10: =J10+M10+P10 -> #REF! | T10: =S10-R10 -> #REF! | U10: =R10+F10 -> #REF! | V10: =S10+G10 -> #REF! | W10: =V10-U10 -> #REF! | X10: =#REF! -> #REF! | Y10: =#REF! -> #REF! | Z10: =Y10-X10 -> #REF! | AB10: =F10+R10+X10 -> #REF! | AC10: =G10+S10+Y10 -> #REF! | AD10: =AC10-AB10 -> #REF!
C11: 기타 | D11: 20.494454 | E11: 8.964888 | F11: =#REF!+#REF! -> #REF! | G11: =#REF!+#REF! -> #REF! | H11: =G11-F11 -> #REF! | I11: =#REF! -> #REF! | J11: =#REF! -> #REF! | K11: =J11-I11 -> #REF! | L11: =#REF! -> #REF! | M11: =#REF! -> #REF! | N11: =M11-L11 -> #REF! | O11: =#REF! -> #REF! | P11: =#REF! -> #REF! | Q11: =P11-O11 -> #REF! | R11: =I11+L11+O11 -> #REF! | S11: =J11+M11+P11 -> #REF! | T11: =S11-R11 -> #REF! | U11: =R11+F11 -> #REF! | V11: =S11+G11 -> #REF! | W11: =V11-U11 -> #REF! | X11: =#REF! -> #REF! | Y11: =#REF! -> #REF! | Z11: =Y11-X11 -> #REF! | AB11: =F11+R11+X11 -> #REF! | AC11: =G11+S11+Y11 -> #REF! | AD11: =AC11-AB11 -> #REF!
B12: 바이오 상업 | D12: =SUM(D13:D14) -> 75.481553 | E12: =SUM(E13:E14) -> 118.82992 | F12: =SUM(F13:F14) -> #REF! | G12: =SUM(G13:G14) -> #REF! | H12: =SUM(H13:H14) -> #REF! | I12: =SUM(I13:I14) -> #REF! | J12: =SUM(J13:J14) -> #REF! | K12: =J12-I12 -> #REF! | L12: =SUM(L13:L14) -> #REF! | M12: =SUM(M13:M14) -> #REF! | N12: =M12-L12 -> #REF! | O12: =SUM(O13:O14) -> #REF! | P12: =SUM(P13:P14) -> #REF! | Q12: =P12-O12 -> #REF! | R12: =SUM(R13:R14) -> #REF! | S12: =SUM(S13:S14) -> #REF! | T12: =S12-R12 -> #REF! | U12: =SUM(U13:U14) -> #REF! | V12: =SUM(V13:V14) -> #REF! | W12: =V12-U12 -> #REF! | X12: =SUM(X13:X14) -> #REF! | Y12: =SUM(Y13:Y14) -> #REF! | Z12: =Y12-X12 -> #REF! | AB12: =SUM(AB13:AB14) -> #REF! | AC12: =SUM(AC13:AC14) -> #REF! | AD12: =AC12-AB12 -> #REF! | AF12: 3분기 기존 보고대비 +4.0억
C13: L&P | D13: 65.199322 | E13: 85.205765 | F13: =#REF!+#REF! -> #REF! | G13: =#REF!+#REF! -> #REF! | H13: =G13-F13 -> #REF! | I13: =#REF! -> #REF! | J13: =#REF! -> #REF! | K13: =J13-I13 -> #REF! | L13: =#REF! -> #REF! | M13: =#REF! -> #REF! | N13: =M13-L13 -> #REF! | O13: =#REF! -> #REF! | P13: =#REF! -> #REF! | Q13: =P13-O13 -> #REF! | R13: =I13+L13+O13 -> #REF! | S13: =J13+M13+P13 -> #REF! | T13: =S13-R13 -> #REF! | U13: =R13+F13 -> #REF! | V13: =S13+G13 -> #REF! | W13: =V13-U13 -> #REF! | X13: =#REF! -> #REF! | Y13: =#REF! -> #REF! | Z13: =Y13-X13 -> #REF! | AB13: =F13+R13+X13 -> #REF! | AC13: =G13+S13+Y13 -> #REF! | AD13: =AC13-AB13 -> #REF! | AF13: 9월 자동라인 2교대 적용으로 물량 증가 +4.5억
C14: PFS | D14: 10.282231 | E14: 33.624157 | F14: =#REF!+#REF! -> #REF! | G14: =#REF!+#REF! -> #REF! | H14: =G14-F14 -> #REF! | I14: =#REF! -> #REF! | J14: =#REF! -> #REF! | K14: =J14-I14 -> #REF! | L14: =#REF! -> #REF! | M14: =#REF! -> #REF! | N14: =M14-L14 -> #REF! | O14: =#REF! -> #REF! | P14: =#REF! -> #REF! | Q14: =P14-O14 -> #REF! | R14: =I14+L14+O14 -> #REF! | S14: =J14+M14+P14 -> #REF! | T14: =S14-R14 -> #REF! | U14: =R14+F14 -> #REF! | V14: =S14+G14 -> #REF! | W14: =V14-U14 -> #REF! | X14: =#REF! -> #REF! | Y14: =#REF! -> #REF! | Z14: =Y14-X14 -> #REF! | AB14: =F14+R14+X14 -> #REF! | AC14: =G14+S14+Y14 -> #REF! | AD14: =AC14-AB14 -> #REF! | AF14: PFS 3분기 실질 PO수량 조정 -0.5억
